X Filtered Pixel; Y Filtered Pixel; X Filtered Normalized; Y Filtered Normalized; X Raw Normalized; Y Raw Normalized; Distance to Camera in mm; Eye Aspect Ratio (Height/Width); Blinking; Timestamp With Milliseconds; Unix Timestamp In Milliseconds; AOI List; Additional Notes
47;210;0.06477162;0.5597264;0.06477162;0.5597264;452.3;0.1586019;False;6/1/2026 7:03:08 PM:131;1780315388131;;
48;229;0.06632742;0.6111013;0.09171794;0.7982505;450.3;0.1688882;False;6/1/2026 7:03:08 PM:277;1780315388277;;
103;227;0.1407975;0.6061182;0.2969881;0.5656465;459.8;0.1600998;False;6/1/2026 7:03:08 PM:419;1780315388419;;
132;214;0.1811167;0.5714819;0.3212323;0.4143403;472.3;0.151455;False;6/1/2026 7:03:08 PM:546;1780315388546;;
147;214;0.2006526;0.5710434;0.3218964;0.5504723;480.0;0.1394508;False;6/1/2026 7:03:08 PM:672;1780315388672;;
148;206;0.2022946;0.5503252;0.2662497;0.4066881;488.8;0.1613017;False;6/1/2026 7:03:08 PM:806;1780315388806;;
146;211;0.1997561;0.5621771;0.1859649;0.6328697;495.3;0.1506611;False;6/1/2026 7:03:08 PM:941;1780315388941;;
158;211;0.215997;0.5627798;0.3164674;0.5814369;500.0;0.1600842;False;6/1/2026 7:03:09 PM:55;1780315389055;;
157;211;0.2140665;0.5626935;0.199749;0.5538539;505.8;0.161352;False;6/1/2026 7:03:09 PM:173;1780315389173;;
157;214;0.2146862;0.5703377;0.2480563;0.6527275;511.0;0.1558414;False;6/1/2026 7:03:09 PM:287;1780315389287;;
158;214;0.215887;0.5695346;0.2561919;0.5533278;515.6;0.158542;False;6/1/2026 7:03:09 PM:424;1780315389424;;
155;214;0.211609;0.5710418;0.1792742;0.6133763;518.7;0.1567222;False;6/1/2026 7:03:09 PM:535;1780315389535;;
156;216;0.2132812;0.5766804;0.2444585;0.6553076;519.2;0.1605724;False;6/1/2026 7:03:09 PM:677;1780315389677;;
151;217;0.2059844;0.579205;0.1565417;0.6547666;520.4;0.1551852;False;6/1/2026 7:03:09 PM:795;1780315389795;;
151;218;0.2057986;0.5799623;0.1930773;0.616683;520.5;0.1556609;False;6/1/2026 7:03:09 PM:918;1780315389918;;
149;222;0.2034638;0.5909491;0.161093;0.728926;517.1;0.1573747;False;6/1/2026 7:03:09 PM:996;1780315389996;;
147;222;0.2013571;0.5916805;0.1540119;0.641324;513.2;0.1744483;False;6/1/2026 7:03:10 PM:67;1780315390067;;
153;219;0.2092731;0.5829474;0.2776569;0.4911857;508.5;0.1673392;False;6/1/2026 7:03:10 PM:119;1780315390119;;
155;214;0.212516;0.5715085;0.2606936;0.450199;505.0;0.1707072;False;6/1/2026 7:03:10 PM:170;1780315390170;;
159;214;0.2177714;0.5712878;0.2812971;0.5547149;501.9;0.1707479;False;6/1/2026 7:03:10 PM:228;1780315390228;;
160;214;0.2182277;0.571574;0.2469215;0.5926948;497.8;0.166973;False;6/1/2026 7:03:10 PM:279;1780315390279;;
160;187;0.2183049;0.4989843;0.2321636;0.1978863;496.6;0.1688379;False;6/1/2026 7:03:10 PM:338;1780315390338;;
160;192;0.2183205;0.5121985;0.2348565;0.629459;492.9;0.1682411;False;6/1/2026 7:03:10 PM:407;1780315390407;;
152;177;0.2074271;0.4731055;0.1246393;0.2426314;488.3;0.1712372;False;6/1/2026 7:03:10 PM:463;1780315390463;;
145;181;0.1976965;0.4833202;0.1120535;0.5961515;485.8;0.164287;False;6/1/2026 7:03:10 PM:518;1780315390518;;
141;185;0.1923145;0.4928779;0.1213136;0.6124451;483.5;0.1642448;False;6/1/2026 7:03:10 PM:577;1780315390577;;
137;178;0.1868768;0.4750398;0.1093235;0.3288784;481.3;0.1679471;False;6/1/2026 7:03:10 PM:635;1780315390635;;
135;174;0.1844755;0.4639005;0.1203111;0.3336151;481.7;0.1578355;False;6/1/2026 7:03:10 PM:693;1780315390693;;
136;180;0.1855767;0.480039;0.1996859;0.6105036;481.4;0.164466;False;6/1/2026 7:03:10 PM:760;1780315390760;;
125;176;0.1711109;0.4706452;0.05828211;0.3577321;480.3;0.1655749;False;6/1/2026 7:03:10 PM:820;1780315390820;;
124;180;0.1691446;0.4787351;0.1066203;0.5781286;478.4;0.1619167;False;6/1/2026 7:03:10 PM:878;1780315390878;;
123;182;0.168567;0.4866252;0.1389869;0.5918354;476.4;0.1643093;False;6/1/2026 7:03:10 PM:945;1780315390945;;
119;172;0.1630398;0.4593328;0.07248558;0.2634653;474.7;0.1600773;False;6/1/2026 7:03:10 PM:992;1780315390992;;
117;172;0.1594138;0.4579732;0.0773681;0.4097594;473.2;0.1600922;False;6/1/2026 7:03:11 PM:44;1780315391044;;
130;181;0.178028;0.4839346;0.2633737;0.6567029;470.9;0.1579115;False;6/1/2026 7:03:11 PM:113;1780315391113;;
135;176;0.1841913;0.4702418;0.2423761;0.3387964;469.6;0.1612894;False;6/1/2026 7:03:11 PM:169;1780315391169;;
135;175;0.1845542;0.4664809;0.1975075;0.3914266;468.6;0.1706777;False;6/1/2026 7:03:11 PM:231;1780315391231;;
136;179;0.1855132;0.4762995;0.2105128;0.5800496;469.4;0.1718427;False;6/1/2026 7:03:11 PM:298;1780315391298;;
136;163;0.1856278;0.4339611;0.1987236;0.1783415;469.6;0.1681193;False;6/1/2026 7:03:11 PM:345;1780315391345;;
136;144;0.1858695;0.3832082;0.2042826;0.09731831;469.8;0.1681357;False;6/1/2026 7:03:11 PM:395;1780315391395;;
140;153;0.1913569;0.408186;0.2552064;0.5613933;470.5;0.1644856;False;6/1/2026 7:03:11 PM:466;1780315391466;;
139;157;0.1906181;0.4182625;0.1747081;0.5421907;471.1;0.1647536;False;6/1/2026 7:03:11 PM:521;1780315391521;;
141;145;0.1923572;0.3868971;0.2376629;0.1800081;470.8;0.1635006;False;6/1/2026 7:03:11 PM:572;1780315391572;;
138;156;0.1892841;0.4153573;0.1521275;0.5986114;469.8;0.1668973;False;6/1/2026 7:03:11 PM:640;1780315391640;;
138;149;0.1892397;0.3982047;0.1848497;0.240508;470.8;0.1654661;False;6/1/2026 7:03:11 PM:687;1780315391687;;
138;140;0.1892418;0.3725764;0.1915275;0.1652108;471.6;0.1656187;False;6/1/2026 7:03:11 PM:732;1780315391732;;
139;151;0.1896865;0.4041408;0.2085087;0.586027;472.3;0.1667783;False;6/1/2026 7:03:11 PM:802;1780315391802;;
139;137;0.189613;0.3649227;0.1840376;0.1130931;471.5;0.1636081;False;6/1/2026 7:03:11 PM:845;1780315391845;;
136;128;0.185392;0.3430777;0.1268932;0.1483594;472.3;0.1616196;False;6/1/2026 7:03:11 PM:893;1780315391893;;
127;137;0.1732149;0.3666092;0.07652733;0.5315896;473.4;0.1605252;False;6/1/2026 7:03:11 PM:952;1780315391952;;
122;127;0.1666099;0.3382967;0.08077476;0.1262269;474.3;0.1685452;False;6/1/2026 7:03:12 PM:0;1780315392000;;
116;127;0.1585539;0.3382084;0.06173789;0.3157616;475.2;0.1685328;False;6/1/2026 7:03:12 PM:52;1780315392052;;
115;142;0.1568358;0.3781712;0.09697198;0.5809759;475.4;0.161866;False;6/1/2026 7:03:12 PM:123;1780315392123;;
113;141;0.1547588;0.3765766;0.08492187;0.3326778;475.5;0.1615178;False;6/1/2026 7:03:12 PM:175;1780315392175;;
113;137;0.1541481;0.3666976;0.09531761;0.2415201;474.5;0.1683207;False;6/1/2026 7:03:12 PM:227;1780315392227;;
112;147;0.1533152;0.3930933;0.1259531;0.5725349;473.7;0.162274;False;6/1/2026 7:03:12 PM:286;1780315392286;;
111;128;0.1523374;0.3420865;0.09340765;0.0680245;474.5;0.1607569;False;6/1/2026 7:03:12 PM:334;1780315392334;;
111;127;0.1520327;0.3391762;0.1459656;0.2661359;475.2;0.1607298;False;6/1/2026 7:03:12 PM:391;1780315392391;;
118;144;0.1608668;0.3832012;0.2202735;0.5960422;475.7;0.161442;False;6/1/2026 7:03:12 PM:462;1780315392462;;
115;128;0.1570225;0.3418598;0.09240628;0.09404813;475.8;0.1621777;False;6/1/2026 7:03:12 PM:510;1780315392510;;
115;116;0.1570142;0.3087976;0.1351794;0.0699462;474.9;0.1579745;False;6/1/2026 7:03:12 PM:557;1780315392557;;
109;116;0.1492098;0.3099934;0.06146866;0.3385177;475.2;0.1619638;False;6/1/2026 7:03:12 PM:612;1780315392612;;
107;112;0.1463641;0.2981048;0.0783452;0.1483907;475.4;0.1620431;False;6/1/2026 7:03:12 PM:662;1780315392662;;
107;112;0.1462764;0.2979389;0.1055282;0.2499947;475.1;0.1613876;False;6/1/2026 7:03:12 PM:718;1780315392718;;
106;125;0.1452272;0.3329245;0.09180808;0.5258833;475.5;0.1628143;False;6/1/2026 7:03:12 PM:780;1780315392780;;
105;121;0.1433938;0.322759;0.07932146;0.1992651;475.2;0.1611152;False;6/1/2026 7:03:12 PM:838;1780315392838;;
103;130;0.1410992;0.3478167;0.06756164;0.5365112;475.4;0.1548285;False;6/1/2026 7:03:12 PM:886;1780315392886;;
103;146;0.1405128;0.3888683;0.100141;0.6149098;475.6;0.1548581;False;6/1/2026 7:03:12 PM:952;1780315392952;;
102;135;0.1398252;0.3616745;0.1162295;0.1843053;475.7;0.1567186;False;6/1/2026 7:03:13 PM:9;1780315393009;;
103;147;0.1407997;0.3911967;0.1541807;0.5872626;475.4;0.1587352;False;6/1/2026 7:03:13 PM:73;1780315393073;;
111;160;0.151642;0.4275801;0.2178668;0.6390364;474.7;0.1614858;False;6/1/2026 7:03:13 PM:155;1780315393155;;
104;161;0.141987;0.42935;0.06019973;0.5264297;474.8;0.1628885;False;6/1/2026 7:03:13 PM:219;1780315393219;;
104;164;0.1419445;0.4386082;0.1231723;0.5925896;475.5;0.1586317;False;6/1/2026 7:03:13 PM:286;1780315393286;;
106;171;0.1452399;0.4551013;0.1823947;0.6444022;475.8;0.1690495;False;6/1/2026 7:03:13 PM:363;1780315393363;;
116;173;0.158203;0.4604709;0.2496205;0.6186102;475.2;0.1706424;False;6/1/2026 7:03:13 PM:428;1780315393428;;
123;173;0.1685415;0.4623838;0.2614837;0.4957753;475.7;0.1681483;False;6/1/2026 7:03:13 PM:488;1780315393488;;
123;173;0.1688251;0.4625085;0.1811341;0.5606954;476.0;0.1618802;False;6/1/2026 7:03:13 PM:553;1780315393553;;
123;158;0.168176;0.4213048;0.1544977;0.2250186;476.4;0.161994;False;6/1/2026 7:03:13 PM:611;1780315393611;;
111;157;0.1523661;0.4192736;0.05175838;0.382223;476.8;0.1627239;False;6/1/2026 7:03:13 PM:667;1780315393667;;
108;158;0.1474764;0.4222248;0.08901691;0.500413;478.5;0.1602873;False;6/1/2026 7:03:13 PM:735;1780315393735;;
105;151;0.1441228;0.4021181;0.0846265;0.2507361;478.0;0.1670039;False;6/1/2026 7:03:13 PM:792;1780315393792;;
105;149;0.1439616;0.3985288;0.1144263;0.327192;480.3;0.1618696;False;6/1/2026 7:03:13 PM:849;1780315393849;;
108;171;0.14774;0.455401;0.1853704;0.6974043;482.2;0.1645897;False;6/1/2026 7:03:13 PM:923;1780315393923;;
107;146;0.1458482;0.389879;0.106295;0.1362255;483.3;0.1604682;False;6/1/2026 7:03:13 PM:996;1780315393996;;
110;158;0.1506921;0.4208875;0.2005393;0.6113527;483.9;0.1587832;False;6/1/2026 7:03:14 PM:62;1780315394062;;
139;166;0.1906284;0.4439074;0.3277854;0.610217;483.9;0.161413;False;6/1/2026 7:03:14 PM:149;1780315394149;;
136;167;0.1859017;0.4445145;0.138453;0.4773726;484.9;0.1653876;False;6/1/2026 7:03:14 PM:214;1780315394214;;
137;172;0.1874517;0.4598254;0.2211903;0.6187646;485.3;0.1583453;False;6/1/2026 7:03:14 PM:292;1780315394292;;
134;159;0.1837509;0.4251329;0.1394312;0.2498355;485.9;0.1628981;False;6/1/2026 7:03:14 PM:357;1780315394357;;
130;159;0.1779263;0.4251198;0.1151909;0.4244787;486.9;0.1591883;False;6/1/2026 7:03:14 PM:425;1780315394425;;
128;164;0.1748775;0.4373031;0.1230686;0.5686299;487.1;0.1559466;False;6/1/2026 7:03:14 PM:497;1780315394497;;
127;141;0.1737034;0.3760299;0.1289659;0.1097866;486.8;0.1621184;False;6/1/2026 7:03:14 PM:553;1780315394553;;
126;125;0.1727758;0.3344957;0.1289668;0.109784;486.4;0.1621187;False;6/1/2026 7:03:14 PM:616;1780315394616;;
169;154;0.230293;0.411655;0.3859806;0.680584;484.1;0.1616165;False;6/1/2026 7:03:14 PM:693;1780315394693;;
175;161;0.2392916;0.4288281;0.3130021;0.5886652;483.8;0.1669198;False;6/1/2026 7:03:14 PM:756;1780315394756;;
204;166;0.2780595;0.4427832;0.4290531;0.5986603;483.8;0.162942;False;6/1/2026 7:03:14 PM:826;1780315394826;;
209;179;0.2858061;0.4772911;0.366588;0.708282;482.3;0.1706362;False;6/1/2026 7:03:14 PM:902;1780315394902;;
210;179;0.2863771;0.4779685;0.3328464;0.5637134;480.4;0.1716594;False;6/1/2026 7:03:14 PM:959;1780315394959;;
193;182;0.2637658;0.4841771;0.1529949;0.6385317;480.1;0.1765813;False;6/1/2026 7:03:15 PM:14;1780315395014;;
185;184;0.2528279;0.489794;0.1749555;0.643214;479.8;0.1765181;False;6/1/2026 7:03:15 PM:77;1780315395077;;
182;188;0.2489064;0.5013122;0.1968309;0.6903865;479.4;0.1677571;False;6/1/2026 7:03:15 PM:146;1780315395146;;
182;189;0.2487079;0.5040387;0.2286259;0.5896243;479.5;0.1658413;False;6/1/2026 7:03:15 PM:223;1780315395223;;
185;190;0.253185;0.5064379;0.2973945;0.5522646;480.2;0.1761614;False;6/1/2026 7:03:15 PM:304;1780315395304;;
185;190;0.2523155;0.5073158;0.2290862;0.6065026;477.1;0.170472;False;6/1/2026 7:03:15 PM:377;1780315395377;;
184;192;0.2518469;0.5109181;0.2309911;0.6376104;476.7;0.1718469;False;6/1/2026 7:03:15 PM:446;1780315395446;;
185;196;0.2523001;0.5216919;0.2661293;0.6988456;475.3;0.1710817;False;6/1/2026 7:03:15 PM:511;1780315395511;;
186;199;0.2540254;0.5308483;0.289069;0.7152106;474.2;0.1710163;False;6/1/2026 7:03:15 PM:568;1780315395568;;
209;202;0.2850432;0.539325;0.4126444;0.7156141;474.0;0.1747488;False;6/1/2026 7:03:15 PM:651;1780315395651;;
222;208;0.3031815;0.5557785;0.4233652;0.7816508;473.5;0.1928246;False;6/1/2026 7:03:15 PM:718;1780315395718;;
229;213;0.3129095;0.5684106;0.4132445;0.7871825;473.0;0.19261;False;6/1/2026 7:03:15 PM:787;1780315395787;;
230;214;0.3137561;0.5714303;0.3501984;0.6021183;471.6;0.182828;False;6/1/2026 7:03:15 PM:862;1780315395862;;
213;215;0.2907741;0.5737423;0.1893964;0.6380147;471.7;0.1760738;False;6/1/2026 7:03:15 PM:926;1780315395926;;
207;216;0.282582;0.5750188;0.2189838;0.6531004;471.8;0.1760285;False;6/1/2026 7:03:15 PM:994;1780315395994;;
206;216;0.2809728;0.5761998;0.2489892;0.6464919;471.3;0.1733133;False;6/1/2026 7:03:16 PM:66;1780315396066;;
206;216;0.280745;0.576182;0.2631141;0.5758646;471.1;0.1759243;False;6/1/2026 7:03:16 PM:126;1780315396126;;
205;216;0.2799627;0.5765821;0.2502519;0.6268286;470.3;0.1730065;False;6/1/2026 7:03:16 PM:188;1780315396188;;
205;216;0.2798364;0.5770008;0.2608264;0.5877061;471.3;0.1673317;False;6/1/2026 7:03:16 PM:271;1780315396271;;
200;219;0.2733525;0.5829434;0.2009263;0.6923816;470.8;0.1670793;False;6/1/2026 7:03:16 PM:343;1780315396343;;
200;219;0.2730436;0.5826539;0.2589245;0.5766526;471.1;0.1725553;False;6/1/2026 7:03:16 PM:415;1780315396415;;
209;222;0.2857145;0.5906087;0.3627176;0.7106033;471.0;0.1756312;False;6/1/2026 7:03:16 PM:487;1780315396487;;
218;222;0.2974359;0.5911784;0.385362;0.6170712;470.9;0.1758162;False;6/1/2026 7:03:16 PM:551;1780315396551;;
227;224;0.309356;0.5970927;0.4006245;0.7088715;471.5;0.1746584;False;6/1/2026 7:03:16 PM:627;1780315396627;;
236;225;0.3218223;0.5992121;0.4214349;0.690655;471.7;0.2015631;False;6/1/2026 7:03:16 PM:708;1780315396708;;
235;221;0.3206598;0.5893824;0.3077686;0.5097571;472.8;0.209304;False;6/1/2026 7:03:16 PM:783;1780315396783;;
241;221;0.3284227;0.5895703;0.4084108;0.6016247;473.3;0.2009124;False;6/1/2026 7:03:16 PM:869;1780315396869;;
233;221;0.3181946;0.5885544;0.2533458;0.5608958;474.2;0.2031787;False;6/1/2026 7:03:16 PM:935;1780315396935;;
233;221;0.318208;0.58999;0.3186775;0.6350414;473.1;0.1913527;False;6/1/2026 7:03:17 PM:24;1780315397024;;
225;221;0.3072184;0.5895965;0.2239889;0.5735165;472.1;0.1877809;False;6/1/2026 7:03:17 PM:83;1780315397083;;
209;221;0.2851934;0.5895383;0.1676947;0.5847442;470.4;0.1829703;False;6/1/2026 7:03:17 PM:152;1780315397152;;
200;216;0.2732279;0.5765485;0.1746256;0.4520496;468.9;0.182983;False;6/1/2026 7:03:17 PM:222;1780315397222;;
200;217;0.2728024;0.5772441;0.2613954;0.5984959;467.0;0.1783403;False;6/1/2026 7:03:17 PM:289;1780315397289;;
199;219;0.2723458;0.5836582;0.2341413;0.6689542;466.6;0.1762949;False;6/1/2026 7:03:17 PM:360;1780315397360;;
188;213;0.2563182;0.5691119;0.1388835;0.4377456;467.0;0.1743632;False;6/1/2026 7:03:17 PM:425;1780315397425;;
188;214;0.2574582;0.5713672;0.2711714;0.6186673;466.7;0.1715341;False;6/1/2026 7:03:17 PM:492;1780315397492;;
208;226;0.2835905;0.602851;0.3951988;0.7966899;468.2;0.1840176;False;6/1/2026 7:03:17 PM:561;1780315397561;;
224;232;0.3052329;0.6188043;0.420545;0.7825642;469.5;0.1841352;False;6/1/2026 7:03:17 PM:625;1780315397625;;
232;237;0.3169164;0.6306493;0.412421;0.7902186;470.5;0.1923295;False;6/1/2026 7:03:17 PM:688;1780315397688;;
238;239;0.3245998;0.6370968;0.4058868;0.7709543;470.9;0.1792032;False;6/1/2026 7:03:17 PM:770;1780315397770;;
237;239;0.3241002;0.6376272;0.3176176;0.6451768;470.8;0.1736703;False;6/1/2026 7:03:17 PM:852;1780315397852;;
235;239;0.3204947;0.6372197;0.2803915;0.6288906;470.5;0.1754271;False;6/1/2026 7:03:17 PM:914;1780315397914;;
234;239;0.3191322;0.6375184;0.295489;0.6478057;470.1;0.1710372;False;6/1/2026 7:03:18 PM:2;1780315398002;;
233;238;0.317471;0.6352955;0.2837686;0.5949841;470.6;0.1742323;False;6/1/2026 7:03:18 PM:73;1780315398073;;
234;238;0.3201315;0.6353104;0.3539978;0.6454828;470.3;0.1717591;False;6/1/2026 7:03:18 PM:163;1780315398163;;
228;239;0.3113497;0.6358957;0.2383591;0.6697366;468.7;0.1710525;False;6/1/2026 7:03:18 PM:233;1780315398233;;
236;239;0.322849;0.6367403;0.3999524;0.6792133;469.5;0.1607156;False;6/1/2026 7:03:18 PM:307;1780315398307;;
245;239;0.3340414;0.6365162;0.421663;0.6274723;471.1;0.1628815;False;6/1/2026 7:03:18 PM:376;1780315398376;;
246;241;0.3356494;0.6434191;0.3831019;0.7473866;470.9;0.1718387;False;6/1/2026 7:03:18 PM:441;1780315398441;;
248;247;0.3384278;0.6576998;0.3965894;0.8041866;471.0;0.1720164;False;6/1/2026 7:03:18 PM:519;1780315398519;;
248;247;0.3389148;0.6583641;0.3541888;0.6800779;468.8;0.1641426;False;6/1/2026 7:03:18 PM:593;1780315398593;;
249;247;0.3397187;0.6585032;0.3817509;0.7039065;470.0;0.1665166;False;6/1/2026 7:03:18 PM:666;1780315398666;;
249;247;0.3397415;0.6585655;0.3727931;0.6600827;469.6;0.1644824;False;6/1/2026 7:03:18 PM:759;1780315398759;;
249;247;0.3401044;0.6587494;0.3507544;0.6766123;470.2;0.1670466;False;6/1/2026 7:03:18 PM:838;1780315398838;;
249;246;0.3402689;0.6564636;0.3606285;0.6153019;469.8;0.1710728;False;6/1/2026 7:03:18 PM:918;1780315398918;;
241;246;0.3292771;0.6549737;0.259872;0.6147414;469.3;0.1712375;False;6/1/2026 7:03:18 PM:996;1780315398996;;
245;246;0.3344556;0.6549587;0.3883632;0.6483259;468.8;0.1700285;False;6/1/2026 7:03:19 PM:83;1780315399083;;
248;246;0.3390414;0.6553296;0.3978258;0.6723681;468.7;0.1678392;False;6/1/2026 7:03:19 PM:170;1780315399170;;
251;245;0.342835;0.6540601;0.4072278;0.6141035;468.1;0.1738893;False;6/1/2026 7:03:19 PM:243;1780315399243;;
251;247;0.3432008;0.6580298;0.3853288;0.722441;467.2;0.1867332;False;6/1/2026 7:03:19 PM:319;1780315399319;;
252;247;0.3438314;0.6582313;0.389577;0.6792168;469.0;0.1789536;False;6/1/2026 7:03:19 PM:409;1780315399409;;
252;248;0.3439102;0.6602825;0.3834982;0.7178808;468.8;0.1632574;False;6/1/2026 7:03:19 PM:487;1780315399487;;
253;253;0.3451951;0.6731333;0.3987556;0.8049826;468.0;0.1713775;False;6/1/2026 7:03:19 PM:572;1780315399572;;
253;253;0.3456199;0.6739554;0.3813943;0.7435897;466.2;0.1783123;False;6/1/2026 7:03:19 PM:645;1780315399645;;
256;250;0.3493261;0.6670571;0.4193305;0.6030707;467.6;0.1656697;False;6/1/2026 7:03:19 PM:731;1780315399731;;
273;251;0.3732149;0.6678171;0.5116451;0.7101925;466.9;0.1790285;False;6/1/2026 7:03:19 PM:809;1780315399809;;
283;252;0.3857091;0.6711019;0.4968499;0.7432424;466.6;0.1763591;False;6/1/2026 7:03:19 PM:913;1780315399913;;
286;252;0.3900629;0.6709601;0.4877993;0.66724;468.0;0.1794446;False;6/1/2026 7:03:19 PM:994;1780315399994;;
287;252;0.3912167;0.6707963;0.4004834;0.6654853;469.1;0.1980816;False;6/1/2026 7:03:20 PM:96;1780315400096;;
293;252;0.4003246;0.670948;0.5028181;0.6936919;469.4;0.2054278;False;6/1/2026 7:03:20 PM:170;1780315400170;;
303;251;0.4135042;0.6700548;0.5292668;0.6457747;468.3;0.2119105;False;6/1/2026 7:03:20 PM:260;1780315400260;;
319;251;0.4347375;0.6678221;0.5787838;0.6180753;468.5;0.2133624;False;6/1/2026 7:03:20 PM:344;1780315400344;;
329;250;0.448314;0.667478;0.5771486;0.6405362;468.2;0.2103531;False;6/1/2026 7:03:20 PM:443;1780315400443;;
319;251;0.4355963;0.6696193;0.3842759;0.7114096;470.3;0.1955319;False;6/1/2026 7:03:20 PM:526;1780315400526;;
318;251;0.4336984;0.6696358;0.4170865;0.6740651;470.0;0.2027999;False;6/1/2026 7:03:20 PM:613;1780315400613;;
314;253;0.4285291;0.6732594;0.386106;0.7388124;471.1;0.200091;False;6/1/2026 7:03:20 PM:696;1780315400696;;
314;252;0.4285398;0.6717373;0.4293824;0.6411769;471.7;0.1930434;False;6/1/2026 7:03:20 PM:798;1780315400798;;
312;252;0.4264109;0.6719658;0.3919773;0.6900417;472.5;0.1987118;False;6/1/2026 7:03:20 PM:873;1780315400873;;
309;254;0.4222069;0.678016;0.3704351;0.7635882;473.0;0.2023383;False;6/1/2026 7:03:20 PM:959;1780315400959;;
308;253;0.420918;0.6728981;0.3810707;0.6068426;473.3;0.1935787;False;6/1/2026 7:03:21 PM:34;1780315401034;;
300;249;0.4092672;0.6630545;0.3164031;0.5592511;473.1;0.1605535;False;6/1/2026 7:03:21 PM:116;1780315401116;;
298;249;0.4061049;0.6633304;0.3367911;0.673408;472.9;0.1500429;False;6/1/2026 7:03:21 PM:187;1780315401187;;
283;249;0.3861909;0.6631863;0.2597631;0.6405081;477.2;0.150363;False;6/1/2026 7:03:21 PM:270;1780315401270;;
238;250;0.3246716;0.6650704;0.1166331;0.7067872;476.5;0.1346398;True;6/1/2026 7:03:21 PM:341;1780315401341;;
225;250;0.3068346;0.6653517;0.1807343;0.6821091;477.7;0.1449845;False;6/1/2026 7:03:21 PM:439;1780315401439;;
223;251;0.3046403;0.668758;0.2625157;0.7340263;480.4;0.1600095;False;6/1/2026 7:03:21 PM:523;1780315401523;;
184;251;0.2508141;0.6686327;0.07694847;0.6642013;477.4;0.141049;False;6/1/2026 7:03:21 PM:633;1780315401633;;
154;215;0.2104552;0.5719673;0.03591719;0.2857626;476.4;0.1372309;False;6/1/2026 7:03:21 PM:722;1780315401722;;
136;212;0.1865206;0.5644361;0.03907939;0.4627808;477.2;0.1354892;False;6/1/2026 7:03:21 PM:834;1780315401834;;
132;230;0.1806863;0.6129668;0.06084742;0.8029615;479.9;0.1588876;False;6/1/2026 7:03:21 PM:925;1780315401925;;
127;245;0.1742314;0.6516951;0.05454727;0.820685;479.2;0.1673955;False;6/1/2026 7:03:22 PM:67;1780315402067;;
127;253;0.173781;0.6728824;0.06992722;0.8555067;480.4;0.1779084;False;6/1/2026 7:03:22 PM:149;1780315402149;;
126;253;0.1718932;0.6754846;0.05952143;0.7853209;482.2;0.1818488;False;6/1/2026 7:03:22 PM:253;1780315402253;;
125;255;0.1710332;0.6789725;0.06054616;0.8025699;482.0;0.1751259;False;6/1/2026 7:03:22 PM:344;1780315402344;;
124;255;0.1695255;0.6805172;0.05641711;0.763261;482.1;0.1751806;False;6/1/2026 7:03:22 PM:452;1780315402452;;
123;256;0.167874;0.681852;0.05196739;0.7049373;480.2;0.1682867;False;6/1/2026 7:03:22 PM:536;1780315402536;;
122;258;0.1666837;0.6879523;0.06366375;0.806164;482.5;0.1713058;False;6/1/2026 7:03:22 PM:637;1780315402637;;
121;259;0.1661898;0.689167;0.0626457;0.7456225;481.7;0.1531208;False;6/1/2026 7:03:22 PM:718;1780315402718;;
121;259;0.1657717;0.6892676;0.05898856;0.7622499;480.7;0.1649241;False;6/1/2026 7:03:22 PM:819;1780315402819;;
119;265;0.1631487;0.7063334;0.07661337;0.8731003;478.7;0.1697747;False;6/1/2026 7:03:22 PM:920;1780315402920;;
118;266;0.1613084;0.7097777;0.07834027;0.8345926;480.6;0.1560113;False;6/1/2026 7:03:23 PM:24;1780315403024;;
118;267;0.1611805;0.7121865;0.07172909;0.7645257;479.6;0.1477284;False;6/1/2026 7:03:23 PM:116;1780315403116;;
116;267;0.1586992;0.7114602;0.05778761;0.7030349;481.4;0.1378547;False;6/1/2026 7:03:23 PM:214;1780315403214;;
116;266;0.1582131;0.7087885;0.06341258;0.6730972;480.8;0.1307374;True;6/1/2026 7:03:23 PM:302;1780315403302;;
114;267;0.1564419;0.710968;0.0766906;0.7687921;478.0;0.1401017;False;6/1/2026 7:03:23 PM:411;1780315403411;;
127;266;0.1738287;0.7100073;0.2349014;0.6905715;474.2;0.1461034;False;6/1/2026 7:03:23 PM:506;1780315403506;;
130;266;0.1776695;0.7094043;0.2076192;0.6899173;474.1;0.1602795;False;6/1/2026 7:03:23 PM:597;1780315403597;;
130;265;0.1779616;0.7048136;0.1845656;0.6366145;473.4;0.1492624;False;6/1/2026 7:03:23 PM:691;1780315403691;;
135;264;0.1842109;0.704021;0.2355645;0.6636692;472.0;0.1628515;False;6/1/2026 7:03:23 PM:794;1780315403794;;
141;263;0.1930416;0.7002172;0.2674238;0.6199786;469.4;0.165586;False;6/1/2026 7:03:23 PM:881;1780315403881;;
160;263;0.2191825;0.7005202;0.3380859;0.7067249;467.6;0.1736802;False;6/1/2026 7:03:23 PM:988;1780315403988;;
162;262;0.2218795;0.697015;0.2916296;0.6213458;465.8;0.1789831;False;6/1/2026 7:03:24 PM:75;1780315404075;;
172;262;0.2345199;0.6977736;0.3393695;0.7118674;466.7;0.1787636;False;6/1/2026 7:03:24 PM:185;1780315404185;;
171;262;0.2331195;0.6977118;0.223301;0.692828;466.9;0.1851137;False;6/1/2026 7:03:24 PM:288;1780315404288;;
171;260;0.2337288;0.6930513;0.2479662;0.6179539;467.4;0.2092484;False;6/1/2026 7:03:24 PM:388;1780315404388;;
171;256;0.233764;0.6826525;0.2627988;0.556528;467.4;0.2086796;False;6/1/2026 7:03:24 PM:470;1780315404470;;
206;252;0.2815121;0.6715851;0.4397382;0.5330709;468.5;0.2166471;False;6/1/2026 7:03:24 PM:563;1780315404563;;
230;242;0.3134159;0.6437979;0.4568336;0.4380006;470.7;0.2124782;False;6/1/2026 7:03:24 PM:657;1780315404657;;
234;241;0.3193607;0.643556;0.4112978;0.6411424;472.5;0.2132452;False;6/1/2026 7:03:24 PM:761;1780315404761;;
243;234;0.3320832;0.6245432;0.4505109;0.4533257;473.3;0.2091423;False;6/1/2026 7:03:24 PM:859;1780315404859;;
248;234;0.3380029;0.6224468;0.4430399;0.5754407;471.6;0.2216289;False;6/1/2026 7:03:24 PM:966;1780315404966;;
254;221;0.3465706;0.5886734;0.467331;0.3684533;470.5;0.216609;False;6/1/2026 7:03:25 PM:55;1780315405055;;
257;220;0.3514765;0.5875298;0.4636092;0.5744095;469.0;0.2182547;False;6/1/2026 7:03:25 PM:161;1780315405161;;
249;225;0.3395978;0.599255;0.2956086;0.6803401;470.2;0.1391456;False;6/1/2026 7:03:25 PM:258;1780315405258;;
250;227;0.3406539;0.60436;0.3579426;0.6672021;475.7;0.09867676;True;6/1/2026 7:03:25 PM:362;1780315405362;;
253;227;0.3449725;0.6045825;0.4137995;0.6257901;478.3;0.1171412;True;6/1/2026 7:03:25 PM:459;1780315405459;;
254;227;0.3467081;0.6047752;0.4085246;0.6281424;476.2;0.1271158;True;6/1/2026 7:03:25 PM:546;1780315405546;;
251;227;0.3430835;0.6051812;0.3130136;0.6383563;475.1;0.1120448;True;6/1/2026 7:03:25 PM:615;1780315405615;;
244;227;0.3333868;0.6054865;0.2742953;0.6375327;474.9;0.1293868;True;6/1/2026 7:03:25 PM:708;1780315405708;;
246;227;0.3361701;0.6055856;0.3785634;0.6251015;475.0;0.117555;True;6/1/2026 7:03:25 PM:787;1780315405787;;
246;228;0.3363309;0.6074919;0.3552912;0.6678598;475.4;0.1163583;True;6/1/2026 7:03:25 PM:869;1780315405869;;
245;228;0.3346538;0.6076258;0.3088237;0.6367722;475.7;0.111354;True;6/1/2026 7:03:25 PM:944;1780315405944;;
245;228;0.3343409;0.60894;0.3227252;0.6657915;477.1;0.1044418;True;6/1/2026 7:03:26 PM:41;1780315406041;;
242;234;0.3310043;0.6224023;0.2857058;0.7658324;479.4;0.1042283;True;6/1/2026 7:03:26 PM:122;1780315406122;;
243;234;0.3314293;0.6241221;0.3414335;0.7117013;480.7;0.1024376;True;6/1/2026 7:03:26 PM:213;1780315406213;;
246;236;0.3352731;0.6278733;0.3801323;0.7391258;482.0;0.1065539;True;6/1/2026 7:03:26 PM:294;1780315406294;;
246;237;0.335218;0.6328412;0.3325229;0.756111;481.2;0.130244;True;6/1/2026 7:03:26 PM:391;1780315406391;;
245;238;0.334807;0.6342472;0.3205796;0.7017291;479.6;0.1492865;False;6/1/2026 7:03:26 PM:466;1780315406466;;
235;239;0.3212079;0.6357658;0.2393046;0.688351;479.3;0.1557298;False;6/1/2026 7:03:26 PM:565;1780315406565;;
237;239;0.3229464;0.6364458;0.3459842;0.6514985;480.0;0.1588031;False;6/1/2026 7:03:26 PM:646;1780315406646;;
237;239;0.3231255;0.6370348;0.3297082;0.6655044;479.4;0.1546506;False;6/1/2026 7:03:26 PM:736;1780315406736;;
237;235;0.3232096;0.6260643;0.3287348;0.5350079;480.0;0.1561263;False;6/1/2026 7:03:26 PM:822;1780315406822;;
236;235;0.3221766;0.626564;0.297266;0.6524567;478.1;0.16206;False;6/1/2026 7:03:26 PM:906;1780315406906;;
237;236;0.3229806;0.6284851;0.3408035;0.6804348;477.9;0.1471933;False;6/1/2026 7:03:26 PM:996;1780315406996;;
236;236;0.3226447;0.6296973;0.3090643;0.6803696;478.4;0.1234985;True;6/1/2026 7:03:27 PM:85;1780315407085;;
237;237;0.3230588;0.6304238;0.3373439;0.6809297;476.5;0.1101877;True;6/1/2026 7:03:27 PM:163;1780315407163;;
237;237;0.3232875;0.6305202;0.3349616;0.6333988;476.3;0.1195915;True;6/1/2026 7:03:27 PM:266;1780315407266;;
235;238;0.3214779;0.6339836;0.2912673;0.71009;477.5;0.1297506;True;6/1/2026 7:03:27 PM:350;1780315407350;;
235;238;0.3209504;0.6343529;0.3011757;0.6540098;476.2;0.1350202;False;6/1/2026 7:03:27 PM:450;1780315407450;;
236;238;0.3218066;0.6341991;0.3399245;0.6291212;475.3;0.1211875;True;6/1/2026 7:03:27 PM:532;1780315407532;;
226;240;0.3083201;0.6398122;0.226125;0.7260534;477.1;0.1290398;True;6/1/2026 7:03:27 PM:628;1780315407628;;
236;240;0.3218318;0.6400737;0.3948574;0.6719943;477.0;0.1273091;True;6/1/2026 7:03:27 PM:719;1780315407719;;
241;240;0.3296145;0.6401398;0.3951308;0.6761776;477.4;0.1106684;True;6/1/2026 7:03:27 PM:811;1780315407811;;
256;220;0.3489071;0.5869275;0.4640725;0.362654;475.9;0.08861656;True;6/1/2026 7:03:27 PM:885;1780315407885;;
261;211;0.3558248;0.562247;0.4363126;0.4023041;476.5;0.1148796;True;6/1/2026 7:03:27 PM:980;1780315407980;;
258;209;0.3524029;0.5573783;0.3252483;0.4539436;475.6;0.1103798;True;6/1/2026 7:03:28 PM:61;1780315408061;;
263;198;0.3596565;0.5283113;0.4328919;0.3316865;474.3;0.1119255;True;6/1/2026 7:03:28 PM:163;1780315408163;;
262;195;0.3575703;0.5192366;0.3368157;0.360653;474.4;0.1188261;True;6/1/2026 7:03:28 PM:247;1780315408247;;
266;183;0.3626484;0.4874291;0.42445;0.2538305;475.4;0.1193283;True;6/1/2026 7:03:28 PM:344;1780315408344;;
270;181;0.3679353;0.4838256;0.439321;0.3954443;477.2;0.1248926;True;6/1/2026 7:03:28 PM:434;1780315408434;;
275;180;0.3749395;0.4809754;0.4572447;0.4042685;476.4;0.1285483;True;6/1/2026 7:03:28 PM:539;1780315408539;;
273;180;0.3732455;0.4791484;0.357884;0.3617033;477.3;0.1176332;True;6/1/2026 7:03:28 PM:618;1780315408618;;
274;179;0.3733862;0.4786105;0.3760486;0.3798787;475.9;0.1237415;True;6/1/2026 7:03:28 PM:717;1780315408717;;
273;188;0.3730597;0.500874;0.3659381;0.6150411;474.6;0.1198408;True;6/1/2026 7:03:28 PM:799;1780315408799;;
250;187;0.3411646;0.498506;0.2272548;0.4244298;473.9;0.1552305;False;6/1/2026 7:03:28 PM:900;1780315408900;;
239;187;0.3259408;0.4980507;0.2254809;0.460369;472.3;0.1496479;False;6/1/2026 7:03:28 PM:980;1780315408980;;
245;197;0.3344333;0.5255698;0.3873819;0.671408;474.3;0.07398745;True;6/1/2026 7:03:29 PM:69;1780315409069;;
253;198;0.3450063;0.527974;0.4158354;0.5820127;478.9;0.0571239;True;6/1/2026 7:03:29 PM:158;1780315409158;;
242;198;0.3307586;0.5288383;0.2538447;0.5707875;483.0;0.05873972;True;6/1/2026 7:03:29 PM:256;1780315409256;;
251;199;0.3423017;0.5296191;0.4154211;0.5766135;488.9;0.04685715;True;6/1/2026 7:03:29 PM:343;1780315409343;;
256;199;0.3492334;0.5302324;0.4131656;0.5776086;489.1;0.06643387;True;6/1/2026 7:03:29 PM:442;1780315409442;;
257;203;0.3502349;0.5399762;0.3898492;0.6599842;488.4;0.06805883;True;6/1/2026 7:03:29 PM:538;1780315409538;;
257;209;0.3503237;0.5568109;0.3796124;0.717576;491.7;0.1196783;True;6/1/2026 7:03:29 PM:638;1780315409638;;
257;210;0.3506592;0.558516;0.3710739;0.609452;489.5;0.175474;False;6/1/2026 7:03:29 PM:730;1780315409730;;
257;210;0.3508655;0.5593424;0.3809026;0.5766325;487.9;0.2023785;False;6/1/2026 7:03:29 PM:817;1780315409817;;
264;193;0.3605874;0.5137316;0.4474001;0.3237954;486.4;0.2226937;False;6/1/2026 7:03:29 PM:902;1780315409902;;
276;191;0.3773254;0.5094678;0.4892102;0.4415006;482.2;0.2242105;False;6/1/2026 7:03:29 PM:997;1780315409997;;
280;186;0.3821307;0.4956767;0.4695727;0.3599162;478.2;0.2253035;False;6/1/2026 7:03:30 PM:79;1780315410079;;
287;181;0.39206;0.4817078;0.4978311;0.3388697;477.0;0.2208918;False;6/1/2026 7:03:30 PM:182;1780315410182;;
289;186;0.3949092;0.4951688;0.4856315;0.5830455;474.9;0.2242201;False;6/1/2026 7:03:30 PM:271;1780315410271;;
291;185;0.3970571;0.4938984;0.4523577;0.4410881;473.9;0.2346431;False;6/1/2026 7:03:30 PM:373;1780315410373;;
292;188;0.3984557;0.5017685;0.416064;0.5793734;472.6;0.2177601;False;6/1/2026 7:03:30 PM:458;1780315410458;;
293;187;0.3994463;0.4979022;0.4571166;0.4349581;471.2;0.2165945;False;6/1/2026 7:03:30 PM:563;1780315410563;;
293;189;0.4002195;0.5051004;0.4111989;0.5807396;470.4;0.2203074;False;6/1/2026 7:03:30 PM:658;1780315410658;;
296;188;0.4039592;0.5014072;0.4695768;0.4425859;469.9;0.2151537;False;6/1/2026 7:03:30 PM:753;1780315410753;;
296;188;0.4044464;0.5004616;0.4407119;0.459507;468.6;0.2178788;False;6/1/2026 7:03:30 PM:835;1780315410835;;
297;191;0.4049572;0.5101592;0.4381432;0.5957031;469.6;0.220991;False;6/1/2026 7:03:30 PM:944;1780315410944;;
297;199;0.4055211;0.5297117;0.4222042;0.6811582;468.2;0.1943963;False;6/1/2026 7:03:31 PM:30;1780315411030;;
297;201;0.4046574;0.5355062;0.3939433;0.6371468;467.0;0.1727223;False;6/1/2026 7:03:31 PM:142;1780315411142;;
292;201;0.3983424;0.5364269;0.3441594;0.5718071;466.1;0.1587904;False;6/1/2026 7:03:31 PM:224;1780315411224;;
289;202;0.3939227;0.5396647;0.3453139;0.6294405;464.0;0.1608881;False;6/1/2026 7:03:31 PM:335;1780315411335;;
285;194;0.3890675;0.516414;0.326433;0.389452;464.7;0.1709947;False;6/1/2026 7:03:31 PM:422;1780315411422;;
285;200;0.3889342;0.5336121;0.3589007;0.6656075;466.2;0.1595798;False;6/1/2026 7:03:31 PM:530;1780315411530;;
283;200;0.3859282;0.5333911;0.3270197;0.5288065;467.0;0.1586354;False;6/1/2026 7:03:31 PM:619;1780315411619;;
282;200;0.3847798;0.5335233;0.333851;0.5601861;467.9;0.1588282;False;6/1/2026 7:03:31 PM:712;1780315411712;;
281;200;0.383854;0.5337269;0.3322118;0.5466983;467.7;0.1637284;False;6/1/2026 7:03:31 PM:811;1780315411811;;
281;204;0.3832036;0.5447084;0.3483007;0.6600564;467.9;0.1582917;False;6/1/2026 7:03:31 PM:911;1780315411911;;
280;206;0.3826435;0.5480238;0.3532468;0.6390166;469.3;0.1587192;False;6/1/2026 7:03:32 PM:1;1780315412001;;
278;206;0.3795707;0.5496383;0.3185503;0.6325907;470.4;0.1575386;False;6/1/2026 7:03:32 PM:104;1780315412104;;
278;208;0.3788327;0.5537556;0.3500896;0.6627214;470.2;0.1583896;False;6/1/2026 7:03:32 PM:197;1780315412197;;
277;208;0.3782527;0.5551041;0.3586269;0.5892953;469.6;0.1579986;False;6/1/2026 7:03:32 PM:284;1780315412284;;
280;195;0.3822756;0.5207282;0.4195198;0.3521038;469.6;0.1579745;False;6/1/2026 7:03:32 PM:359;1780315412359;;
275;198;0.3754765;0.526906;0.3125749;0.6104153;468.5;0.1550054;False;6/1/2026 7:03:32 PM:468;1780315412468;;
269;197;0.3669053;0.5254077;0.2793145;0.4959208;469.6;0.1557196;False;6/1/2026 7:03:32 PM:539;1780315412539;;
269;198;0.366657;0.5273064;0.3228001;0.58365;471.4;0.1515007;False;6/1/2026 7:03:32 PM:623;1780315412623;;
260;195;0.3551396;0.5188846;0.2535904;0.4345687;472.0;0.161446;False;6/1/2026 7:03:32 PM:707;1780315412707;;
260;201;0.3542635;0.5348333;0.3433817;0.6544096;473.0;0.160526;False;6/1/2026 7:03:32 PM:814;1780315412814;;
258;174;0.351872;0.4635425;0.2912702;0.2055995;472.4;0.1589836;False;6/1/2026 7:03:32 PM:888;1780315412888;;
258;154;0.3516119;0.4116901;0.3063491;0.1918914;471.5;0.1630522;False;6/1/2026 7:03:32 PM:985;1780315412985;;
257;164;0.3508533;0.4375212;0.3326265;0.5741076;469.8;0.1605779;False;6/1/2026 7:03:33 PM:76;1780315413076;;
257;169;0.3506207;0.4498031;0.3215429;0.5622404;469.9;0.1592485;False;6/1/2026 7:03:33 PM:167;1780315413167;;
248;171;0.3383276;0.4562142;0.2384516;0.5593871;470.3;0.1581092;False;6/1/2026 7:03:33 PM:245;1780315413245;;
248;177;0.3380963;0.472853;0.3349214;0.6291646;470.9;0.1635264;False;6/1/2026 7:03:33 PM:338;1780315413338;;
249;179;0.3397799;0.4770866;0.3602881;0.5957336;470.8;0.1690893;False;6/1/2026 7:03:33 PM:418;1780315413418;;
253;184;0.3452961;0.4895118;0.394263;0.6554657;470.6;0.1562317;False;6/1/2026 7:03:33 PM:505;1780315413505;;
253;184;0.3447016;0.4899882;0.3276785;0.6025479;470.3;0.1669582;False;6/1/2026 7:03:33 PM:587;1780315413587;;
253;185;0.3447089;0.4924699;0.3458463;0.6213669;469.7;0.1627173;False;6/1/2026 7:03:33 PM:676;1780315413676;;
253;187;0.3449789;0.4994099;0.3575182;0.6619287;467.7;0.1616566;False;6/1/2026 7:03:33 PM:754;1780315413754;;
255;192;0.3481808;0.5108739;0.3909959;0.6948265;466.6;0.1640685;False;6/1/2026 7:03:33 PM:850;1780315413850;;
257;192;0.3512302;0.5110305;0.4004406;0.6507416;465.2;0.1576655;False;6/1/2026 7:03:33 PM:942;1780315413942;;
257;192;0.3513475;0.5117499;0.3749326;0.6455719;464.8;0.1535428;False;6/1/2026 7:03:34 PM:33;1780315414033;;
250;194;0.3416533;0.5177367;0.2794365;0.6907246;463.9;0.1585354;False;6/1/2026 7:03:34 PM:118;1780315414118;;
250;195;0.3414403;0.5190747;0.3312313;0.6529502;463.4;0.1601119;False;6/1/2026 7:03:34 PM:214;1780315414214;;
249;196;0.3401454;0.5218519;0.3104211;0.626316;463.0;0.1581998;False;6/1/2026 7:03:34 PM:293;1780315414293;;
251;197;0.3433224;0.526047;0.3806864;0.6802319;461.7;0.1632315;False;6/1/2026 7:03:34 PM:380;1780315414380;;
253;198;0.3449714;0.5280874;0.3790189;0.6362094;460.2;0.1586906;False;6/1/2026 7:03:34 PM:459;1780315414459;;
257;199;0.3510747;0.530175;0.4135149;0.6291115;459.2;0.1660112;False;6/1/2026 7:03:34 PM:557;1780315414557;;
259;199;0.3529827;0.5312443;0.403307;0.6537886;459.2;0.1545961;False;6/1/2026 7:03:34 PM:635;1780315414635;;
259;200;0.3532786;0.5336604;0.381418;0.5672254;459.0;0.1633908;False;6/1/2026 7:03:34 PM:734;1780315414734;;
260;201;0.3555254;0.5351906;0.4104875;0.6349359;458.7;0.1643589;False;6/1/2026 7:03:34 PM:816;1780315414816;;
261;201;0.356109;0.536489;0.3789112;0.5999873;460.8;0.1657435;False;6/1/2026 7:03:34 PM:909;1780315414909;;
260;201;0.3548342;0.5371436;0.3384801;0.6025581;460.5;0.1673716;False;6/1/2026 7:03:34 PM:989;1780315414989;;
261;204;0.3562032;0.5451135;0.3929861;0.6783745;461.2;0.1629294;False;6/1/2026 7:03:35 PM:82;1780315415082;;
255;205;0.3487203;0.5465847;0.2918807;0.5819315;461.2;0.1578472;False;6/1/2026 7:03:35 PM:159;1780315415159;;
250;206;0.3415519;0.5478848;0.2812929;0.6346553;462.9;0.158589;False;6/1/2026 7:03:35 PM:252;1780315415252;;
251;205;0.3421192;0.545979;0.3536841;0.5243109;462.6;0.1641442;False;6/1/2026 7:03:35 PM:346;1780315415346;;
250;206;0.3417881;0.5481246;0.3244394;0.6215447;462.0;0.163354;False;6/1/2026 7:03:35 PM:433;1780315415433;;
247;206;0.3370797;0.5486717;0.2806999;0.6095157;461.6;0.1689043;False;6/1/2026 7:03:35 PM:519;1780315415519;;
247;206;0.3370273;0.5492874;0.3148077;0.5831259;461.2;0.1680335;False;6/1/2026 7:03:35 PM:615;1780315415615;;
247;206;0.3372967;0.5499244;0.3432941;0.6087203;460.0;0.1634907;False;6/1/2026 7:03:35 PM:694;1780315415694;;
239;207;0.3256264;0.5514148;0.2396051;0.6241447;460.6;0.1560595;False;6/1/2026 7:03:35 PM:778;1780315415778;;
238;207;0.3252972;0.5519176;0.3039438;0.594285;460.0;0.1598014;False;6/1/2026 7:03:35 PM:861;1780315415861;;
238;208;0.3252606;0.5534354;0.2982461;0.627672;459.3;0.1610647;False;6/1/2026 7:03:35 PM:947;1780315415947;;
231;205;0.3150374;0.547577;0.2250759;0.4883197;458.5;0.1640787;False;6/1/2026 7:03:36 PM:27;1780315416027;;
230;205;0.3142905;0.5477591;0.2912662;0.5765564;459.6;0.1645033;False;6/1/2026 7:03:36 PM:126;1780315416126;;
230;209;0.3140272;0.5566947;0.308856;0.6642082;458.8;0.1646498;False;6/1/2026 7:03:36 PM:225;1780315416225;;
238;210;0.3246362;0.56029;0.388571;0.6520258;458.0;0.1669317;False;6/1/2026 7:03:36 PM:318;1780315416318;;
238;210;0.3244083;0.5606175;0.3139992;0.5674487;457.8;0.2063178;False;6/1/2026 7:03:36 PM:406;1780315416406;;
237;212;0.3230997;0.5654099;0.2950623;0.6612033;456.6;0.2051253;False;6/1/2026 7:03:36 PM:498;1780315416498;;
237;219;0.3237402;0.5835437;0.3389672;0.7556427;452.3;0.1976828;False;6/1/2026 7:03:36 PM:580;1780315416580;;
238;219;0.3254508;0.5842721;0.3545155;0.6591295;450.3;0.1813973;False;6/1/2026 7:03:36 PM:677;1780315416677;;
227;219;0.3105603;0.583429;0.2225786;0.5718781;446.5;0.1749887;False;6/1/2026 7:03:36 PM:755;1780315416755;;
228;220;0.311273;0.585633;0.3261531;0.6663362;440.9;0.1716152;False;6/1/2026 7:03:36 PM:844;1780315416844;;
232;219;0.316811;0.5837958;0.3730342;0.5571081;435.5;0.1728065;False;6/1/2026 7:03:36 PM:921;1780315416921;;
233;219;0.3182501;0.5840064;0.3530631;0.5944086;429.1;0.1705661;False;6/1/2026 7:03:37 PM:13;1780315417013;;
233;219;0.3177657;0.5840358;0.3073627;0.6096143;421.7;0.1757274;False;6/1/2026 7:03:37 PM:90;1780315417090;;
232;211;0.3172513;0.5633502;0.3042795;0.4288405;413.9;0.1942238;False;6/1/2026 7:03:37 PM:181;1780315417181;;
230;211;0.3135293;0.5635263;0.2694818;0.5709692;405.1;0.1916914;False;6/1/2026 7:03:37 PM:272;1780315417272;;
221;213;0.3011342;0.5666397;0.215123;0.6206892;397.2;0.1863298;False;6/1/2026 7:03:37 PM:361;1780315417361;;
217;209;0.2968469;0.556037;0.2296346;0.4518754;388.8;0.1922247;False;6/1/2026 7:03:37 PM:444;1780315417444;;
234;209;0.319429;0.5559641;0.4045097;0.551176;382.0;0.2140975;False;6/1/2026 7:03:37 PM:544;1780315417544;;
290;169;0.395763;0.4510415;0.5705484;0.1463024;376.0;0.2214717;False;6/1/2026 7:03:37 PM:637;1780315417637;;
308;167;0.4197028;0.4460616;0.5286408;0.3441972;371.7;0.2337663;False;6/1/2026 7:03:37 PM:741;1780315417741;;
293;173;0.400214;0.4614303;0.3125494;0.563922;370.3;0.2289668;False;6/1/2026 7:03:37 PM:821;1780315417821;;
288;168;0.3924364;0.4493021;0.3299739;0.3224156;371.4;0.2216138;False;6/1/2026 7:03:37 PM:906;1780315417906;;
274;186;0.3736541;0.4955238;0.2682784;0.6906791;373.7;0.2161624;False;6/1/2026 7:03:37 PM:988;1780315417988;;
247;189;0.3378403;0.5037467;0.1985033;0.59573;376.5;0.202308;False;6/1/2026 7:03:38 PM:89;1780315418089;;
240;161;0.3276429;0.430178;0.2240248;0.1756177;379.8;0.1849805;False;6/1/2026 7:03:38 PM:171;1780315418171;;
284;137;0.3870554;0.3646615;0.522812;0.1141138;380.1;0.1920449;False;6/1/2026 7:03:38 PM:263;1780315418263;;
288;128;0.3929762;0.3421897;0.4409255;0.1524879;382.9;0.195182;False;6/1/2026 7:03:38 PM:342;1780315418342;;
285;146;0.3892339;0.390617;0.3404467;0.5716113;382.6;0.1818577;False;6/1/2026 7:03:38 PM:429;1780315418429;;
288;127;0.3927976;0.3392935;0.4329395;0.08656344;383.1;0.1775659;False;6/1/2026 7:03:38 PM:500;1780315418500;;
288;149;0.3927868;0.3964949;0.3883213;0.612929;382.7;0.1770325;False;6/1/2026 7:03:38 PM:580;1780315418580;;
254;157;0.3464091;0.4178414;0.1867138;0.5759363;383.3;0.1737235;False;6/1/2026 7:03:38 PM:652;1780315418652;;
253;167;0.3452509;0.4450949;0.3069831;0.6326228;383.1;0.1752396;False;6/1/2026 7:03:38 PM:732;1780315418732;;
222;173;0.3034521;0.4601321;0.1433908;0.6283141;381.7;0.1663758;False;6/1/2026 7:03:38 PM:807;1780315418807;;
219;138;0.2993771;0.3672199;0.2261129;0.09687359;381.7;0.1673455;False;6/1/2026 7:03:38 PM:882;1780315418882;;
219;134;0.2990851;0.3569341;0.2475269;0.2574019;380.2;0.1804102;False;6/1/2026 7:03:38 PM:950;1780315418950;;
204;145;0.2779986;0.3878979;0.1390737;0.5846041;380.0;0.1632411;False;6/1/2026 7:03:39 PM:17;1780315419017;;
199;145;0.271575;0.3867908;0.1742316;0.3640669;379.2;0.1649974;False;6/1/2026 7:03:39 PM:95;1780315419095;;
249;136;0.3392827;0.3630423;0.5052831;0.197994;378.1;0.1749967;False;6/1/2026 7:03:39 PM:161;1780315419161;;
233;141;0.3176567;0.3750552;0.1782641;0.4916071;377.8;0.167313;False;6/1/2026 7:03:39 PM:228;1780315419228;;
189;148;0.2587144;0.3956989;0.0623711;0.5539472;378.1;0.168826;False;6/1/2026 7:03:39 PM:307;1780315419307;;
182;155;0.2487541;0.4148439;0.1302296;0.5968664;380.7;0.1762016;False;6/1/2026 7:03:39 PM:371;1780315419371;;
180;164;0.246557;0.4367785;0.1568532;0.6426083;382.7;0.1687831;False;6/1/2026 7:03:39 PM:436;1780315419436;;
180;164;0.2453867;0.4383189;0.2338539;0.4672942;384.1;0.170397;False;6/1/2026 7:03:39 PM:519;1780315419519;;
179;166;0.2451801;0.4415532;0.1936862;0.5470237;385.9;0.1700445;False;6/1/2026 7:03:39 PM:604;1780315419604;;
180;169;0.2461219;0.4507464;0.255531;0.5992612;387.7;0.1763573;False;6/1/2026 7:03:39 PM:686;1780315419686;;
185;169;0.2523672;0.4508485;0.3031915;0.549989;389.6;0.1710492;False;6/1/2026 7:03:39 PM:754;1780315419754;;
187;172;0.2548319;0.4597337;0.2883139;0.6197522;392.0;0.1726398;False;6/1/2026 7:03:39 PM:833;1780315419833;;
188;157;0.2569481;0.4179873;0.2946771;0.2460608;394.9;0.1606713;False;6/1/2026 7:03:39 PM:906;1780315419906;;
207;158;0.2823862;0.4205354;0.4048237;0.5072376;395.3;0.1583918;False;6/1/2026 7:03:39 PM:984;1780315419984;;
215;158;0.2937977;0.4213827;0.3840992;0.4479536;396.1;0.1540966;False;6/1/2026 7:03:40 PM:84;1780315420084;;
232;158;0.3166648;0.421775;0.454718;0.4524509;397.6;0.1576876;False;6/1/2026 7:03:40 PM:156;1780315420156;;
237;165;0.3241068;0.4398208;0.4226169;0.5993784;399.0;0.1577374;False;6/1/2026 7:03:40 PM:243;1780315420243;;
241;165;0.3283736;0.4406809;0.4210492;0.4915429;397.8;0.15909;False;6/1/2026 7:03:40 PM:327;1780315420327;;
242;179;0.3297591;0.4773267;0.3897795;0.6922582;398.5;0.1481775;False;6/1/2026 7:03:40 PM:426;1780315420426;;
242;136;0.3303593;0.3635185;0.4025852;0.07929736;397.6;0.1438639;False;6/1/2026 7:03:40 PM:508;1780315420508;;
244;149;0.3333071;0.3964178;0.4197761;0.599512;396.8;0.1484717;False;6/1/2026 7:03:40 PM:596;1780315420596;;
246;153;0.3361115;0.4088283;0.4255558;0.56839;396.4;0.1466042;False;6/1/2026 7:03:40 PM:682;1780315420682;;
247;163;0.3374495;0.4351274;0.401275;0.6488771;395.1;0.1516274;False;6/1/2026 7:03:40 PM:775;1780315420775;;
249;170;0.3393255;0.4522332;0.3824047;0.6588098;392.0;0.1501374;False;6/1/2026 7:03:40 PM:862;1780315420862;;
250;179;0.3407684;0.4761839;0.3632875;0.7089136;390.2;0.1466322;False;6/1/2026 7:03:40 PM:960;1780315420960;;
230;174;0.3146817;0.4629025;0.2157897;0.3944206;388.1;0.1551401;False;6/1/2026 7:03:41 PM:40;1780315421040;;
218;172;0.2971821;0.4574777;0.2120464;0.4150287;386.2;0.1497772;False;6/1/2026 7:03:41 PM:138;1780315421138;;
216;129;0.2946351;0.3437141;0.2503689;0.05142174;385.2;0.1476662;False;6/1/2026 7:03:41 PM:229;1780315421229;;
243;144;0.3316082;0.3850404;0.4548361;0.5844568;382.9;0.1566246;False;6/1/2026 7:03:41 PM:317;1780315421317;;
243;155;0.3312449;0.4131902;0.3184669;0.6090972;379.9;0.15479;False;6/1/2026 7:03:41 PM:394;1780315421394;;
245;166;0.3338453;0.4416214;0.3695983;0.6378209;378.5;0.1527447;False;6/1/2026 7:03:41 PM:502;1780315421502;;
210;156;0.2873321;0.4168161;0.1396747;0.2922565;377.2;0.1526695;False;6/1/2026 7:03:41 PM:581;1780315421581;;
181;160;0.2479213;0.4272417;0.1148444;0.5523058;375.0;0.1838495;False;6/1/2026 7:03:41 PM:684;1780315421684;;
169;161;0.2312094;0.4282126;0.1196643;0.4700379;373.3;0.1767164;False;6/1/2026 7:03:41 PM:767;1780315421767;;
153;144;0.2096952;0.3838987;0.08142725;0.202668;371.8;0.1715212;False;6/1/2026 7:03:41 PM:857;1780315421857;;
179;151;0.2443272;0.4022291;0.3559242;0.5495366;370.9;0.1582171;False;6/1/2026 7:03:41 PM:931;1780315421931;;
203;161;0.2768691;0.4292048;0.385352;0.607418;369.9;0.1614262;False;6/1/2026 7:03:42 PM:27;1780315422027;;
220;167;0.299823;0.4458463;0.4114525;0.6215211;367.5;0.1590316;False;6/1/2026 7:03:42 PM:106;1780315422106;;
222;172;0.3031964;0.4578262;0.3583419;0.6246113;366.4;0.1592242;False;6/1/2026 7:03:42 PM:197;1780315422197;;
222;174;0.3033684;0.4630668;0.331841;0.6128436;365.6;0.1566937;False;6/1/2026 7:03:42 PM:284;1780315422284;;
224;177;0.30578;0.4722815;0.3600164;0.6465705;364.8;0.1526984;False;6/1/2026 7:03:42 PM:375;1780315422375;;
224;178;0.3053408;0.4744151;0.2985421;0.6268092;364.4;0.1568579;False;6/1/2026 7:03:42 PM:446;1780315422446;;
228;178;0.3115701;0.475277;0.3819559;0.6202275;364.2;0.1538402;False;6/1/2026 7:03:42 PM:538;1780315422538;;
228;179;0.3116319;0.4780072;0.3125812;0.6346097;363.5;0.1579566;False;6/1/2026 7:03:42 PM:638;1780315422638;;
232;180;0.3168582;0.4813427;0.3814239;0.5888161;363.4;0.1568633;False;6/1/2026 7:03:42 PM:733;1780315422733;;
230;182;0.3144167;0.4844939;0.2895918;0.5565974;364.5;0.1526636;False;6/1/2026 7:03:42 PM:814;1780315422814;;
196;180;0.2671717;0.4788724;0.1313441;0.4381197;364.7;0.1612645;False;6/1/2026 7:03:42 PM:911;1780315422911;;
165;152;0.2258378;0.4049656;0.07097623;0.1470498;364.5;0.1681073;False;6/1/2026 7:03:42 PM:984;1780315422984;;
143;143;0.196045;0.3816731;0.06951785;0.2392243;364.9;0.1625814;False;6/1/2026 7:03:43 PM:88;1780315423088;;
138;130;0.1886353;0.347426;0.09353745;0.1313646;365.6;0.1601834;False;6/1/2026 7:03:43 PM:161;1780315423161;;
125;134;0.1712553;0.356749;0.04392789;0.4312881;365.4;0.1668479;False;6/1/2026 7:03:43 PM:244;1780315423244;;
122;127;0.1668644;0.3383348;0.07163229;0.1831074;365.5;0.1635752;False;6/1/2026 7:03:43 PM:326;1780315423326;;
121;123;0.1656405;0.3291003;0.1017853;0.1986264;365.5;0.1674581;False;6/1/2026 7:03:43 PM:418;1780315423418;;
121;116;0.1652387;0.3088133;0.09132721;0.1112471;365.7;0.1741354;False;6/1/2026 7:03:43 PM:490;1780315423490;;
118;115;0.1610876;0.3070556;0.06723292;0.2351594;364.6;0.1766092;False;6/1/2026 7:03:43 PM:579;1780315423579;;
118;106;0.1609832;0.2830149;0.08483814;0.07044768;363.6;0.1711145;False;6/1/2026 7:03:43 PM:656;1780315423656;;
114;113;0.1554798;0.3008099;0.0552185;0.3866676;363.1;0.1689791;False;6/1/2026 7:03:43 PM:763;1780315423763;;
114;110;0.1553831;0.2931112;0.1546345;0.1757774;363.3;0.1623304;False;6/1/2026 7:03:43 PM:844;1780315423844;;
114;107;0.1561136;0.2866811;0.1630395;0.1672731;362.8;0.1678036;False;6/1/2026 7:03:43 PM:935;1780315423935;;
114;99;0.155967;0.2639822;0.1207846;0.05946023;362.3;0.1692357;False;6/1/2026 7:03:44 PM:10;1780315424010;;
122;98;0.1668162;0.2616609;0.2259304;0.2183441;361.6;0.1689878;False;6/1/2026 7:03:44 PM:109;1780315424109;;
122;95;0.1666043;0.254683;0.1530349;0.1211165;361.5;0.1644468;False;6/1/2026 7:03:44 PM:197;1780315424197;;
122;94;0.1671129;0.2500122;0.1800584;0.1220887;361.9;0.1621859;False;6/1/2026 7:03:44 PM:301;1780315424301;;
119;91;0.1627715;0.2429121;0.1108646;0.08596344;362.4;0.1617965;False;6/1/2026 7:03:44 PM:377;1780315424377;;
118;98;0.1609835;0.2612431;0.1212187;0.3582596;362.9;0.1686423;False;6/1/2026 7:03:44 PM:460;1780315424460;;
113;94;0.1549254;0.250119;0.08327153;0.1058248;363.3;0.1750789;False;6/1/2026 7:03:44 PM:536;1780315424536;;
110;94;0.15093;0.2510797;0.08621034;0.263054;364.0;0.1652747;False;6/1/2026 7:03:44 PM:632;1780315424632;;
110;95;0.1502685;0.2551932;0.1328657;0.3076428;364.2;0.1655206;False;6/1/2026 7:03:44 PM:711;1780315424711;;
110;95;0.150227;0.2552438;0.11585;0.258486;364.8;0.1640613;False;6/1/2026 7:03:44 PM:797;1780315424797;;
105;96;0.1442049;0.2573744;0.06566618;0.3045029;365.2;0.1711445;False;6/1/2026 7:03:44 PM:874;1780315424874;;
105;97;0.1433384;0.2604774;0.1208637;0.3210315;364.9;0.1622206;False;6/1/2026 7:03:44 PM:974;1780315424974;;
100;101;0.1372928;0.2690538;0.05691704;0.3848682;364.9;0.1667244;False;6/1/2026 7:03:45 PM:49;1780315425049;;
99;98;0.1355756;0.2620736;0.07480238;0.1952026;365.3;0.1709302;False;6/1/2026 7:03:45 PM:137;1780315425137;;
97;97;0.1335048;0.2606066;0.06628149;0.2244114;364.6;0.1683949;False;6/1/2026 7:03:45 PM:219;1780315425219;;
97;88;0.1323965;0.2342049;0.0976831;0.07061359;364.8;0.1668085;False;6/1/2026 7:03:45 PM:311;1780315425311;;
96;83;0.1318014;0.2220786;0.07850749;0.07764164;364.0;0.1682118;False;6/1/2026 7:03:45 PM:384;1780315425384;;
96;81;0.130943;0.2168308;0.1006688;0.1003179;363.5;0.1608729;False;6/1/2026 7:03:45 PM:471;1780315425471;;
95;78;0.1305355;0.2098173;0.08405808;0.07055326;363.9;0.1636555;False;6/1/2026 7:03:45 PM:548;1780315425548;;
95;76;0.129993;0.2039201;0.0966399;0.06690266;364.0;0.166788;False;6/1/2026 7:03:45 PM:646;1780315425646;;
95;75;0.1296018;0.2012878;0.08539532;0.06982564;363.8;0.1648984;False;6/1/2026 7:03:45 PM:720;1780315425720;;
94;75;0.1281286;0.2019448;0.07376249;0.2081612;363.8;0.1663194;False;6/1/2026 7:03:45 PM:813;1780315425813;;
93;74;0.1279079;0.1991492;0.08097122;0.0988679;363.9;0.1655034;False;6/1/2026 7:03:45 PM:898;1780315425898;;
93;72;0.1278111;0.1940516;0.08167771;0.07048094;363.8;0.1624854;False;6/1/2026 7:03:45 PM:981;1780315425981;;
93;72;0.1275412;0.1928018;0.08611817;0.08915657;363.6;0.1698421;False;6/1/2026 7:03:46 PM:63;1780315426063;;
93;76;0.1273508;0.2041696;0.08158884;0.2757822;362.5;0.1629582;False;6/1/2026 7:03:46 PM:160;1780315426160;;
93;74;0.1272752;0.198458;0.08216625;0.09802025;362.4;0.1699227;False;6/1/2026 7:03:46 PM:248;1780315426248;;
92;74;0.1265232;0.1971809;0.1105341;0.1222703;362.5;0.1684781;False;6/1/2026 7:03:46 PM:338;1780315426338;;
92;73;0.1259422;0.1967134;0.08357986;0.1263335;362.1;0.1664735;False;6/1/2026 7:03:46 PM:411;1780315426411;;
92;73;0.125505;0.1963387;0.08432428;0.1382514;362.1;0.1614688;False;6/1/2026 7:03:46 PM:514;1780315426514;;
92;71;0.1254235;0.1906112;0.08875427;0.07369824;362.7;0.1711412;False;6/1/2026 7:03:46 PM:595;1780315426595;;
91;73;0.1249194;0.1949828;0.09849498;0.234807;363.3;0.1713642;False;6/1/2026 7:03:46 PM:694;1780315426694;;
91;72;0.1248511;0.1927974;0.1235664;0.1237572;363.5;0.1619886;False;6/1/2026 7:03:46 PM:784;1780315426784;;
104;69;0.1425811;0.1853466;0.2264386;0.07248022;364.3;0.1591536;False;6/1/2026 7:03:46 PM:878;1780315426878;;
108;67;0.1472249;0.1789631;0.2032703;0.0542644;363.9;0.1542149;False;6/1/2026 7:03:46 PM:956;1780315426956;;
113;67;0.1540223;0.1787208;0.2209832;0.1003561;363.4;0.1601074;False;6/1/2026 7:03:47 PM:65;1780315427065;;
113;65;0.1544188;0.1745121;0.1664948;0.05280867;363.7;0.158165;False;6/1/2026 7:03:47 PM:138;1780315427138;;
113;65;0.1546974;0.1737305;0.1739797;0.1627437;363.3;0.1586738;False;6/1/2026 7:03:47 PM:236;1780315427236;;
126;103;0.1723082;0.2744694;0.2792002;0.5499175;363.7;0.154175;False;6/1/2026 7:03:47 PM:324;1780315427324;;
127;124;0.1741721;0.3306568;0.2325892;0.5533778;363.5;0.1526705;False;6/1/2026 7:03:47 PM:419;1780315427419;;
140;132;0.1918542;0.3535836;0.3185246;0.5413784;362.6;0.1552832;False;6/1/2026 7:03:47 PM:490;1780315427490;;
141;142;0.1932308;0.3779353;0.2629395;0.5727656;363.0;0.1560033;False;6/1/2026 7:03:47 PM:580;1780315427580;;
168;142;0.2301971;0.379361;0.3952952;0.4014859;363.9;0.1602464;False;6/1/2026 7:03:47 PM:664;1780315427664;;
169;142;0.2306186;0.3800464;0.3067789;0.4407251;363.3;0.157666;False;6/1/2026 7:03:47 PM:764;1780315427764;;
169;147;0.2309131;0.3917047;0.30275;0.5439783;362.6;0.158569;False;6/1/2026 7:03:47 PM:845;1780315427845;;
171;147;0.2335909;0.3933884;0.3214354;0.4421924;362.9;0.1572733;False;6/1/2026 7:03:47 PM:941;1780315427941;;
177;151;0.2416759;0.4039024;0.3548465;0.5515558;362.7;0.159974;False;6/1/2026 7:03:48 PM:26;1780315428026;;
179;152;0.24408;0.4056576;0.268773;0.4458681;362.3;0.1588551;False;6/1/2026 7:03:48 PM:118;1780315428118;;
183;151;0.2498398;0.4027109;0.3444142;0.3685818;361.8;0.1570277;False;6/1/2026 7:03:48 PM:198;1780315428198;;
184;151;0.2515346;0.4032772;0.3300144;0.4529412;362.1;0.1595582;False;6/1/2026 7:03:48 PM:298;1780315428298;;
185;154;0.2523045;0.4102478;0.3289615;0.5229928;361.3;0.1592157;False;6/1/2026 7:03:48 PM:378;1780315428378;;
186;159;0.2543854;0.4254685;0.2868445;0.5835131;361.5;0.1556224;False;6/1/2026 7:03:48 PM:468;1780315428468;;
187;160;0.255442;0.4265955;0.3206888;0.4923162;361.3;0.164143;False;6/1/2026 7:03:48 PM:556;1780315428556;;
186;163;0.2542377;0.4356289;0.2441208;0.5780421;360.7;0.1555746;False;6/1/2026 7:03:48 PM:647;1780315428647;;
186;166;0.2545058;0.4421524;0.2599795;0.5844019;360.1;0.1583875;False;6/1/2026 7:03:48 PM:739;1780315428739;;
188;159;0.2563711;0.4254439;0.3011016;0.3399069;360.7;0.1623899;False;6/1/2026 7:03:48 PM:840;1780315428840;;
219;160;0.2996723;0.425726;0.4669626;0.4380476;360.6;0.1619834;False;6/1/2026 7:03:48 PM:913;1780315428913;;
220;162;0.3002218;0.4328044;0.3342533;0.5358191;360.6;0.1601604;False;6/1/2026 7:03:49 PM:8;1780315429008;;
224;160;0.306523;0.4278708;0.3864844;0.3765915;360.6;0.1615707;False;6/1/2026 7:03:49 PM:99;1780315429099;;
224;168;0.3060623;0.4474593;0.3015858;0.5908028;360.3;0.1623643;False;6/1/2026 7:03:49 PM:206;1780315429206;;
224;174;0.3063178;0.4644457;0.3141821;0.6314426;359.6;0.1604443;False;6/1/2026 7:03:49 PM:288;1780315429288;;
234;176;0.319206;0.4697628;0.4117161;0.5966355;359.2;0.1663798;False;6/1/2026 7:03:49 PM:376;1780315429376;;
248;176;0.3389357;0.470154;0.4648383;0.569902;360.5;0.1611928;False;6/1/2026 7:03:49 PM:450;1780315429450;;
255;180;0.3478346;0.4791622;0.4457653;0.6340603;361.2;0.1624466;False;6/1/2026 7:03:49 PM:541;1780315429541;;
286;153;0.390934;0.4082063;0.574922;0.1753523;360.9;0.1604021;False;6/1/2026 7:03:49 PM:612;1780315429612;;
288;159;0.393004;0.4237559;0.4203397;0.5737936;360.5;0.1588951;False;6/1/2026 7:03:49 PM:714;1780315429714;;
288;167;0.3932387;0.4465675;0.4483624;0.6552164;360.6;0.1610655;False;6/1/2026 7:03:49 PM:785;1780315429785;;
289;178;0.393833;0.4747861;0.4388508;0.6997299;360.3;0.1585015;False;6/1/2026 7:03:49 PM:874;1780315429874;;
307;148;0.4182573;0.394233;0.5616581;0.1530342;360.0;0.1638079;False;6/1/2026 7:03:49 PM:946;1780315429946;;
308;159;0.4198118;0.4251477;0.4524026;0.6350625;360.6;0.1615965;False;6/1/2026 7:03:50 PM:37;1780315430037;;
308;164;0.4206099;0.4365848;0.4537761;0.61378;360.8;0.162826;False;6/1/2026 7:03:50 PM:108;1780315430108;;
309;177;0.4214258;0.4712591;0.4424658;0.7167722;362.0;0.1602413;False;6/1/2026 7:03:50 PM:199;1780315430199;;
309;178;0.4215845;0.4741997;0.4596251;0.5710196;361.9;0.1623192;False;6/1/2026 7:03:50 PM:268;1780315430268;;
313;160;0.4265707;0.4260764;0.499484;0.2576453;361.7;0.1685552;False;6/1/2026 7:03:50 PM:355;1780315430355;;
313;164;0.4271373;0.4369745;0.4622723;0.5775092;361.7;0.1641712;False;6/1/2026 7:03:50 PM:434;1780315430434;;
313;164;0.4274463;0.4370591;0.4643783;0.5110133;361.8;0.1604139;False;6/1/2026 7:03:50 PM:523;1780315430523;;
314;168;0.4280053;0.4475836;0.4490671;0.6034983;362.1;0.1679138;False;6/1/2026 7:03:50 PM:594;1780315430594;;
317;150;0.432272;0.4009897;0.5004554;0.2225508;361.8;0.161738;False;6/1/2026 7:03:50 PM:678;1780315430678;;
319;144;0.4350469;0.3830771;0.499642;0.2626832;361.6;0.164204;False;6/1/2026 7:03:50 PM:775;1780315430775;;
293;155;0.3996798;0.4145752;0.2931908;0.5802254;361.8;0.1626323;False;6/1/2026 7:03:50 PM:871;1780315430871;;
303;138;0.4131633;0.3689447;0.5058814;0.165535;361.9;0.1647015;False;6/1/2026 7:03:50 PM:950;1780315430950;;
281;154;0.3837934;0.4117316;0.286142;0.5933847;361.2;0.1580554;False;6/1/2026 7:03:51 PM:62;1780315431062;;
280;155;0.3826343;0.4124354;0.3540893;0.4667166;360.6;0.1708769;False;6/1/2026 7:03:51 PM:149;1780315431149;;
280;159;0.3815292;0.4252134;0.3508824;0.5583911;360.4;0.1601516;False;6/1/2026 7:03:51 PM:253;1780315431253;;
280;160;0.3815275;0.4258691;0.381473;0.4396887;360.3;0.1623788;False;6/1/2026 7:03:51 PM:338;1780315431338;;
264;166;0.3609217;0.4424925;0.2630281;0.5888102;360.2;0.1638525;False;6/1/2026 7:03:51 PM:457;1780315431457;;
277;140;0.3777762;0.3746557;0.4468925;0.1803045;359.8;0.1632807;False;6/1/2026 7:03:51 PM:576;1780315431576;;
269;144;0.3674146;0.3832177;0.2911632;0.4827444;359.7;0.1633642;False;6/1/2026 7:03:51 PM:660;1780315431660;;
287;138;0.3917937;0.3696457;0.5013779;0.2545128;359.0;0.1630979;False;6/1/2026 7:03:51 PM:732;1780315431732;;
274;114;0.3740785;0.305768;0.2789313;0.05449161;357.9;0.1684482;False;6/1/2026 7:03:51 PM:816;1780315431816;;
247;101;0.3378215;0.2700845;0.1922052;0.05021399;357.7;0.1662096;False;6/1/2026 7:03:51 PM:895;1780315431895;;
217;93;0.2959695;0.2482201;0.1383665;0.05415066;357.7;0.168092;False;6/1/2026 7:03:51 PM:982;1780315431982;;
214;88;0.2922536;0.2358684;0.2120498;0.0518295;357.4;0.1700088;False;6/1/2026 7:03:52 PM:55;1780315432055;;
187;88;0.2558723;0.2347688;0.0935306;0.1242568;357.5;0.1664407;False;6/1/2026 7:03:52 PM:140;1780315432140;;
181;85;0.2471724;0.2272956;0.1340733;0.05941145;357.7;0.1660206;False;6/1/2026 7:03:52 PM:216;1780315432216;;
181;84;0.2469234;0.224975;0.1702364;0.07876569;357.8;0.1650984;False;6/1/2026 7:03:52 PM:297;1780315432297;;
179;82;0.244827;0.2189511;0.2194995;0.04963961;358.0;0.1606385;False;6/1/2026 7:03:52 PM:385;1780315432385;;
179;81;0.2439564;0.2155116;0.1981062;0.05238022;358.1;0.1645199;False;6/1/2026 7:03:52 PM:472;1780315432472;;
178;80;0.2437158;0.2136687;0.1941179;0.05241265;356.9;0.165147;False;6/1/2026 7:03:52 PM:540;1780315432540;;
174;79;0.2378466;0.2120189;0.1514388;0.05199857;356.3;0.1653903;False;6/1/2026 7:03:52 PM:630;1780315432630;;
163;79;0.2233836;0.2111505;0.09603661;0.06712908;356.5;0.1681298;False;6/1/2026 7:03:52 PM:699;1780315432699;;
152;78;0.2082697;0.2100362;0.07850407;0.07102969;358.1;0.1630698;False;6/1/2026 7:03:52 PM:781;1780315432781;;
146;78;0.1993769;0.2093333;0.07548284;0.07149526;359.1;0.1654786;False;6/1/2026 7:03:52 PM:848;1780315432848;;
143;78;0.1953185;0.2089426;0.08506308;0.07029931;360.3;0.1666145;False;6/1/2026 7:03:52 PM:913;1780315432913;;
139;78;0.1898902;0.2084408;0.07413287;0.07184198;360.9;0.1576995;False;6/1/2026 7:03:52 PM:994;1780315432994;;
137;78;0.1878686;0.2082407;0.08107458;0.07056707;362.1;0.1650092;False;6/1/2026 7:03:53 PM:64;1780315433064;;
136;78;0.1858692;0.2080177;0.07829482;0.07104745;362.9;0.1662976;False;6/1/2026 7:03:53 PM:142;1780315433142;;
136;78;0.1857563;0.2078906;0.0865777;0.06963281;363.6;0.1622847;False;6/1/2026 7:03:53 PM:230;1780315433230;;
135;78;0.1852658;0.2077186;0.08888337;0.06922954;364.3;0.165351;False;6/1/2026 7:03:53 PM:328;1780315433328;;
134;76;0.1833638;0.2042544;0.1003352;0.1115519;365.2;0.1619724;False;6/1/2026 7:03:53 PM:422;1780315433422;;
132;75;0.180554;0.2013828;0.1488329;0.06029226;364.9;0.1645143;False;6/1/2026 7:03:53 PM:503;1780315433503;;
134;74;0.1836758;0.1987872;0.2046997;0.05518467;365.3;0.1592193;False;6/1/2026 7:03:53 PM:586;1780315433586;;
139;74;0.1899969;0.1968932;0.23673;0.05229592;366.0;0.1628296;False;6/1/2026 7:03:53 PM:659;1780315433659;;
139;73;0.1894647;0.1951648;0.1613659;0.05050132;365.9;0.161802;False;6/1/2026 7:03:53 PM:747;1780315433747;;
131;73;0.1788449;0.1941549;0.08959137;0.0691013;366.2;0.1675807;False;6/1/2026 7:03:53 PM:823;1780315433823;;
125;72;0.1713742;0.1933684;0.08857283;0.069268;366.4;0.1714474;False;6/1/2026 7:03:53 PM:912;1780315433912;;
138;72;0.1889067;0.1931935;0.2692515;0.06605475;367.9;0.1201649;True;6/1/2026 7:03:53 PM:988;1780315433988;;
206;82;0.2809565;0.2181828;0.4675624;0.3292557;367.9;0.1050337;True;6/1/2026 7:03:54 PM:78;1780315434078;;
181;77;0.247893;0.2064551;0.1173577;0.06111198;368.8;0.1399677;False;6/1/2026 7:03:54 PM:160;1780315434160;;
158;75;0.2165685;0.1999103;0.08488987;0.06992206;368.7;0.165961;False;6/1/2026 7:03:54 PM:255;1780315434255;;
147;73;0.2005842;0.1962659;0.08417573;0.07003728;369.3;0.168567;False;6/1/2026 7:03:54 PM:338;1780315434338;;
139;72;0.1903795;0.193657;0.08521084;0.0698875;368.5;0.168669;False;6/1/2026 7:03:54 PM:432;1780315434432;;
135;72;0.1848998;0.1920174;0.087238;0.06952805;368.0;0.1689432;False;6/1/2026 7:03:54 PM:522;1780315434522;;
133;71;0.1818974;0.1909239;0.08927938;0.06917934;367.1;0.1665105;False;6/1/2026 7:03:54 PM:610;1780315434610;;
131;72;0.1787344;0.1935108;0.08108123;0.2165702;367.6;0.1560826;False;6/1/2026 7:03:54 PM:691;1780315434691;;
184;126;0.2508421;0.3368475;0.3882106;0.6395361;369.0;0.05608455;True;6/1/2026 7:03:54 PM:791;1780315434791;;
218;137;0.2972493;0.364649;0.4269079;0.5268747;370.4;0.05006349;True;6/1/2026 7:03:54 PM:878;1780315434878;;
230;150;0.3145919;0.3996407;0.400537;0.5944129;371.0;0.06377953;True;6/1/2026 7:03:54 PM:976;1780315434976;;
233;121;0.3175203;0.3231918;0.3681422;0.07215887;372.4;0.1315265;True;6/1/2026 7:03:55 PM:51;1780315435051;;
218;100;0.298171;0.2679684;0.2127735;0.05440073;371.1;0.1524444;False;6/1/2026 7:03:55 PM:149;1780315435149;;
204;94;0.2781669;0.251677;0.1716137;0.09889673;369.8;0.1612822;False;6/1/2026 7:03:55 PM:229;1780315435229;;
204;87;0.2779515;0.2320474;0.2710465;0.05637667;369.3;0.1559356;False;6/1/2026 7:03:55 PM:317;1780315435317;;
200;83;0.2729777;0.2214565;0.2070113;0.055392;369.0;0.1489575;False;6/1/2026 7:03:55 PM:390;1780315435390;;
200;80;0.2729093;0.213594;0.2439783;0.05425129;369.0;0.1499705;False;6/1/2026 7:03:55 PM:473;1780315435473;;
219;121;0.2984586;0.3234369;0.4017129;0.5967408;369.7;0.05642059;True;6/1/2026 7:03:55 PM:554;1780315435554;;
222;175;0.3034247;0.4661164;0.3533517;0.7765916;371.6;0.06036019;True;6/1/2026 7:03:55 PM:650;1780315435650;;
225;196;0.3071065;0.5234749;0.3638323;0.7738993;373.3;0.05657399;True;6/1/2026 7:03:55 PM:721;1780315435721;;
230;199;0.3145682;0.5316145;0.3921491;0.6432884;374.3;0.0483414;True;6/1/2026 7:03:55 PM:806;1780315435806;;
235;201;0.3205374;0.5356825;0.39924;0.6342556;374.8;0.04674296;True;6/1/2026 7:03:55 PM:892;1780315435892;;
238;201;0.3249666;0.5358101;0.403171;0.6041268;374.6;0.05419883;True;6/1/2026 7:03:55 PM:980;1780315435980;;
239;202;0.3263516;0.539471;0.3950112;0.6479954;374.8;0.04838359;True;6/1/2026 7:03:56 PM:53;1780315436053;;
248;183;0.3383284;0.4881266;0.4494952;0.3002172;375.1;0.1011383;True;6/1/2026 7:03:56 PM:145;1780315436145;;
246;169;0.335638;0.4502409;0.3170435;0.2576963;374.7;0.1233677;True;6/1/2026 7:03:56 PM:227;1780315436227;;
246;164;0.3362015;0.4382038;0.3464792;0.3122069;376.3;0.1231892;True;6/1/2026 7:03:56 PM:323;1780315436323;;
259;164;0.3536266;0.4362735;0.4708931;0.348676;378.1;0.09576243;True;6/1/2026 7:03:56 PM:394;1780315436394;;
261;171;0.356795;0.4560334;0.4261041;0.5732908;377.6;0.08937871;True;6/1/2026 7:03:56 PM:479;1780315436479;;
265;172;0.3613318;0.4584519;0.444266;0.5062675;379.0;0.0990399;True;6/1/2026 7:03:56 PM:555;1780315436555;;
267;173;0.3647594;0.4623;0.4441301;0.5274997;379.6;0.1017035;True;6/1/2026 7:03:56 PM:651;1780315436651;;
267;168;0.364792;0.4472837;0.4287926;0.3270442;381.2;0.09778079;True;6/1/2026 7:03:56 PM:729;1780315436729;;
268;168;0.3659096;0.4472422;0.3793993;0.4391699;381.7;0.1056849;True;6/1/2026 7:03:56 PM:819;1780315436819;;
269;163;0.3671619;0.4352671;0.4246554;0.3131443;382.6;0.1042487;True;6/1/2026 7:03:56 PM:900;1780315436900;;
271;173;0.3693901;0.4610623;0.4343707;0.5984621;383.0;0.1082904;True;6/1/2026 7:03:57 PM:0;1780315437000;;
271;173;0.3695517;0.4627419;0.421332;0.5125551;383.2;0.105449;True;6/1/2026 7:03:57 PM:91;1780315437091;;
271;178;0.3698929;0.4741146;0.4187635;0.5921853;382.2;0.09410203;True;6/1/2026 7:03:57 PM:191;1780315437191;;
272;178;0.3708929;0.4746381;0.395753;0.5110036;382.8;0.1036534;True;6/1/2026 7:03:57 PM:273;1780315437273;;
259;178;0.3534252;0.4751089;0.2777534;0.4930617;382.8;0.1194049;True;6/1/2026 7:03:57 PM:367;1780315437367;;
249;169;0.3403272;0.4496745;0.2607895;0.3028125;382.5;0.1202734;True;6/1/2026 7:03:57 PM:454;1780315437454;;
242;170;0.3303456;0.4526569;0.2496452;0.5060529;382.3;0.1215819;True;6/1/2026 7:03:57 PM:538;1780315437538;;
241;149;0.3296007;0.3989289;0.2886341;0.1678511;382.1;0.1246123;True;6/1/2026 7:03:57 PM:618;1780315437618;;
259;148;0.3537125;0.3947157;0.4464213;0.308847;382.4;0.1056802;True;6/1/2026 7:03:57 PM:713;1780315437713;;
261;128;0.3568889;0.3425603;0.3991643;0.09089334;382.7;0.1100928;True;6/1/2026 7:03:57 PM:797;1780315437797;;
261;128;0.3568994;0.3412602;0.3684687;0.2820375;382.4;0.1097302;True;6/1/2026 7:03:57 PM:880;1780315437880;;
274;124;0.3737712;0.330203;0.4743904;0.1764663;382.9;0.08691452;True;6/1/2026 7:03:57 PM:963;1780315437963;;
281;127;0.3829404;0.339504;0.4691751;0.4042477;383.8;0.107156;True;6/1/2026 7:03:58 PM:52;1780315438052;;
285;125;0.389033;0.3338332;0.473875;0.2280439;382.0;0.107484;True;6/1/2026 7:03:58 PM:132;1780315438132;;
287;133;0.3920321;0.3540868;0.4674092;0.4742475;380.4;0.1076181;True;6/1/2026 7:03:58 PM:218;1780315438218;;
287;117;0.392184;0.3137829;0.4504006;0.1017254;379.8;0.1125539;True;6/1/2026 7:03:58 PM:297;1780315438297;;
289;130;0.3937903;0.3481223;0.4638662;0.504254;379.5;0.1075005;True;6/1/2026 7:03:58 PM:398;1780315438398;;
289;146;0.3937457;0.3898727;0.3932652;0.6090048;379.0;0.1104656;True;6/1/2026 7:03:58 PM:471;1780315438471;;
291;154;0.396911;0.4099075;0.4641173;0.5768607;379.1;0.1138241;True;6/1/2026 7:03:58 PM:561;1780315438561;;
291;157;0.3977785;0.417614;0.4194398;0.5587662;378.2;0.1155391;True;6/1/2026 7:03:58 PM:637;1780315438637;;
294;154;0.401244;0.4107421;0.4673921;0.3597458;377.9;0.1157971;True;6/1/2026 7:03:58 PM:733;1780315438733;;
294;154;0.4018635;0.4109495;0.4374593;0.4462601;377.6;0.1152047;True;6/1/2026 7:03:58 PM:809;1780315438809;;
297;137;0.4051547;0.3659457;0.4736367;0.175544;377.6;0.1213309;True;6/1/2026 7:03:58 PM:900;1780315438900;;
297;137;0.4051859;0.3659004;0.4554474;0.3599528;377.3;0.1093176;True;6/1/2026 7:03:58 PM:983;1780315438983;;
300;137;0.4091852;0.3653843;0.4861075;0.3351173;377.4;0.1115721;True;6/1/2026 7:03:59 PM:74;1780315439074;;
302;135;0.4122022;0.3609516;0.4910286;0.2794037;377.5;0.1161955;True;6/1/2026 7:03:59 PM:155;1780315439155;;
307;135;0.418948;0.3606417;0.5141663;0.3420843;378.9;0.1117079;True;6/1/2026 7:03:59 PM:256;1780315439256;;
307;135;0.4190155;0.3612377;0.4903009;0.3768257;380.5;0.1134984;True;6/1/2026 7:03:59 PM:341;1780315439341;;
308;151;0.4206022;0.4021842;0.4403254;0.5993395;380.3;0.1081217;True;6/1/2026 7:03:59 PM:426;1780315439426;;
308;146;0.4204244;0.3897523;0.4184572;0.2893295;381.1;0.115151;True;6/1/2026 7:03:59 PM:515;1780315439515;;
308;158;0.4208917;0.4208462;0.4368619;0.5893118;380.3;0.1149134;True;6/1/2026 7:03:59 PM:611;1780315439611;;
310;157;0.4226499;0.4177895;0.4694812;0.3756765;380.1;0.1131529;True;6/1/2026 7:03:59 PM:700;1780315439700;;
310;164;0.4230527;0.4377203;0.4324536;0.5783527;378.9;0.1225002;True;6/1/2026 7:03:59 PM:807;1780315439807;;
310;171;0.4230886;0.457061;0.4240724;0.6258214;378.1;0.1152333;True;6/1/2026 7:03:59 PM:895;1780315439895;;
271;173;0.3700951;0.4624578;0.2248618;0.5870133;378.4;0.1231726;True;6/1/2026 7:03:59 PM:989;1780315439989;;
247;168;0.3366029;0.4482475;0.1991375;0.3569105;377.2;0.1247916;True;6/1/2026 7:04:00 PM:67;1780315440067;;
219;172;0.2985838;0.4575655;0.1551093;0.5770719;375.8;0.1221291;True;6/1/2026 7:04:00 PM:164;1780315440164;;
215;173;0.2936553;0.4621917;0.2111178;0.5744261;374.3;0.1248114;True;6/1/2026 7:04:00 PM:244;1780315440244;;
213;175;0.2907554;0.4662918;0.215144;0.5795766;372.9;0.1308968;True;6/1/2026 7:04:00 PM:345;1780315440345;;
214;153;0.2928213;0.407772;0.3091305;0.2012435;371.7;0.1269415;True;6/1/2026 7:04:00 PM:426;1780315440426;;
213;153;0.2914971;0.4079599;0.2415688;0.4195862;370.3;0.1346582;True;6/1/2026 7:04:00 PM:533;1780315440533;;
221;140;0.3022106;0.374934;0.3659086;0.189509;369.0;0.1407674;False;6/1/2026 7:04:00 PM:606;1780315440606;;
260;125;0.3542427;0.3325397;0.4918122;0.131149;367.9;0.1461538;False;6/1/2026 7:04:00 PM:711;1780315440711;;
277;120;0.3781908;0.3199341;0.4992342;0.1622794;367.6;0.1575755;False;6/1/2026 7:04:00 PM:789;1780315440789;;
289;119;0.3948885;0.3173802;0.5027895;0.2057445;367.6;0.1611559;False;6/1/2026 7:04:00 PM:879;1780315440879;;
299;113;0.408262;0.3007665;0.5184129;0.1155995;367.3;0.1637466;False;6/1/2026 7:04:00 PM:967;1780315440967;;
305;109;0.4164786;0.2900131;0.5170065;0.1160995;366.6;0.1600696;False;6/1/2026 7:04:01 PM:63;1780315441063;;
308;106;0.4207338;0.2843179;0.5166598;0.1162467;367.0;0.1636062;False;6/1/2026 7:04:01 PM:144;1780315441144;;
309;105;0.4212158;0.2806835;0.4940582;0.1912973;368.1;0.1702936;False;6/1/2026 7:04:01 PM:234;1780315441234;;
310;105;0.4225756;0.2799929;0.5061869;0.1553191;369.1;0.1612336;False;6/1/2026 7:04:01 PM:318;1780315441318;;
310;104;0.4234279;0.2770165;0.4928824;0.209092;370.0;0.1819723;False;6/1/2026 7:04:01 PM:411;1780315441411;;
312;101;0.4251549;0.2701238;0.5105491;0.1184567;370.2;0.1694868;False;6/1/2026 7:04:01 PM:487;1780315441487;;
313;98;0.4269497;0.2623989;0.4828013;0.1030778;371.0;0.1578493;False;6/1/2026 7:04:01 PM:577;1780315441577;;
308;94;0.4204136;0.2515443;0.3861203;0.07165837;371.9;0.1617382;False;6/1/2026 7:04:01 PM:676;1780315441676;;
307;94;0.4191294;0.2504081;0.4041963;0.1048857;373.5;0.1530861;False;6/1/2026 7:04:01 PM:772;1780315441772;;
307;92;0.4188674;0.2464366;0.4122159;0.08283576;376.7;0.1568545;False;6/1/2026 7:04:01 PM:864;1780315441864;;
305;91;0.4163579;0.2426813;0.3829294;0.1418362;378.6;0.1518398;False;6/1/2026 7:04:01 PM:958;1780315441958;;
306;91;0.4170527;0.2426209;0.4351124;0.2420175;381.5;0.1499827;False;6/1/2026 7:04:02 PM:38;1780315442038;;
287;91;0.3922827;0.2424695;0.284189;0.240386;383.6;0.153091;False;6/1/2026 7:04:02 PM:131;1780315442131;;
287;89;0.3921031;0.2383933;0.3772179;0.1348939;385.4;0.1581222;False;6/1/2026 7:04:02 PM:202;1780315442202;;
293;90;0.3998268;0.2403225;0.4550535;0.2644629;388.4;0.1637661;False;6/1/2026 7:04:02 PM:292;1780315442292;;
297;96;0.4059218;0.2563238;0.4664162;0.3746952;391.3;0.139674;False;6/1/2026 7:04:02 PM:373;1780315442373;;
298;126;0.4073241;0.3366354;0.4446393;0.6005906;394.0;0.1587047;False;6/1/2026 7:04:02 PM:470;1780315442470;;
302;126;0.4116011;0.3368302;0.4765283;0.3421375;396.9;0.1596218;False;6/1/2026 7:04:02 PM:544;1780315442544;;
303;126;0.4140466;0.3370582;0.4707592;0.3456592;398.2;0.1560374;False;6/1/2026 7:04:02 PM:637;1780315442637;;
306;123;0.4174229;0.3281171;0.4871169;0.2368622;399.1;0.1591111;False;6/1/2026 7:04:02 PM:713;1780315442713;;
307;123;0.4192436;0.3272525;0.4817975;0.2943171;400.6;0.1596163;False;6/1/2026 7:04:02 PM:809;1780315442809;;
312;113;0.425276;0.3005944;0.517083;0.1160984;404.1;0.1580983;False;6/1/2026 7:04:02 PM:881;1780315442881;;
312;112;0.4253168;0.3000959;0.4857746;0.2725602;405.5;0.1590855;False;6/1/2026 7:04:02 PM:966;1780315442966;;
315;105;0.4301929;0.2805541;0.5195152;0.1152105;404.7;0.1626807;False;6/1/2026 7:04:03 PM:51;1780315443051;;
316;103;0.4317008;0.2739416;0.5085306;0.1493233;406.1;0.1576788;False;6/1/2026 7:04:03 PM:145;1780315443145;;
318;101;0.433528;0.2698789;0.5158206;0.1455448;407.1;0.1490606;False;6/1/2026 7:04:03 PM:224;1780315443224;;
319;98;0.4354194;0.2628405;0.5200775;0.1150165;407.7;0.157599;False;6/1/2026 7:04:03 PM:307;1780315443307;;
320;98;0.4372709;0.2624901;0.4861134;0.258181;411.6;0.1419946;False;6/1/2026 7:04:03 PM:384;1780315443384;;
322;142;0.4387377;0.3802743;0.45711;0.6606415;414.1;0.1339573;True;6/1/2026 7:04:03 PM:479;1780315443479;;
322;153;0.4390378;0.4091428;0.4440008;0.5859187;416.0;0.1393595;False;6/1/2026 7:04:03 PM:552;1780315443552;;
322;171;0.4391239;0.4568079;0.440726;0.6818812;417.1;0.1426429;False;6/1/2026 7:04:03 PM:640;1780315443640;;
322;185;0.4391662;0.4927149;0.4403782;0.7141816;417.9;0.1433002;False;6/1/2026 7:04:03 PM:730;1780315443730;;
322;192;0.4391829;0.5115126;0.4399172;0.7073933;419.9;0.142443;False;6/1/2026 7:04:03 PM:815;1780315443815;;
322;192;0.4392074;0.512787;0.4499612;0.6182856;421.0;0.1295626;True;6/1/2026 7:04:03 PM:903;1780315443903;;
321;196;0.4384369;0.5219767;0.4229689;0.6853348;422.0;0.132125;True;6/1/2026 7:04:04 PM:11;1780315444011;;
321;197;0.4384594;0.5254056;0.4423292;0.6801307;423.6;0.1276995;True;6/1/2026 7:04:04 PM:84;1780315444084;;
321;200;0.4384438;0.5325265;0.4361935;0.7048874;422.5;0.1285434;True;6/1/2026 7:04:04 PM:182;1780315444182;;
321;206;0.4379822;0.5487851;0.4213696;0.7673185;423.7;0.1306285;True;6/1/2026 7:04:04 PM:267;1780315444267;;
321;207;0.4379488;0.5523391;0.4303251;0.6771724;424.1;0.131064;True;6/1/2026 7:04:04 PM:363;1780315444363;;
321;213;0.4376205;0.5666608;0.4203615;0.7773017;424.9;0.1272508;True;6/1/2026 7:04:04 PM:450;1780315444450;;
319;213;0.4357559;0.5679042;0.3995852;0.7169141;425.7;0.1197539;True;6/1/2026 7:04:04 PM:553;1780315444553;;
303;207;0.412943;0.5528981;0.2899829;0.4726741;424.0;0.1210816;True;6/1/2026 7:04:04 PM:627;1780315444627;;
282;208;0.3851951;0.5554536;0.2576239;0.6668226;421.7;0.1265123;True;6/1/2026 7:04:04 PM:731;1780315444731;;
277;183;0.3783557;0.4876168;0.2837992;0.2685265;419.7;0.1305508;True;6/1/2026 7:04:04 PM:813;1780315444813;;
276;183;0.3769078;0.4873272;0.3573625;0.4795044;417.1;0.1339862;True;6/1/2026 7:04:04 PM:906;1780315444906;;
276;161;0.3771084;0.429988;0.379866;0.1874192;415.5;0.1296813;True;6/1/2026 7:04:04 PM:979;1780315444979;;
276;159;0.3766618;0.4248681;0.3642132;0.3425093;414.1;0.1290216;True;6/1/2026 7:04:05 PM:88;1780315445088;;
276;157;0.3765959;0.4183383;0.3547514;0.307439;411.8;0.1373252;False;6/1/2026 7:04:05 PM:170;1780315445170;;
279;163;0.3811075;0.4353216;0.4195013;0.5375126;409.9;0.1407312;False;6/1/2026 7:04:05 PM:269;1780315445269;;
292;144;0.3986376;0.3851026;0.4939034;0.1570988;407.7;0.1444645;False;6/1/2026 7:04:05 PM:354;1780315445354;;
291;152;0.3971768;0.4050886;0.3765867;0.525843;408.4;0.181749;False;6/1/2026 7:04:05 PM:443;1780315445443;;
295;152;0.4027424;0.4068761;0.4615209;0.4507483;407.8;0.225738;False;6/1/2026 7:04:05 PM:530;1780315445530;;
292;158;0.3980724;0.4228218;0.3572965;0.5557836;408.2;0.2348365;False;6/1/2026 7:04:05 PM:624;1780315445624;;
293;161;0.3996477;0.4282772;0.4320207;0.5363283;408.2;0.2353846;False;6/1/2026 7:04:05 PM:698;1780315445698;;
303;136;0.4129203;0.3641502;0.4980783;0.1535307;410.2;0.2312231;False;6/1/2026 7:04:05 PM:796;1780315445796;;
295;120;0.4032354;0.3197657;0.34313;0.1078947;411.6;0.2290679;False;6/1/2026 7:04:05 PM:882;1780315445882;;
294;120;0.4013413;0.3194019;0.3728433;0.2843726;412.5;0.2307813;False;6/1/2026 7:04:05 PM:988;1780315445988;;
294;101;0.4013806;0.2694464;0.4038783;0.02626864;412.7;0.235917;False;6/1/2026 7:04:06 PM:71;1780315446071;;
308;96;0.4201682;0.2563924;0.5149597;0.09710833;413.6;0.2366252;False;6/1/2026 7:04:06 PM:162;1780315446162;;
308;96;0.4203346;0.2562371;0.4309969;0.2542966;414.1;0.2400225;False;6/1/2026 7:04:06 PM:247;1780315446247;;
282;96;0.384643;0.2565407;0.2663819;0.2612574;412.8;0.2454317;False;6/1/2026 7:04:06 PM:345;1780315446345;;
276;96;0.3765817;0.2562478;0.3036619;0.231128;412.5;0.2372172;False;6/1/2026 7:04:06 PM:431;1780315446431;;
276;99;0.377324;0.2643147;0.3872892;0.3369854;410.6;0.2456113;False;6/1/2026 7:04:06 PM:541;1780315446541;;
285;99;0.3889754;0.2640583;0.4628071;0.248933;408.9;0.2503603;False;6/1/2026 7:04:06 PM:624;1780315446624;;
285;99;0.3887412;0.2634857;0.3812797;0.2384001;405.7;0.2610492;False;6/1/2026 7:04:06 PM:727;1780315446727;;
285;84;0.3888798;0.2250217;0.3994986;0.01929262;400.4;0.2812229;False;6/1/2026 7:04:06 PM:810;1780315446810;;
291;82;0.3964768;0.220108;0.4618953;0.118922;396.5;0.2805126;False;6/1/2026 7:04:06 PM:903;1780315446903;;
303;82;0.4132166;0.2191655;0.5154783;0.1897661;392.5;0.265205;False;6/1/2026 7:04:06 PM:995;1780315446995;;
313;79;0.4272199;0.21028;0.5280033;0.09059563;389.4;0.2598378;False;6/1/2026 7:04:07 PM:105;1780315447105;;
314;72;0.4290597;0.1929873;0.4989398;0.02442571;387.0;0.2645414;False;6/1/2026 7:04:07 PM:205;1780315447205;;
320;69;0.4363036;0.1855017;0.5298035;0.041014;384.7;0.2612507;False;6/1/2026 7:04:07 PM:320;1780315447320;;
321;69;0.437672;0.1846796;0.4523748;0.0637781;383.3;0.2612321;False;6/1/2026 7:04:07 PM:414;1780315447414;;
315;69;0.4304721;0.1838114;0.3886314;0.07665273;380.5;0.2704736;False;6/1/2026 7:04:07 PM:511;1780315447511;;
314;70;0.4284677;0.1862152;0.4039818;0.2057219;381.5;0.2522822;False;6/1/2026 7:04:07 PM:612;1780315447612;;
321;69;0.4378519;0.185417;0.5054309;0.1665412;381.6;0.2360671;False;6/1/2026 7:04:07 PM:721;1780315447721;;
321;69;0.4381163;0.1857263;0.4509986;0.1921135;380.3;0.2433155;False;6/1/2026 7:04:07 PM:825;1780315447825;;
321;68;0.4382926;0.180918;0.4614299;0.09886793;380.5;0.2420839;False;6/1/2026 7:04:07 PM:927;1780315447927;;
272;68;0.3719309;0.1809758;0.2155414;0.1823735;381.2;0.2307642;False;6/1/2026 7:04:08 PM:25;1780315448025;;
272;68;0.3719121;0.1831757;0.3658613;0.2191992;381.3;0.2478506;False;6/1/2026 7:04:08 PM:128;1780315448128;;
284;68;0.3870422;0.1832833;0.4700987;0.1922035;381.4;0.2494945;False;6/1/2026 7:04:08 PM:225;1780315448225;;
296;68;0.4042296;0.1828293;0.5017166;0.1619302;380.9;0.2419347;False;6/1/2026 7:04:08 PM:330;1780315448330;;
298;129;0.4072334;0.3451366;0.4721945;0.7091397;382.0;0.238167;False;6/1/2026 7:04:08 PM:418;1780315448418;;
299;164;0.4075588;0.4375682;0.4499266;0.7265309;382.0;0.2372124;False;6/1/2026 7:04:08 PM:511;1780315448511;;
299;177;0.4083634;0.4716818;0.4617529;0.6911227;382.3;0.2416181;False;6/1/2026 7:04:08 PM:594;1780315448594;;
300;178;0.4093156;0.4741265;0.4653836;0.5886541;382.6;0.2416554;False;6/1/2026 7:04:08 PM:687;1780315448687;;
301;178;0.4109569;0.4748354;0.4756094;0.5638347;382.5;0.2361308;False;6/1/2026 7:04:08 PM:765;1780315448765;;
303;175;0.4135973;0.4669961;0.4860223;0.4102179;382.3;0.2449675;False;6/1/2026 7:04:08 PM:855;1780315448855;;
269;142;0.3673097;0.3793833;0.2497231;0.1277151;382.5;0.2426665;False;6/1/2026 7:04:08 PM:954;1780315448954;;
270;120;0.3680959;0.319974;0.4007197;0.08333021;383.3;0.2449998;False;6/1/2026 7:04:09 PM:49;1780315449049;;
258;109;0.3526049;0.29215;0.2750149;0.09628425;382.8;0.2464606;False;6/1/2026 7:04:09 PM:143;1780315449143;;
257;99;0.3505214;0.2649331;0.3166932;0.06106155;383.2;0.2400768;False;6/1/2026 7:04:09 PM:252;1780315449252;;
248;98;0.3391576;0.2621027;0.2555565;0.2198761;384.2;0.2496489;False;6/1/2026 7:04:09 PM:344;1780315449344;;
248;99;0.3390367;0.2644853;0.308367;0.2864718;383.7;0.2366416;False;6/1/2026 7:04:09 PM:447;1780315449447;;
270;134;0.3689593;0.356869;0.4712842;0.6124731;384.6;0.2372615;False;6/1/2026 7:04:09 PM:548;1780315449548;;
286;133;0.3905524;0.3563457;0.4864458;0.3392274;384.7;0.2423222;False;6/1/2026 7:04:09 PM:663;1780315449663;;
314;133;0.4289094;0.3563459;0.5670119;0.3567046;384.6;0.2517971;False;6/1/2026 7:04:09 PM:771;1780315449771;;
299;121;0.4074525;0.3230307;0.3331381;0.1577438;384.6;0.2445013;False;6/1/2026 7:04:09 PM:891;1780315449891;;
294;121;0.4018921;0.3228534;0.3537695;0.2749563;384.0;0.2315785;False;6/1/2026 7:04:09 PM:995;1780315449995;;
296;130;0.4034745;0.3462092;0.4252644;0.459375;384.1;0.1016523;True;6/1/2026 7:04:10 PM:134;1780315450134;;
296;133;0.403482;0.3556721;0.4048232;0.4570604;382.2;0.04848485;True;6/1/2026 7:04:10 PM:242;1780315450242;;
284;108;0.3873646;0.2875938;0.308185;0.08388413;381.2;0.1808115;False;6/1/2026 7:04:10 PM:371;1780315450371;;
280;104;0.3826933;0.2768143;0.3215104;0.1607248;380.1;0.1935838;False;6/1/2026 7:04:10 PM:477;1780315450477;;
263;100;0.3587569;0.2685583;0.2403683;0.1490449;379.3;0.1880256;False;6/1/2026 7:04:10 PM:589;1780315450589;;
254;98;0.3465527;0.2625924;0.2426974;0.1416508;378.2;0.1881511;False;6/1/2026 7:04:10 PM:707;1780315450707;;
257;168;0.3511868;0.4486898;0.3740995;0.7499269;378.3;0.04687674;True;6/1/2026 7:04:10 PM:837;1780315450837;;
183;166;0.2499516;0.4429863;0.05632878;0.3618992;379.5;0.1579561;False;6/1/2026 7:04:10 PM:956;1780315450956;;
160;174;0.2184925;0.4645919;0.08899046;0.5797446;380.5;0.1485382;False;6/1/2026 7:04:11 PM:82;1780315451082;;
196;194;0.2671935;0.5178928;0.3756833;0.7259032;381.3;0.04313702;True;6/1/2026 7:04:11 PM:208;1780315451208;;
156;168;0.2133762;0.4491341;0.07013313;0.2544492;382.5;0.1605394;False;6/1/2026 7:04:11 PM:336;1780315451336;;
131;170;0.1792339;0.4532035;0.04408529;0.5095367;383.1;0.1668225;False;6/1/2026 7:04:11 PM:457;1780315451457;;
125;175;0.1713047;0.4669211;0.0771335;0.5799698;383.4;0.1652294;False;6/1/2026 7:04:11 PM:593;1780315451593;;
172;204;0.2351935;0.5448577;0.3576406;0.8078687;386.7;0.06630206;True;6/1/2026 7:04:11 PM:716;1780315451716;;
170;205;0.2317595;0.547366;0.17922;0.5913563;388.9;0.1357397;False;6/1/2026 7:04:11 PM:841;1780315451841;;
145;208;0.1988116;0.5540308;0.06690259;0.6766233;388.2;0.1687706;False;6/1/2026 7:04:11 PM:953;1780315451953;;
135;209;0.1840311;0.55601;0.07455605;0.5962783;387.2;0.1747326;False;6/1/2026 7:04:12 PM:70;1780315452070;;
133;209;0.1824532;0.5564385;0.1321707;0.5646345;385.7;0.1761985;False;6/1/2026 7:04:12 PM:163;1780315452163;;
127;208;0.1740574;0.5553709;0.06291346;0.5325465;384.6;0.1773597;False;6/1/2026 7:04:12 PM:225;1780315452225;;
134;166;0.1830247;0.4433255;0.2445608;0.0488263;384.0;0.1769599;False;6/1/2026 7:04:12 PM:272;1780315452272;;
135;139;0.1850005;0.3700967;0.2098096;0.04880013;383.4;0.1769498;False;6/1/2026 7:04:12 PM:321;1780315452321;;
129;125;0.1759107;0.3347779;0.08020692;0.1195919;382.7;0.1777279;False;6/1/2026 7:04:12 PM:383;1780315452383;;
126;118;0.1722147;0.3145847;0.08992496;0.1115074;382.7;0.1772455;False;6/1/2026 7:04:12 PM:429;1780315452429;;
124;109;0.1695961;0.2922763;0.0912127;0.06864035;383.6;0.1774906;False;6/1/2026 7:04:12 PM:476;1780315452476;;
116;116;0.1584597;0.31062;0.04319299;0.4329735;384.3;0.1773865;False;6/1/2026 7:04:12 PM:539;1780315452539;;
115;112;0.1571603;0.2986248;0.08109097;0.1480015;383.6;0.1762167;False;6/1/2026 7:04:12 PM:596;1780315452596;;
114;105;0.1565054;0.2798524;0.1467046;0.08569825;383.1;0.1775988;False;6/1/2026 7:04:12 PM:652;1780315452652;;
110;108;0.1509872;0.2875727;0.06285055;0.3550644;383.2;0.180591;False;6/1/2026 7:04:12 PM:725;1780315452725;;
110;100;0.150825;0.2673388;0.09024806;0.07538786;383.9;0.1755735;False;6/1/2026 7:04:12 PM:780;1780315452780;;
110;95;0.1508064;0.2531499;0.09173035;0.06919953;383.2;0.1866832;False;6/1/2026 7:04:12 PM:829;1780315452829;;
110;95;0.150015;0.2530488;0.08278685;0.1743033;383.7;0.1815461;False;6/1/2026 7:04:12 PM:890;1780315452890;;
110;93;0.1498954;0.2486437;0.09105951;0.110377;384.2;0.1816973;False;6/1/2026 7:04:12 PM:933;1780315452933;;
109;89;0.1489893;0.2390986;0.1154022;0.06003545;383.9;0.1844721;False;6/1/2026 7:04:12 PM:979;1780315452979;;
108;89;0.1483206;0.2375628;0.135475;0.1727672;384.5;0.1796106;False;6/1/2026 7:04:13 PM:40;1780315453040;;
108;86;0.1472426;0.230196;0.09018046;0.06891875;385.2;0.1778664;False;6/1/2026 7:04:13 PM:93;1780315453093;;
107;84;0.1465025;0.2251081;0.09045263;0.06885167;385.0;0.1812523;False;6/1/2026 7:04:13 PM:140;1780315453140;;
106;84;0.1452298;0.2250352;0.08340139;0.114977;384.8;0.1811509;False;6/1/2026 7:04:13 PM:199;1780315453199;;
106;83;0.1451626;0.2211928;0.09651161;0.06703363;385.5;0.1777701;False;6/1/2026 7:04:13 PM:243;1780315453243;;
106;82;0.1448914;0.2182027;0.09126215;0.06861986;386.0;0.1736057;False;6/1/2026 7:04:13 PM:292;1780315453292;;
105;80;0.1443906;0.2145783;0.1313203;0.05392195;386.0;0.174875;False;6/1/2026 7:04:13 PM:338;1780315453338;;
105;80;0.1440697;0.2148826;0.136866;0.2183341;386.0;0.1746963;False;6/1/2026 7:04:13 PM:400;1780315453400;;
104;79;0.1426463;0.2108403;0.08725154;0.06898306;386.7;0.1779642;False;6/1/2026 7:04:13 PM:444;1780315453444;;
104;78;0.1417952;0.2076386;0.09100395;0.06867266;385.9;0.1798239;False;6/1/2026 7:04:13 PM:490;1780315453490;;
103;77;0.1416128;0.205446;0.1076174;0.07486343;386.9;0.1826376;False;6/1/2026 7:04:13 PM:546;1780315453546;;
103;76;0.1409311;0.2034758;0.09160194;0.06851404;387.8;0.1828186;False;6/1/2026 7:04:13 PM:592;1780315453592;;
102;75;0.1403125;0.2018681;0.09077578;0.06873088;387.1;0.1810184;False;6/1/2026 7:04:13 PM:645;1780315453645;;
102;75;0.1399438;0.2007349;0.09178741;0.06845493;387.2;0.1838069;False;6/1/2026 7:04:13 PM:691;1780315453691;;
102;75;0.139855;0.1995847;0.09592824;0.06720157;387.1;0.175855;False;6/1/2026 7:04:13 PM:747;1780315453747;;
102;74;0.1397152;0.1989544;0.09403936;0.06783054;387.0;0.17604;False;6/1/2026 7:04:13 PM:790;1780315453790;;
102;74;0.1393502;0.1972117;0.1297792;0.05454414;387.1;0.1731526;False;6/1/2026 7:04:13 PM:842;1780315453842;;
102;73;0.1391087;0.1964794;0.1123012;0.06115341;388.2;0.1800712;False;6/1/2026 7:04:13 PM:893;1780315453893;;
102;73;0.1390088;0.1944482;0.1364358;0.1001985;389.2;0.1799367;False;6/1/2026 7:04:13 PM:953;1780315453953;;
101;72;0.1378288;0.1938902;0.09049162;0.06882625;389.6;0.1790681;False;6/1/2026 7:04:13 PM:999;1780315453999;;
100;72;0.1367053;0.1934309;0.08879945;0.06921687;389.9;0.1789189;False;6/1/2026 7:04:14 PM:49;1780315454049;;
100;72;0.1363842;0.1930403;0.1193243;0.07846672;389.7;0.1793909;False;6/1/2026 7:04:14 PM:107;1780315454107;;
99;72;0.1353228;0.1926041;0.08830846;0.06927411;389.3;0.1747888;False;6/1/2026 7:04:14 PM:158;1780315454158;;
96;75;0.1320373;0.2007376;0.06243981;0.2710507;389.0;0.1777009;False;6/1/2026 7:04:14 PM:211;1780315454211;;
93;89;0.1268671;0.237354;0.04563122;0.4189853;388.8;0.1774874;False;6/1/2026 7:04:14 PM:275;1780315454275;;
92;84;0.1264761;0.225669;0.08948106;0.06908567;389.1;0.1761866;False;6/1/2026 7:04:14 PM:321;1780315454321;;
92;81;0.1260222;0.2159973;0.111834;0.06134433;389.3;0.1764493;False;6/1/2026 7:04:14 PM:369;1780315454369;;
92;79;0.1259481;0.2117453;0.1243095;0.09431298;388.6;0.1855111;False;6/1/2026 7:04:14 PM:428;1780315454428;;
92;77;0.1257726;0.2066893;0.09365053;0.06827752;388.9;0.1768137;False;6/1/2026 7:04:14 PM:476;1780315454476;;
92;76;0.1255807;0.2027198;0.09247778;0.06827327;389.2;0.1768465;False;6/1/2026 7:04:14 PM:528;1780315454528;;
91;76;0.1252943;0.2022713;0.09004945;0.1006526;389.4;0.1756127;False;6/1/2026 7:04:14 PM:587;1780315454587;;
91;75;0.1252616;0.1994928;0.09384021;0.06808233;389.3;0.1740832;False;6/1/2026 7:04:14 PM:637;1780315454637;;
91;74;0.1249886;0.1975056;0.08792031;0.06933442;389.4;0.1797287;False;6/1/2026 7:04:14 PM:687;1780315454687;;
91;73;0.1249541;0.1955222;0.09235395;0.06830474;389.5;0.1796508;False;6/1/2026 7:04:14 PM:754;1780315454754;;
91;73;0.1247711;0.1944965;0.08832271;0.0692872;389.7;0.1721963;False;6/1/2026 7:04:14 PM:802;1780315454802;;
91;72;0.1244702;0.1937465;0.08494411;0.06986854;389.9;0.1758948;False;6/1/2026 7:04:14 PM:852;1780315454852;;
90;75;0.1231881;0.2002002;0.07132537;0.2548437;390.2;0.1735851;False;6/1/2026 7:04:14 PM:915;1780315454915;;
93;75;0.126951;0.2007749;0.1684678;0.2128791;389.6;0.1779237;False;6/1/2026 7:04:14 PM:963;1780315454963;;
92;73;0.1264218;0.1953451;0.09065612;0.0687824;389.9;0.1763932;False;6/1/2026 7:04:15 PM:10;1780315455010;;
91;73;0.1245617;0.1959417;0.07418311;0.2069948;390.1;0.1761872;False;6/1/2026 7:04:15 PM:76;1780315455076;;
91;71;0.1243391;0.1897452;0.1020782;0.06505925;389.5;0.1659797;False;6/1/2026 7:04:15 PM:127;1780315455127;;
169;103;0.2310512;0.2749985;0.4708634;0.5845978;388.6;0.1689069;False;6/1/2026 7:04:15 PM:181;1780315455181;;
233;103;0.3180097;0.2744727;0.515416;0.2309491;387.1;0.1739914;False;6/1/2026 7:04:15 PM:248;1780315455248;;
272;101;0.3712763;0.2697271;0.5548614;0.1630945;386.4;0.1771273;False;6/1/2026 7:04:15 PM:296;1780315455296;;
307;97;0.4191688;0.2580604;0.603844;0.09103191;384.9;0.1815475;False;6/1/2026 7:04:15 PM:342;1780315455342;;
322;96;0.4394516;0.2572228;0.5501297;0.1787851;383.6;0.1814574;False;6/1/2026 7:04:15 PM:403;1780315455403;;
333;102;0.4540634;0.2717051;0.5607342;0.3901757;382.9;0.1761152;False;6/1/2026 7:04:15 PM:458;1780315455458;;
342;101;0.4665378;0.2692716;0.5794615;0.1875575;381.3;0.176711;False;6/1/2026 7:04:15 PM:505;1780315455505;;
344;101;0.4688343;0.2692438;0.5290532;0.2681613;380.1;0.1745373;False;6/1/2026 7:04:15 PM:566;1780315455566;;
356;96;0.4850139;0.2579022;0.6189929;0.105944;378.7;0.1765743;False;6/1/2026 7:04:15 PM:615;1780315455615;;
357;96;0.4863761;0.2553838;0.5520735;0.1619619;377.5;0.1765686;False;6/1/2026 7:04:15 PM:666;1780315455666;;
356;96;0.4854729;0.2577501;0.4750619;0.2928786;377.5;0.17417;False;6/1/2026 7:04:15 PM:732;1780315455732;;
375;91;0.5119744;0.2429283;0.6705815;0.07244761;377.2;0.1746666;False;6/1/2026 7:04:15 PM:782;1780315455782;;
374;95;0.5099258;0.253081;0.4837804;0.3596521;377.5;0.1734449;False;6/1/2026 7:04:15 PM:832;1780315455832;;
358;112;0.4889017;0.2993422;0.3816684;0.5354949;377.7;0.173397;False;6/1/2026 7:04:15 PM:891;1780315455891;;
358;112;0.488906;0.2993507;0.4960791;0.3004592;378.0;0.1708353;False;6/1/2026 7:04:15 PM:949;1780315455949;;
364;112;0.4968314;0.2986853;0.5742311;0.2721058;378.5;0.1732991;False;6/1/2026 7:04:16 PM:12;1780315456012;;
344;137;0.4699818;0.3646463;0.3596167;0.6232892;378.1;0.1735237;False;6/1/2026 7:04:16 PM:91;1780315456091;;
351;126;0.4784521;0.335225;0.5541183;0.1546643;378.6;0.1757089;False;6/1/2026 7:04:16 PM:151;1780315456151;;
355;118;0.4844809;0.3150252;0.5541116;0.1546797;379.1;0.1757057;False;6/1/2026 7:04:16 PM:216;1780315456216;;
334;142;0.4551841;0.3780971;0.3473842;0.6054457;379.4;0.1772352;False;6/1/2026 7:04:16 PM:308;1780315456308;;
329;166;0.448708;0.4440418;0.3831866;0.7183826;379.2;0.1693422;False;6/1/2026 7:04:16 PM:383;1780315456383;;
318;179;0.4339538;0.4780055;0.3329156;0.6991306;378.1;0.1781709;False;6/1/2026 7:04:16 PM:461;1780315456461;;
320;182;0.4372993;0.4850121;0.4688764;0.6310749;377.1;0.1798492;False;6/1/2026 7:04:16 PM:535;1780315456535;;
306;183;0.4170215;0.4887903;0.3111569;0.6193338;376.8;0.1819514;False;6/1/2026 7:04:16 PM:633;1780315456633;;
301;184;0.410897;0.4908809;0.326717;0.5362291;377.2;0.1696193;False;6/1/2026 7:04:16 PM:703;1780315456703;;
287;191;0.3917116;0.509532;0.277357;0.6854915;377.1;0.1771735;False;6/1/2026 7:04:16 PM:820;1780315456820;;
298;192;0.4063033;0.5119579;0.473463;0.5639256;377.2;0.1792395;False;6/1/2026 7:04:16 PM:895;1780315456895;;
288;184;0.392631;0.4917606;0.2922076;0.3849603;378.1;0.1773751;False;6/1/2026 7:04:16 PM:985;1780315456985;;
258;179;0.352528;0.4761419;0.1873764;0.3586178;378.4;0.1773535;False;6/1/2026 7:04:17 PM:66;1780315457066;;
192;178;0.2625496;0.475473;0.0461202;0.4450165;377.9;0.1801549;False;6/1/2026 7:04:17 PM:158;1780315457158;;
184;160;0.2517774;0.4260117;0.1380946;0.1882112;378.8;0.1756533;False;6/1/2026 7:04:17 PM:234;1780315457234;;
165;160;0.2248384;0.4278058;0.07117251;0.4545333;378.9;0.1749102;False;6/1/2026 7:04:17 PM:317;1780315457317;;
163;147;0.2227176;0.3936065;0.1762846;0.1764878;379.1;0.1765257;False;6/1/2026 7:04:17 PM:384;1780315457384;;
152;139;0.2075614;0.3706762;0.0801283;0.1860104;379.8;0.1703975;False;6/1/2026 7:04:17 PM:470;1780315457470;;
142;140;0.1935543;0.3743792;0.05768403;0.4119744;380.4;0.1751187;False;6/1/2026 7:04:17 PM:545;1780315457545;;
136;138;0.1865748;0.368025;0.07009745;0.2579552;380.7;0.1770009;False;6/1/2026 7:04:17 PM:638;1780315457638;;
134;138;0.1836134;0.3679286;0.1254833;0.3660805;380.6;0.1835071;False;6/1/2026 7:04:17 PM:716;1780315457716;;
130;141;0.1779305;0.3760874;0.06927598;0.454096;380.5;0.1834842;False;6/1/2026 7:04:17 PM:795;1780315457795;;
202;150;0.2764464;0.3996374;0.4714762;0.5689825;379.6;0.1874295;False;6/1/2026 7:04:17 PM:859;1780315457859;;
212;148;0.2892011;0.3947086;0.3430014;0.3323461;379.3;0.1892072;False;6/1/2026 7:04:17 PM:950;1780315457950;;
219;151;0.2989281;0.4016495;0.3588093;0.4903879;378.7;0.1922939;False;6/1/2026 7:04:18 PM:28;1780315458028;;
219;158;0.2988826;0.4227002;0.2953647;0.5820247;378.6;0.1830915;False;6/1/2026 7:04:18 PM:116;1780315458116;;
230;159;0.3136953;0.4232518;0.403421;0.4433728;379.0;0.1868676;False;6/1/2026 7:04:18 PM:188;1780315458188;;
230;163;0.3145937;0.4347763;0.3441108;0.5686609;378.7;0.1879787;False;6/1/2026 7:04:18 PM:278;1780315458278;;
237;163;0.3241126;0.4353909;0.4050817;0.4917351;377.8;0.1886554;False;6/1/2026 7:04:18 PM:364;1780315458364;;
237;169;0.3240517;0.4508599;0.3230157;0.6117796;377.3;0.1837008;False;6/1/2026 7:04:18 PM:454;1780315458454;;
240;172;0.327637;0.4587368;0.3863808;0.6090526;376.7;0.1846697;False;6/1/2026 7:04:18 PM:529;1780315458529;;
244;182;0.3329396;0.4844179;0.403528;0.701345;376.3;0.1792662;False;6/1/2026 7:04:18 PM:618;1780315458618;;
253;202;0.3453924;0.5380968;0.4479549;0.8296163;376.0;0.1891211;False;6/1/2026 7:04:18 PM:706;1780315458706;;
253;208;0.3456986;0.5557672;0.3977472;0.779278;375.4;0.1883439;False;6/1/2026 7:04:18 PM:800;1780315458800;;
262;209;0.3570954;0.5579554;0.4659986;0.7376112;375.9;0.1832079;False;6/1/2026 7:04:18 PM:883;1780315458883;;
262;210;0.3571884;0.5597128;0.4228359;0.7146577;376.4;0.1756083;False;6/1/2026 7:04:18 PM:965;1780315458965;;
271;212;0.3705311;0.5645909;0.4925704;0.6593984;377.3;0.1714701;False;6/1/2026 7:04:19 PM:47;1780315459047;;
272;213;0.3711526;0.5676441;0.4413454;0.6689568;378.2;0.1666408;False;6/1/2026 7:04:19 PM:144;1780315459144;;
261;213;0.355787;0.5690811;0.289814;0.7027264;379.8;0.1681608;False;6/1/2026 7:04:19 PM:220;1780315459220;;
262;215;0.3581238;0.572419;0.4163797;0.6304051;379.9;0.1723565;False;6/1/2026 7:04:19 PM:319;1780315459319;;
272;216;0.3714287;0.5760693;0.4856982;0.707851;380.6;0.1773211;False;6/1/2026 7:04:19 PM:387;1780315459387;;
273;217;0.372636;0.5781844;0.4025759;0.6395254;382.4;0.07220515;True;6/1/2026 7:04:19 PM:471;1780315459471;;
276;211;0.3763607;0.5635398;0.4519763;0.4670157;384.7;0.1491251;False;6/1/2026 7:04:19 PM:546;1780315459546;;
296;208;0.403643;0.5554308;0.5419317;0.4813558;383.9;0.1701263;False;6/1/2026 7:04:19 PM:643;1780315459643;;
315;198;0.4299842;0.5290059;0.5856881;0.3563382;384.9;0.1677211;False;6/1/2026 7:04:19 PM:719;1780315459719;;
313;206;0.4276115;0.5483905;0.4132451;0.6708438;385.5;0.1732976;False;6/1/2026 7:04:19 PM:814;1780315459814;;
309;212;0.4217694;0.5641047;0.3844111;0.6933385;385.6;0.1625654;False;6/1/2026 7:04:19 PM:912;1780315459912;;
310;212;0.4234592;0.5640903;0.4644755;0.5637189;386.9;0.1642859;False;6/1/2026 7:04:19 PM:998;1780315459998;;
310;216;0.4236191;0.5760099;0.4289811;0.7081593;386.2;0.1671651;False;6/1/2026 7:04:20 PM:77;1780315460077;;
309;218;0.4217405;0.5801528;0.3964449;0.680644;385.4;0.1714618;False;6/1/2026 7:04:20 PM:164;1780315460164;;
309;219;0.4214038;0.5832623;0.4091853;0.6850305;383.9;0.167819;False;6/1/2026 7:04:20 PM:251;1780315460251;;
308;220;0.4205782;0.5856572;0.3985127;0.687709;382.3;0.1680336;False;6/1/2026 7:04:20 PM:345;1780315460345;;
308;225;0.4199286;0.5985433;0.396445;0.7599844;382.1;0.1729568;False;6/1/2026 7:04:20 PM:442;1780315460442;;
308;225;0.4200173;0.6007883;0.4231675;0.6591142;382.4;0.1656999;False;6/1/2026 7:04:20 PM:528;1780315460528;;
308;226;0.4198742;0.6021093;0.405833;0.7044635;382.4;0.1724473;False;6/1/2026 7:04:20 PM:609;1780315460609;;
302;226;0.4125349;0.6022339;0.3461542;0.6949854;383.1;0.1703409;False;6/1/2026 7:04:20 PM:704;1780315460704;;
296;227;0.4036976;0.6039034;0.3199058;0.6543001;383.2;0.1667413;False;6/1/2026 7:04:20 PM:787;1780315460787;;
296;226;0.4036168;0.601181;0.3643459;0.5705854;381.6;0.1737537;False;6/1/2026 7:04:20 PM:869;1780315460869;;
297;234;0.4058502;0.6230908;0.4291652;0.8045012;381.2;0.1640345;False;6/1/2026 7:04:20 PM:943;1780315460943;;
290;235;0.3961031;0.6254737;0.3165131;0.7206618;382.0;0.1633239;False;6/1/2026 7:04:21 PM:43;1780315461043;;
294;235;0.4014457;0.6267065;0.4409067;0.6734286;380.6;0.1645211;False;6/1/2026 7:04:21 PM:130;1780315461130;;
294;237;0.4012345;0.6320875;0.3812517;0.7471197;381.2;0.166931;False;6/1/2026 7:04:21 PM:221;1780315461221;;
293;240;0.4003105;0.6407673;0.366473;0.790599;381.8;0.1658095;False;6/1/2026 7:04:21 PM:294;1780315461294;;
291;241;0.3974127;0.6421208;0.3473663;0.6612288;382.0;0.1667032;False;6/1/2026 7:04:21 PM:397;1780315461397;;
288;241;0.3932317;0.6432036;0.3243119;0.7252563;382.5;0.1637367;False;6/1/2026 7:04:21 PM:467;1780315461467;;
284;241;0.388104;0.643274;0.3143298;0.7126444;381.5;0.165765;False;6/1/2026 7:04:21 PM:565;1780315461565;;
285;242;0.3884793;0.6440787;0.3928735;0.6931919;383.4;0.1679226;False;6/1/2026 7:04:21 PM:647;1780315461647;;
284;242;0.3881662;0.6443216;0.3520784;0.7016568;384.9;0.1682597;False;6/1/2026 7:04:21 PM:730;1780315461730;;
292;243;0.3979274;0.6464587;0.4596547;0.7351164;385.5;0.1622056;False;6/1/2026 7:04:21 PM:808;1780315461808;;
288;243;0.3930821;0.6474237;0.3371176;0.6827013;385.9;0.1635802;False;6/1/2026 7:04:21 PM:896;1780315461896;;
288;244;0.3931617;0.6500316;0.3950245;0.736314;385.2;0.1635848;False;6/1/2026 7:04:21 PM:993;1780315461993;;
282;243;0.3847905;0.646548;0.3191103;0.6144778;385.4;0.163384;False;6/1/2026 7:04:22 PM:124;1780315462124;;
231;238;0.3147504;0.6338022;0.1321684;0.5312331;384.1;0.1786066;False;6/1/2026 7:04:22 PM:219;1780315462219;;
211;237;0.2885073;0.6319818;0.1625808;0.5819676;384.4;0.1750079;False;6/1/2026 7:04:22 PM:335;1780315462335;;
166;230;0.2262755;0.6142644;0.04766323;0.4761105;384.2;0.1712587;False;6/1/2026 7:04:22 PM:454;1780315462454;;
166;230;0.2263466;0.6134064;0.226863;0.5699051;383.3;0.1742877;False;6/1/2026 7:04:22 PM:552;1780315462552;;
164;177;0.2246025;0.4721504;0.1607639;0.08104062;383.3;0.170412;False;6/1/2026 7:04:22 PM:627;1780315462627;;
165;178;0.225238;0.4741331;0.2306761;0.4950838;383.7;0.1684874;False;6/1/2026 7:04:22 PM:751;1780315462751;;
170;154;0.2316356;0.4104019;0.2789614;0.1538525;383.0;0.1777271;False;6/1/2026 7:04:22 PM:842;1780315462842;;
148;154;0.202994;0.4105708;0.08396029;0.4132026;383.1;0.172867;False;6/1/2026 7:04:22 PM:932;1780315462932;;
149;137;0.2041457;0.3650718;0.2209607;0.1218757;382.8;0.177069;False;6/1/2026 7:04:23 PM:8;1780315463008;;
134;134;0.1837743;0.3565802;0.07596892;0.2160891;382.3;0.1841174;False;6/1/2026 7:04:23 PM:96;1780315463096;;
134;118;0.1831094;0.3142585;0.1398488;0.05757881;382.8;0.1918045;False;6/1/2026 7:04:23 PM:179;1780315463179;;
126;132;0.172539;0.3529758;0.08283816;0.4896792;382.9;0.1881721;False;6/1/2026 7:04:23 PM:286;1780315463286;;
139;114;0.1899505;0.305023;0.2692993;0.05652249;382.7;0.1852173;False;6/1/2026 7:04:23 PM:361;1780315463361;;
138;114;0.1893336;0.3038661;0.15771;0.2549879;382.6;0.1766936;False;6/1/2026 7:04:23 PM:463;1780315463463;;
140;109;0.1918368;0.2915906;0.221912;0.1341215;381.6;0.1800646;False;6/1/2026 7:04:23 PM:535;1780315463535;;
124;115;0.1692808;0.3060242;0.06031769;0.3943808;381.6;0.1718386;False;6/1/2026 7:04:23 PM:628;1780315463628;;
117;110;0.1597424;0.293381;0.07177153;0.1623245;381.2;0.177168;False;6/1/2026 7:04:23 PM:715;1780315463715;;
111;153;0.152454;0.4091115;0.06286022;0.7093915;381.8;0.1630166;False;6/1/2026 7:04:23 PM:799;1780315463799;;
110;202;0.1510172;0.5375389;0.08399316;0.8589173;381.8;0.1666231;False;6/1/2026 7:04:23 PM:891;1780315463891;;
107;207;0.1464158;0.5530826;0.06213188;0.689153;381.1;0.172962;False;6/1/2026 7:04:23 PM:994;1780315463994;;
104;208;0.1421054;0.5537457;0.04908309;0.6266522;380.7;0.1759135;False;6/1/2026 7:04:24 PM:70;1780315464070;;
102;208;0.1390879;0.553959;0.04924152;0.6221378;380.8;0.1758839;False;6/1/2026 7:04:24 PM:153;1780315464153;;
101;210;0.1386728;0.5587025;0.05965706;0.6748216;380.6;0.1754077;False;6/1/2026 7:04:24 PM:225;1780315464225;;
100;210;0.1374917;0.5591975;0.05361656;0.6292806;380.6;0.1767741;False;6/1/2026 7:04:24 PM:312;1780315464312;;
100;210;0.1363444;0.560174;0.04972099;0.5935708;381.2;0.172326;False;6/1/2026 7:04:24 PM:379;1780315464379;;
98;210;0.1338112;0.5606741;0.03932214;0.6100986;381.1;0.166155;False;6/1/2026 7:04:24 PM:460;1780315464460;;
97;211;0.1332136;0.5625944;0.05585649;0.6490805;379.6;0.1777861;False;6/1/2026 7:04:24 PM:528;1780315464528;;
96;219;0.1315901;0.5835612;0.07064094;0.7766187;378.7;0.1733165;False;6/1/2026 7:04:24 PM:599;1780315464599;;
96;219;0.1313231;0.5840817;0.0561334;0.6668123;377.2;0.1683102;False;6/1/2026 7:04:24 PM:696;1780315464696;;
95;220;0.1296664;0.585548;0.04516781;0.6220707;377.0;0.1667397;False;6/1/2026 7:04:24 PM:781;1780315464781;;
94;221;0.1287612;0.5897917;0.06059688;0.6986167;376.5;0.1699022;False;6/1/2026 7:04:24 PM:872;1780315464872;;
93;223;0.1276415;0.5950369;0.06887112;0.7250038;374.5;0.1816832;False;6/1/2026 7:04:24 PM:942;1780315464942;;
92;224;0.1265649;0.5968564;0.05178745;0.6424312;373.4;0.1881338;False;6/1/2026 7:04:25 PM:37;1780315465037;;
92;226;0.1255784;0.6023052;0.06630979;0.7221757;372.5;0.1783707;False;6/1/2026 7:04:25 PM:129;1780315465129;;
92;227;0.1254191;0.6037884;0.06151154;0.7062309;371.4;0.1730231;False;6/1/2026 7:04:25 PM:215;1780315465215;;
91;229;0.1248169;0.6111675;0.06690925;0.7566798;371.0;0.1731826;False;6/1/2026 7:04:25 PM:300;1780315465300;;
90;230;0.1236934;0.6124462;0.07586768;0.701291;370.5;0.1766386;False;6/1/2026 7:04:25 PM:398;1780315465398;;
109;238;0.1486029;0.6334817;0.2440339;0.8427941;369.7;0.1781705;False;6/1/2026 7:04:25 PM:473;1780315465473;;
119;253;0.1633979;0.6746591;0.2379906;0.9319741;368.9;0.1932028;False;6/1/2026 7:04:25 PM:570;1780315465570;;
122;257;0.1670493;0.6836634;0.2137919;0.8750705;368.5;0.1900423;False;6/1/2026 7:04:25 PM:659;1780315465659;;
121;259;0.166099;0.6888755;0.1503077;0.760347;366.9;0.1891668;False;6/1/2026 7:04:25 PM:758;1780315465758;;
117;259;0.1606805;0.6902231;0.1084695;0.7950624;366.7;0.1820183;False;6/1/2026 7:04:25 PM:846;1780315465846;;
107;255;0.1465955;0.6793702;0.05623271;0.6135108;367.5;0.1839721;False;6/1/2026 7:04:25 PM:937;1780315465937;;
102;254;0.1396091;0.6766085;0.05803673;0.6391634;368.7;0.1763094;False;6/1/2026 7:04:26 PM:15;1780315466015;;
98;252;0.1338255;0.6722111;0.05414363;0.6154443;369.7;0.1814973;False;6/1/2026 7:04:26 PM:107;1780315466107;;
96;253;0.13167;0.6740631;0.06310932;0.718156;371.4;0.1719197;False;6/1/2026 7:04:26 PM:202;1780315466202;;
95;253;0.1298052;0.6740553;0.05890214;0.6734893;373.0;0.1733919;False;6/1/2026 7:04:26 PM:293;1780315466293;;
92;249;0.1264924;0.6638273;0.04342464;0.5602177;374.4;0.1632899;False;6/1/2026 7:04:26 PM:374;1780315466374;;
92;249;0.126183;0.6638432;0.06257709;0.6645911;375.5;0.1736608;False;6/1/2026 7:04:26 PM:472;1780315466472;;
91;245;0.1240535;0.653707;0.04273028;0.5336132;375.4;0.1783031;False;6/1/2026 7:04:26 PM:542;1780315466542;;
89;245;0.1221477;0.6526136;0.04072335;0.5925961;375.6;0.1684819;False;6/1/2026 7:04:26 PM:622;1780315466622;;
89;245;0.1218907;0.6525134;0.05279253;0.6051697;376.3;0.1684459;False;6/1/2026 7:04:26 PM:695;1780315466695;;
89;244;0.12143;0.6496933;0.04796766;0.5683104;377.1;0.1680544;False;6/1/2026 7:04:26 PM:790;1780315466790;;
88;244;0.1210823;0.6490957;0.0528521;0.6303266;377.4;0.1676403;False;6/1/2026 7:04:26 PM:876;1780315466876;;
88;242;0.1206737;0.6454825;0.04801407;0.5582971;376.8;0.1775463;False;6/1/2026 7:04:26 PM:968;1780315466968;;
88;241;0.1200422;0.6434145;0.04456203;0.5571752;377.3;0.1614975;False;6/1/2026 7:04:27 PM:43;1780315467043;;
86;241;0.1180455;0.6430407;0.08280978;0.6352243;377.2;0.1667584;False;6/1/2026 7:04:27 PM:129;1780315467129;;
86;241;0.1177828;0.6433601;0.05758243;0.6515731;378.0;0.1700325;False;6/1/2026 7:04:27 PM:198;1780315467198;;
85;243;0.1170982;0.648515;0.06827983;0.7138287;377.8;0.1811009;False;6/1/2026 7:04:27 PM:279;1780315467279;;
85;240;0.1164523;0.6384253;0.07263502;0.5248642;378.3;0.173269;False;6/1/2026 7:04:27 PM:348;1780315467348;;
84;240;0.1151517;0.6387323;0.05246148;0.6486792;377.4;0.1775401;False;6/1/2026 7:04:27 PM:429;1780315467429;;
84;240;0.1150122;0.6395393;0.06261639;0.664582;377.4;0.1775465;False;6/1/2026 7:04:27 PM:506;1780315467506;;
84;241;0.1149626;0.6425022;0.06190707;0.7003444;377.5;0.1734499;False;6/1/2026 7:04:27 PM:586;1780315467586;;
83;246;0.1139892;0.6564986;0.07632555;0.782675;376.6;0.1684024;False;6/1/2026 7:04:27 PM:682;1780315467682;;
92;252;0.1262437;0.6717609;0.1913774;0.8293188;377.2;0.1700397;False;6/1/2026 7:04:27 PM:760;1780315467760;;
99;252;0.1359301;0.6723626;0.1992076;0.7350585;377.9;0.1690674;False;6/1/2026 7:04:27 PM:850;1780315467850;;
119;260;0.1630242;0.6927834;0.2791685;0.8727116;378.9;0.1616263;False;6/1/2026 7:04:27 PM:940;1780315467940;;
120;266;0.1639811;0.709985;0.2048551;0.8954844;378.5;0.1683041;False;6/1/2026 7:04:28 PM:34;1780315468034;;
121;267;0.1652929;0.7122111;0.2127477;0.7989499;377.6;0.1725313;False;6/1/2026 7:04:28 PM:123;1780315468123;;
122;268;0.1674211;0.7144561;0.2245144;0.7738973;377.0;0.1723092;False;6/1/2026 7:04:28 PM:211;1780315468211;;
127;275;0.1740896;0.7324118;0.2611037;0.9239223;375.5;0.1815568;False;6/1/2026 7:04:28 PM:287;1780315468287;;
127;280;0.1737616;0.7447061;0.1705444;0.9178532;374.8;0.1800197;False;6/1/2026 7:04:28 PM:389;1780315468389;;
130;281;0.17748;0.7477849;0.2415901;0.8063458;375.0;0.1691826;False;6/1/2026 7:04:28 PM:472;1780315468472;;
130;282;0.177975;0.7521405;0.18767;0.885963;374.4;0.1706157;False;6/1/2026 7:04:28 PM:565;1780315468565;;
130;283;0.1780656;0.7532635;0.2080477;0.8474708;374.0;0.1794071;False;6/1/2026 7:04:28 PM:637;1780315468637;;
125;279;0.1707503;0.7421881;0.1193092;0.6710408;376.1;0.1709777;False;6/1/2026 7:04:28 PM:723;1780315468723;;
114;277;0.1555587;0.737834;0.06195351;0.683245;377.6;0.1716858;False;6/1/2026 7:04:28 PM:794;1780315468794;;
106;275;0.1444486;0.7329041;0.06145581;0.669275;378.4;0.1688407;False;6/1/2026 7:04:28 PM:885;1780315468885;;
97;263;0.1330405;0.7010928;0.03313842;0.5059685;378.9;0.1720582;False;6/1/2026 7:04:28 PM:957;1780315468957;;
91;252;0.1240434;0.6705073;0.03057607;0.4758585;379.0;0.1759203;False;6/1/2026 7:04:29 PM:49;1780315469049;;
89;251;0.1225472;0.6692709;0.05399474;0.640202;378.5;0.1744109;False;6/1/2026 7:04:29 PM:139;1780315469139;;
89;251;0.122437;0.6684666;0.06140184;0.6397325;378.4;0.1771587;False;6/1/2026 7:04:29 PM:236;1780315469236;;
88;195;0.1211841;0.519051;0.08021306;0.1445416;377.7;0.192351;False;6/1/2026 7:04:29 PM:323;1780315469323;;
100;212;0.1371666;0.5641982;0.2051428;0.7413957;376.8;0.1893845;False;6/1/2026 7:04:29 PM:417;1780315469417;;
136;221;0.1865382;0.5891641;0.3440442;0.7617665;375.5;0.1946006;False;6/1/2026 7:04:29 PM:487;1780315469487;;
173;223;0.2367077;0.5933153;0.389264;0.6785149;373.3;0.1940119;False;6/1/2026 7:04:29 PM:573;1780315469573;;
180;226;0.2458608;0.6021059;0.3260871;0.724258;373.5;0.1784967;False;6/1/2026 7:04:29 PM:663;1780315469663;;
180;228;0.2464178;0.6065617;0.266494;0.7177099;374.2;0.1826549;False;6/1/2026 7:04:29 PM:753;1780315469753;;
242;231;0.3303411;0.6163842;0.5356779;0.7676374;375.1;0.1759042;False;6/1/2026 7:04:29 PM:835;1780315469835;;
239;232;0.3258402;0.6178189;0.2909334;0.7291442;375.9;0.1704105;False;6/1/2026 7:04:29 PM:931;1780315469931;;
239;232;0.3258452;0.6183189;0.3261195;0.7257457;377.1;0.1699419;False;6/1/2026 7:04:30 PM:8;1780315470008;;
246;235;0.3357877;0.6276465;0.4122388;0.789578;376.8;0.1745933;False;6/1/2026 7:04:30 PM:98;1780315470098;;
246;236;0.336051;0.6290641;0.3665365;0.7314945;376.4;0.1658542;False;6/1/2026 7:04:30 PM:194;1780315470194;;
252;239;0.3440695;0.6367927;0.4241025;0.797129;375.8;0.1675501;False;6/1/2026 7:04:30 PM:282;1780315470282;;
252;240;0.3443499;0.6398777;0.3886131;0.7148422;375.9;0.1664204;False;6/1/2026 7:04:30 PM:378;1780315470378;;
248;239;0.3387049;0.6363881;0.3004967;0.6073322;375.8;0.1655684;False;6/1/2026 7:04:30 PM:471;1780315470471;;
255;239;0.3474972;0.6369653;0.4279379;0.6722095;376.2;0.1660435;False;6/1/2026 7:04:30 PM:546;1780315470546;;
260;240;0.3551104;0.6392542;0.433374;0.7180669;374.7;0.1709538;False;6/1/2026 7:04:30 PM:644;1780315470644;;
261;240;0.3556406;0.6401416;0.3650899;0.7124685;376.4;0.09957021;True;6/1/2026 7:04:30 PM:731;1780315470731;;
261;240;0.3560123;0.6408728;0.3766587;0.6605801;378.4;0.1321838;True;6/1/2026 7:04:30 PM:821;1780315470821;;
258;240;0.3525522;0.6405505;0.3207238;0.6338888;378.8;0.1527928;False;6/1/2026 7:04:30 PM:916;1780315470916;;
261;240;0.35653;0.6408104;0.4059745;0.6754667;379.9;0.1608789;False;6/1/2026 7:04:31 PM:12;1780315471012;;
257;239;0.3508756;0.6359322;0.301355;0.5719474;379.9;0.1596884;False;6/1/2026 7:04:31 PM:89;1780315471089;;
227;238;0.3100525;0.6337012;0.1736749;0.5853172;380.3;0.174033;False;6/1/2026 7:04:31 PM:179;1780315471179;;
179;214;0.2447214;0.5715144;0.07180572;0.3309845;381.6;0.1669084;False;6/1/2026 7:04:31 PM:276;1780315471276;;
159;165;0.2171214;0.4407994;0.0811113;0.07744001;382.1;0.1710157;False;6/1/2026 7:04:31 PM:363;1780315471363;;
143;159;0.1958305;0.4243013;0.06509036;0.2489293;381.9;0.171925;False;6/1/2026 7:04:31 PM:453;1780315471453;;
134;158;0.1825628;0.4220199;0.0675808;0.3002707;382.7;0.1729048;False;6/1/2026 7:04:31 PM:568;1780315471568;;
131;143;0.1793665;0.3806737;0.08148286;0.116194;382.6;0.1711781;False;6/1/2026 7:04:31 PM:650;1780315471650;;
126;142;0.1730151;0.3789334;0.06336135;0.2600141;382.6;0.1664263;False;6/1/2026 7:04:31 PM:751;1780315471751;;
125;141;0.1704829;0.3766894;0.06638996;0.281609;383.8;0.1618226;False;6/1/2026 7:04:31 PM:826;1780315471826;;
122;157;0.1670885;0.4200844;0.1211277;0.5784619;384.2;0.1583114;False;6/1/2026 7:04:31 PM:917;1780315471917;;
121;167;0.1649607;0.4447238;0.1253603;0.5837666;384.6;0.1532584;False;6/1/2026 7:04:32 PM:7;1780315472007;;
120;169;0.1636512;0.4506429;0.1434436;0.533807;384.7;0.1589317;False;6/1/2026 7:04:32 PM:97;1780315472097;;
111;169;0.1518203;0.4502149;0.0458354;0.4377176;384.6;0.1599899;False;6/1/2026 7:04:32 PM:176;1780315472176;;
111;178;0.1512274;0.4752379;0.1447216;0.6349559;384.9;0.1571973;False;6/1/2026 7:04:32 PM:278;1780315472278;;
110;173;0.1510127;0.4618598;0.1181639;0.3641829;385.3;0.1561674;False;6/1/2026 7:04:32 PM:361;1780315472361;;
111;176;0.1521102;0.4705215;0.1648536;0.5710614;385.7;0.1611858;False;6/1/2026 7:04:32 PM:457;1780315472457;;
106;176;0.1447103;0.4682616;0.07401601;0.4350551;385.8;0.161443;False;6/1/2026 7:04:32 PM:552;1780315472552;;
105;179;0.1442914;0.4769922;0.1324001;0.5805704;386.1;0.1591279;False;6/1/2026 7:04:32 PM:643;1780315472643;;
110;182;0.1505613;0.4852236;0.1953809;0.5964722;386.5;0.1520716;False;6/1/2026 7:04:32 PM:747;1780315472747;;
113;183;0.1549464;0.4880948;0.2037291;0.5840415;387.5;0.1537473;False;6/1/2026 7:04:32 PM:835;1780315472835;;
108;183;0.1481058;0.4893303;0.09280269;0.5777343;388.3;0.1579881;False;6/1/2026 7:04:32 PM:922;1780315472922;;
119;188;0.1629267;0.5001354;0.2351733;0.6368334;389.1;0.1578379;False;6/1/2026 7:04:33 PM:67;1780315473067;;
104;188;0.1427374;0.5016556;0.05222555;0.5252732;389.4;0.1568844;False;6/1/2026 7:04:33 PM:155;1780315473155;;
108;188;0.1475561;0.5024234;0.1960013;0.5834855;389.6;0.1599824;False;6/1/2026 7:04:33 PM:249;1780315473249;;
103;185;0.1408165;0.4946372;0.08610173;0.4321488;390.3;0.1555367;False;6/1/2026 7:04:33 PM:339;1780315473339;;
103;191;0.1408215;0.5098709;0.1411748;0.650834;391.0;0.1565929;False;6/1/2026 7:04:33 PM:429;1780315473429;;
96;180;0.1320356;0.4813406;0.05888673;0.3314722;391.4;0.1699869;False;6/1/2026 7:04:33 PM:510;1780315473510;;
91;185;0.1247328;0.4930823;0.05257179;0.6054271;391.4;0.1694778;False;6/1/2026 7:04:33 PM:608;1780315473608;;
93;184;0.1267429;0.4901069;0.1474449;0.4485364;392.2;0.1662166;False;6/1/2026 7:04:33 PM:695;1780315473695;;
90;184;0.1227304;0.4901521;0.0679592;0.4978136;392.2;0.171702;False;6/1/2026 7:04:33 PM:793;1780315473793;;
86;184;0.1179039;0.4909426;0.05051092;0.5267289;392.5;0.1694321;False;6/1/2026 7:04:33 PM:882;1780315473882;;
88;187;0.1207054;0.4979789;0.1462589;0.5968701;392.0;0.1708327;False;6/1/2026 7:04:33 PM:968;1780315473968;;
85;181;0.1167347;0.482071;0.05871058;0.3684813;391.7;0.1688031;False;6/1/2026 7:04:34 PM:50;1780315474050;;
85;177;0.1165163;0.4707587;0.1111904;0.3609692;392.2;0.1669949;False;6/1/2026 7:04:34 PM:140;1780315474140;;
82;174;0.1124154;0.4630817;0.05233055;0.3522222;391.7;0.1666944;False;6/1/2026 7:04:34 PM:222;1780315474222;;
84;181;0.115383;0.4834009;0.1420888;0.5986685;392.0;0.1658041;False;6/1/2026 7:04:34 PM:324;1780315474324;;
80;183;0.1094178;0.4887612;0.04644576;0.566305;391.7;0.1691337;False;6/1/2026 7:04:34 PM:409;1780315474409;;
76;183;0.1043803;0.4889306;0.03901549;0.5182849;390.8;0.171124;False;6/1/2026 7:04:34 PM:501;1780315474501;;
74;180;0.1013054;0.4802783;0.03934844;0.3970507;390.9;0.1685182;False;6/1/2026 7:04:34 PM:595;1780315474595;;
74;187;0.100979;0.4973729;0.05381796;0.6195307;389.8;0.1749623;False;6/1/2026 7:04:34 PM:701;1780315474701;;
73;187;0.1001504;0.4976051;0.08072487;0.5137115;388.6;0.1774259;False;6/1/2026 7:04:34 PM:793;1780315474793;;
73;190;0.09989711;0.5071748;0.09511794;0.6190617;387.9;0.1772876;False;6/1/2026 7:04:34 PM:889;1780315474889;;
74;191;0.1008186;0.5102112;0.1162751;0.6024715;386.2;0.1743263;False;6/1/2026 7:04:34 PM:965;1780315474965;;
72;181;0.09836554;0.4838923;0.05601247;0.3507522;386.2;0.1687746;False;6/1/2026 7:04:35 PM:60;1780315475060;;
72;174;0.09824405;0.4637234;0.08073255;0.3204435;386.7;0.1694773;False;6/1/2026 7:04:35 PM:145;1780315475145;;
72;174;0.09813743;0.4635784;0.08152748;0.4269062;387.1;0.1696798;False;6/1/2026 7:04:35 PM:240;1780315475240;;
70;173;0.0961078;0.4623022;0.0508703;0.4029216;386.8;0.1676212;False;6/1/2026 7:04:35 PM:321;1780315475321;;
68;174;0.09383959;0.4629541;0.04356006;0.4762267;387.4;0.1739051;False;6/1/2026 7:04:35 PM:414;1780315475414;;
68;172;0.09327067;0.4575567;0.05179606;0.3675422;387.7;0.1656346;False;6/1/2026 7:04:35 PM:497;1780315475497;;
81;202;0.1109198;0.5380156;0.1710801;0.7313376;388.4;0.1649159;False;6/1/2026 7:04:35 PM:697;1780315475697;;
78;202;0.107558;0.5381876;0.07022101;0.5883321;388.9;0.1671677;False;6/1/2026 7:04:35 PM:796;1780315475796;;
76;190;0.1038749;0.5076792;0.0563414;0.3582356;389.3;0.1686988;False;6/1/2026 7:04:35 PM:891;1780315475891;;
73;190;0.1000209;0.5072539;0.04484105;0.4841422;389.1;0.1682106;False;6/1/2026 7:04:35 PM:987;1780315475987;;
73;193;0.09963699;0.515734;0.0635253;0.6058421;389.1;0.1645796;False;6/1/2026 7:04:36 PM:78;1780315476078;;
73;176;0.09968049;0.4683875;0.1004343;0.2687297;388.1;0.1784808;False;6/1/2026 7:04:36 PM:173;1780315476173;;
71;180;0.0977206;0.4804587;0.05362763;0.5784717;388.5;0.1713672;False;6/1/2026 7:04:36 PM:264;1780315476264;;
71;183;0.09696627;0.4881557;0.05950941;0.578611;388.7;0.1730511;False;6/1/2026 7:04:36 PM:367;1780315476367;;
70;177;0.0967087;0.4712933;0.0616295;0.3501322;389.1;0.1694295;False;6/1/2026 7:04:36 PM:449;1780315476449;;
70;169;0.09633113;0.451102;0.08749852;0.3115219;388.0;0.1718036;False;6/1/2026 7:04:36 PM:554;1780315476554;;
70;169;0.09627698;0.4499812;0.07262926;0.3846904;387.5;0.1705811;False;6/1/2026 7:04:36 PM:645;1780315476645;;
70;168;0.09613279;0.4493698;0.07049744;0.4165872;386.9;0.1767887;False;6/1/2026 7:04:36 PM:746;1780315476746;;
70;165;0.09592295;0.4404605;0.07996666;0.3178506;386.9;0.1717651;False;6/1/2026 7:04:36 PM:833;1780315476833;;
70;171;0.09607883;0.4556933;0.09955521;0.5496598;387.0;0.1666625;False;6/1/2026 7:04:36 PM:933;1780315476933;;
70;173;0.0955055;0.4626575;0.07148121;0.5401514;386.9;0.1687046;False;6/1/2026 7:04:37 PM:34;1780315477034;;
70;178;0.09573117;0.4748287;0.1014548;0.5931842;388.1;0.1609323;False;6/1/2026 7:04:37 PM:133;1780315477133;;
67;177;0.09233895;0.472745;0.04622007;0.443813;387.6;0.166932;False;6/1/2026 7:04:37 PM:229;1780315477229;;
67;180;0.09232692;0.4792018;0.09200482;0.5689059;387.9;0.1719515;False;6/1/2026 7:04:37 PM:336;1780315477336;;
501;506;0.2612298;0.4692985;0.3768945;0.6662329;388.1;0.09333234;True;6/1/2026 7:04:37 PM:476;1780315477476;;
611;570;0.3184676;0.5284897;0.3779043;0.6229303;387.8;0.06925052;True;6/1/2026 7:04:37 PM:596;1780315477596;;
608;573;0.3166989;0.5310419;0.2844645;0.5512232;389.7;0.1572805;False;6/1/2026 7:04:37 PM:687;1780315477687;;
583;577;0.3038389;0.5348104;0.2351799;0.5663064;391.1;0.1673743;False;6/1/2026 7:04:37 PM:782;1780315477782;;
483;460;0.2518305;0.426639;0.1501363;0.270005;392.4;0.1799407;False;6/1/2026 7:04:37 PM:881;1780315477881;;
423;531;0.2205396;0.4916674;0.1405762;0.6181239;393.3;0.1694264;False;6/1/2026 7:04:37 PM:992;1780315477992;;
359;549;0.1871303;0.5087311;0.1004872;0.5919674;392.6;0.170429;False;6/1/2026 7:04:38 PM:87;1780315478087;;
370;555;0.1927379;0.5146455;0.2127034;0.5761232;392.0;0.1817424;False;6/1/2026 7:04:38 PM:193;1780315478193;;
329;564;0.1715409;0.5230357;0.1057295;0.5988556;390.7;0.1827465;False;6/1/2026 7:04:38 PM:285;1780315478285;;
315;565;0.1645508;0.5240383;0.1171226;0.5785505;390.1;0.1866255;False;6/1/2026 7:04:38 PM:374;1780315478374;;
295;499;0.1540731;0.4629517;0.09808702;0.3544859;388.8;0.1928241;False;6/1/2026 7:04:38 PM:472;1780315478472;;
293;558;0.1530111;0.51711;0.1369151;0.6449757;388.9;0.188379;False;6/1/2026 7:04:38 PM:579;1780315478579;;
280;558;0.1459535;0.5174736;0.09707975;0.5489208;388.9;0.1886974;False;6/1/2026 7:04:38 PM:674;1780315478674;;
279;580;0.1455159;0.5376318;0.1418639;0.6312112;388.7;0.1856678;False;6/1/2026 7:04:38 PM:779;1780315478779;;
272;571;0.1420875;0.5288233;0.1052729;0.4897832;386.9;0.1876105;False;6/1/2026 7:04:38 PM:867;1780315478867;;
272;598;0.1419023;0.5540179;0.1209786;0.6496561;386.7;0.1833068;False;6/1/2026 7:04:38 PM:968;1780315478968;;
265;582;0.1385137;0.5397868;0.1008463;0.4869274;386.2;0.185507;False;6/1/2026 7:04:39 PM:69;1780315479069;;
265;588;0.1382335;0.5447555;0.1148173;0.5894731;385.9;0.1827523;False;6/1/2026 7:04:39 PM:178;1780315479178;;
265;589;0.1381908;0.5457516;0.1136875;0.5774805;384.8;0.1797738;False;6/1/2026 7:04:39 PM:275;1780315479275;;
267;591;0.1394458;0.5476854;0.1473749;0.5880861;384.8;0.1805245;False;6/1/2026 7:04:39 PM:375;1780315479375;;
253;561;0.1322732;0.5198041;0.08880372;0.4379904;383.4;0.1888884;False;6/1/2026 7:04:39 PM:464;1780315479464;;
241;548;0.1258884;0.5081416;0.08363846;0.4533411;383.7;0.1871949;False;6/1/2026 7:04:39 PM:583;1780315479583;;
240;462;0.1253169;0.4279975;0.108868;0.2722898;384.7;0.1928224;False;6/1/2026 7:04:39 PM:664;1780315479664;;
239;497;0.1248066;0.4609704;0.1142789;0.5578045;385.2;0.1910282;False;6/1/2026 7:04:39 PM:754;1780315479754;;
255;520;0.133103;0.4816965;0.1674509;0.5717778;385.1;0.1857671;False;6/1/2026 7:04:39 PM:834;1780315479834;;
240;520;0.1253538;0.4816285;0.08437131;0.4804596;385.4;0.1898001;False;6/1/2026 7:04:39 PM:926;1780315479926;;
240;392;0.1252048;0.363491;0.1214493;0.1911704;386.6;0.1927678;False;6/1/2026 7:04:40 PM:4;1780315480004;;
236;493;0.1229526;0.4571481;0.09638302;0.6196783;384.1;0.1933758;False;6/1/2026 7:04:40 PM:100;1780315480100;;
271;468;0.1416246;0.4340644;0.1949874;0.3531046;382.8;0.1855168;False;6/1/2026 7:04:40 PM:179;1780315480179;;
271;544;0.1415069;0.5040455;0.1337891;0.6367496;382.0;0.1878347;False;6/1/2026 7:04:40 PM:281;1780315480281;;
280;360;0.1460132;0.3333369;0.1726685;0.1505722;382.9;0.1862641;False;6/1/2026 7:04:40 PM:377;1780315480377;;
277;479;0.1445822;0.4435897;0.1294201;0.6186647;384.6;0.1914365;False;6/1/2026 7:04:40 PM:476;1780315480476;;
274;458;0.1431607;0.4242977;0.1252431;0.3590619;385.4;0.184696;False;6/1/2026 7:04:40 PM:579;1780315480579;;
328;500;0.1711021;0.4634192;0.2285684;0.5618773;386.0;0.1655665;False;6/1/2026 7:04:40 PM:700;1780315480700;;
333;485;0.1736211;0.44913;0.1969965;0.3936684;390.2;0.158837;False;6/1/2026 7:04:40 PM:813;1780315480813;;
342;513;0.178335;0.4754846;0.2122033;0.5590728;390.8;0.1744879;False;6/1/2026 7:04:40 PM:926;1780315480926;;
315;536;0.1645671;0.496806;0.1232747;0.5860084;388.3;0.1935847;False;6/1/2026 7:04:41 PM:23;1780315481023;;
316;536;0.1647671;0.4969126;0.1728886;0.529427;387.1;0.1915319;False;6/1/2026 7:04:41 PM:146;1780315481146;;
310;537;0.1616174;0.4973769;0.1395798;0.5046495;386.9;0.187047;False;6/1/2026 7:04:41 PM:245;1780315481245;;
310;507;0.1617981;0.4698102;0.166408;0.3917506;386.5;0.188741;False;6/1/2026 7:04:41 PM:354;1780315481354;;
296;458;0.1543733;0.4247333;0.1179798;0.3132594;385.1;0.1969944;False;6/1/2026 7:04:41 PM:454;1780315481454;;
298;519;0.1555892;0.4807571;0.1668549;0.5917673;385.3;0.1795722;False;6/1/2026 7:04:41 PM:563;1780315481563;;
292;484;0.1523144;0.4488703;0.1272104;0.356755;385.8;0.1854433;False;6/1/2026 7:04:41 PM:670;1780315481670;;
314;527;0.16378;0.488494;0.2016917;0.5803891;385.7;0.1852361;False;6/1/2026 7:04:41 PM:789;1780315481789;;
300;520;0.1562949;0.4818984;0.1235826;0.4403087;386.1;0.1762955;False;6/1/2026 7:04:41 PM:906;1780315481906;;
300;538;0.1567656;0.4982241;0.1632881;0.5618917;386.3;0.1862689;False;6/1/2026 7:04:42 PM:20;1780315482020;;
306;544;0.1598728;0.5042717;0.1828043;0.5538331;386.4;0.1834976;False;6/1/2026 7:04:42 PM:128;1780315482128;;
350;551;0.1825681;0.5107917;0.2426761;0.5680844;386.4;0.1743576;False;6/1/2026 7:04:42 PM:238;1780315482238;;
350;551;0.1826129;0.5108731;0.1969404;0.5118064;386.3;0.1725957;False;6/1/2026 7:04:42 PM:342;1780315482342;;
394;563;0.2054622;0.521493;0.268144;0.5870495;386.5;0.1706028;False;6/1/2026 7:04:42 PM:460;1780315482460;;
490;594;0.2554861;0.5502298;0.3444303;0.6556524;385.7;0.1802593;False;6/1/2026 7:04:42 PM:566;1780315482566;;
576;608;0.3004861;0.5633112;0.3797668;0.6467665;384.9;0.185379;False;6/1/2026 7:04:42 PM:693;1780315482693;;
564;613;0.2940169;0.5683805;0.2700436;0.6411672;383.2;0.1822424;False;6/1/2026 7:04:42 PM:817;1780315482817;;
416;614;0.2166708;0.5692552;0.1292783;0.5748131;383.1;0.1898366;False;6/1/2026 7:04:42 PM:939;1780315482939;;
339;534;0.176778;0.4951363;0.1116843;0.3843811;384.1;0.188446;False;6/1/2026 7:04:43 PM:67;1780315483067;;
340;557;0.1773839;0.5157884;0.1864558;0.592373;384.9;0.187158;False;6/1/2026 7:04:43 PM:203;1780315483203;;
353;553;0.1840682;0.5123967;0.2172832;0.4918854;384.8;0.1889013;False;6/1/2026 7:04:43 PM:331;1780315483331;;
381;579;0.1984482;0.5362013;0.2489298;0.6174474;383.3;0.1819483;False;6/1/2026 7:04:43 PM:461;1780315483461;;
315;580;0.1641648;0.5377613;0.107984;0.5775558;383.7;0.1842827;False;6/1/2026 7:04:43 PM:592;1780315483592;;
293;407;0.1527162;0.3772644;0.1153906;0.229009;383.7;0.1930793;False;6/1/2026 7:04:43 PM:732;1780315483732;;
260;442;0.1359364;0.4094871;0.08420588;0.5134417;384.0;0.1971405;False;6/1/2026 7:04:43 PM:859;1780315483859;;
260;471;0.1357993;0.436323;0.1343306;0.5399804;384.5;0.1986358;False;6/1/2026 7:04:43 PM:994;1780315483994;;
254;512;0.1323708;0.4748697;0.1023323;0.6027249;384.8;0.1920557;False;6/1/2026 7:04:44 PM:104;1780315484104;;
251;453;0.1311498;0.4203225;0.1067627;0.3336529;385.4;0.1884599;False;6/1/2026 7:04:44 PM:236;1780315484236;;
446;540;0.2327542;0.500666;0.3217575;0.637889;383.1;0.2037986;False;6/1/2026 7:04:44 PM:366;1780315484366;;
460;642;0.2400718;0.5953456;0.2630951;0.740374;382.6;0.2153908;False;6/1/2026 7:04:44 PM:503;1780315484503;;
470;327;0.2452344;0.3035716;0.2701198;0.118823;382.5;0.2107131;False;6/1/2026 7:04:44 PM:636;1780315484636;;
394;422;0.2055133;0.3907802;0.1393241;0.5623323;383.1;0.2097176;False;6/1/2026 7:04:44 PM:767;1780315484767;;
439;284;0.2291003;0.2638609;0.2814763;0.1403025;384.1;0.2053145;False;6/1/2026 7:04:44 PM:900;1780315484900;;
385;379;0.2008384;0.3516331;0.146166;0.5022917;384.4;0.2091182;False;6/1/2026 7:04:45 PM:41;1780315485041;;
342;463;0.1784895;0.4287166;0.1210836;0.5782911;384.0;0.2007857;False;6/1/2026 7:04:45 PM:166;1780315485166;;
314;492;0.1639691;0.4559931;0.1133371;0.5604678;383.7;0.2023857;False;6/1/2026 7:04:45 PM:315;1780315485315;;
348;479;0.1817332;0.4437946;0.2217825;0.4075252;383.6;0.2031379;False;6/1/2026 7:04:45 PM:441;1780315485441;;
337;481;0.1755817;0.4458946;0.1429132;0.4859636;383.5;0.2063789;False;6/1/2026 7:04:45 PM:588;1780315485588;;
613;382;0.3197623;0.3540031;0.4217534;0.2312414;383.3;0.2368682;False;6/1/2026 7:04:45 PM:716;1780315485716;;
794;374;0.413981;0.3465724;0.4904577;0.3081596;384.0;0.2435727;False;6/1/2026 7:04:45 PM:862;1780315485862;;
893;297;0.465304;0.275391;0.5255573;0.156318;383.0;0.2453535;False;6/1/2026 7:04:46 PM:10;1780315486010;;
900;362;0.4691411;0.3352972;0.4874823;0.4387479;383.6;0.2451775;False;6/1/2026 7:04:46 PM:142;1780315486142;;
904;332;0.4710897;0.3083141;0.4876307;0.2288553;382.6;0.2437079;False;6/1/2026 7:04:46 PM:280;1780315486280;;
902;527;0.4702347;0.4886811;0.4607683;0.6451733;381.7;0.2259701;False;6/1/2026 7:04:46 PM:423;1780315486423;;
903;677;0.470788;0.6269323;0.479741;0.7662951;381.9;0.2312943;False;6/1/2026 7:04:46 PM:564;1780315486564;;
903;686;0.470796;0.6359437;0.4737571;0.6745867;382.6;0.2253471;False;6/1/2026 7:04:46 PM:708;1780315486708;;
903;681;0.4707145;0.6307496;0.4684436;0.5955096;382.0;0.2265946;False;6/1/2026 7:04:46 PM:884;1780315486884;;
925;387;0.4820091;0.359032;0.5232945;0.1570814;382.0;0.2370469;False;6/1/2026 7:04:47 PM:5;1780315487005;;
927;319;0.4830272;0.2954405;0.5028064;0.2009076;382.6;0.2398964;False;6/1/2026 7:04:47 PM:141;1780315487141;;
927;326;0.4833084;0.3025852;0.4921855;0.358928;383.1;0.2419172;False;6/1/2026 7:04:47 PM:271;1780315487271;;
918;273;0.4784428;0.2529736;0.4558442;0.1607377;384.0;0.2452236;False;6/1/2026 7:04:47 PM:402;1780315487402;;
918;506;0.4786044;0.4688057;0.4835885;0.6541202;384.5;0.2335153;False;6/1/2026 7:04:47 PM:523;1780315487523;;
919;506;0.4787773;0.4691519;0.4850639;0.4717738;383.6;0.2446215;False;6/1/2026 7:04:47 PM:653;1780315487653;;
919;334;0.4789531;0.30954;0.4866537;0.1338606;383.9;0.246887;False;6/1/2026 7:04:47 PM:770;1780315487770;;
914;289;0.4762106;0.268505;0.4570712;0.1714947;384.5;0.2345785;False;6/1/2026 7:04:47 PM:893;1780315487893;;
890;293;0.4638381;0.2717488;0.4219476;0.2947404;383.6;0.2415254;False;6/1/2026 7:04:48 PM:43;1780315488043;;
883;289;0.460273;0.2684827;0.4276567;0.237693;384.1;0.2356186;False;6/1/2026 7:04:48 PM:169;1780315488169;;
876;242;0.4566017;0.2247469;0.4202695;0.1195697;384.5;0.2400347;False;6/1/2026 7:04:48 PM:296;1780315488296;;
847;266;0.4412637;0.2467864;0.3846376;0.3068978;384.6;0.2356594;False;6/1/2026 7:04:48 PM:447;1780315488447;;
830;266;0.4326998;0.2466033;0.3789607;0.2404377;384.5;0.2407858;False;6/1/2026 7:04:48 PM:576;1780315488576;;
820;266;0.4275032;0.2470198;0.3771307;0.2576594;385.2;0.235615;False;6/1/2026 7:04:48 PM:718;1780315488718;;
742;251;0.3865309;0.2328327;0.2990671;0.1728375;385.2;0.2291365;False;6/1/2026 7:04:48 PM:844;1780315488844;;
731;249;0.3811751;0.2306137;0.3291065;0.1959161;385.4;0.2371996;False;6/1/2026 7:04:48 PM:975;1780315488975;;
599;440;0.3122714;0.4080615;0.2148073;0.5640296;386.1;0.2066464;False;6/1/2026 7:04:49 PM:115;1780315489115;;
535;500;0.2791292;0.4636018;0.201301;0.5621717;385.7;0.2110349;False;6/1/2026 7:04:49 PM:242;1780315489242;;
496;408;0.2587008;0.37842;0.1876228;0.2386288;386.1;0.2156632;False;6/1/2026 7:04:49 PM:352;1780315489352;;
495;447;0.2580937;0.414143;0.2251937;0.5020702;385.3;0.2165435;False;6/1/2026 7:04:49 PM:480;1780315489480;;
495;318;0.2580493;0.2945787;0.2234793;0.1476479;384.7;0.2096956;False;6/1/2026 7:04:49 PM:599;1780315489599;;
489;302;0.2548651;0.2803254;0.210098;0.2236219;384.6;0.2120865;False;6/1/2026 7:04:49 PM:723;1780315489723;;
450;294;0.2343827;0.272266;0.1579181;0.2152178;384.9;0.2138304;False;6/1/2026 7:04:49 PM:817;1780315489817;;
421;280;0.2193343;0.2601603;0.1434241;0.1799669;383.7;0.2153673;False;6/1/2026 7:04:49 PM:890;1780315489890;;
400;254;0.2088525;0.2355259;0.1324479;0.1097813;383.6;0.210009;False;6/1/2026 7:04:49 PM:941;1780315489941;;
381;233;0.198917;0.2165257;0.1282763;0.1102186;384.2;0.2155602;False;6/1/2026 7:04:50 PM:8;1780315490008;;
377;237;0.1967328;0.2199825;0.1424761;0.2478661;384.1;0.2071825;False;6/1/2026 7:04:50 PM:59;1780315490059;;
374;240;0.1951182;0.2223748;0.142471;0.2477944;384.1;0.207182;False;6/1/2026 7:04:50 PM:110;1780315490110;;
367;213;0.1914744;0.1973292;0.133566;0.09221897;383.9;0.2151026;False;6/1/2026 7:04:50 PM:182;1780315490182;;
363;199;0.1893718;0.184733;0.1330132;0.09173702;383.9;0.209877;False;6/1/2026 7:04:50 PM:237;1780315490237;;
361;191;0.1881162;0.1775681;0.1348503;0.0998371;384.1;0.2082866;False;6/1/2026 7:04:50 PM:296;1780315490296;;
354;190;0.1847069;0.1767466;0.1246395;0.1539405;383.8;0.2149532;False;6/1/2026 7:04:50 PM:365;1780315490365;;
353;183;0.1842594;0.169538;0.1326115;0.08879112;382.7;0.2132138;False;6/1/2026 7:04:50 PM:416;1780315490416;;
353;179;0.1841784;0.1664058;0.1342227;0.09851954;383.0;0.2148769;False;6/1/2026 7:04:50 PM:463;1780315490463;;
345;183;0.1801802;0.1696321;0.1162628;0.193297;382.8;0.2075041;False;6/1/2026 7:04:50 PM:524;1780315490524;;
344;177;0.1796767;0.1641844;0.1333117;0.09271803;383.2;0.2072945;False;6/1/2026 7:04:50 PM:572;1780315490572;;
344;173;0.1792827;0.1609231;0.1335795;0.09616388;383.6;0.2072584;False;6/1/2026 7:04:50 PM:615;1780315490615;;
341;170;0.1776084;0.1580061;0.1444807;0.09974238;382.7;0.2074318;False;6/1/2026 7:04:50 PM:685;1780315490685;;
340;167;0.1773343;0.1553794;0.1332119;0.09181824;382.5;0.2063902;False;6/1/2026 7:04:50 PM:738;1780315490738;;
340;165;0.1771609;0.1534958;0.1334278;0.09161152;382.1;0.2031485;False;6/1/2026 7:04:50 PM:788;1780315490788;;
339;165;0.1769626;0.153372;0.1330729;0.1069432;382.1;0.1998287;False;6/1/2026 7:04:50 PM:845;1780315490845;;
339;165;0.1768048;0.1532737;0.1330733;0.1069148;382.0;0.1997347;False;6/1/2026 7:04:50 PM:906;1780315490906;;
339;163;0.1766869;0.151057;0.1330037;0.08654013;382.4;0.2051787;False;6/1/2026 7:04:50 PM:960;1780315490960;;
338;162;0.1765392;0.1507726;0.1344817;0.09861943;382.7;0.2055269;False;6/1/2026 7:04:51 PM:24;1780315491024;;
338;161;0.1764719;0.1499108;0.1334278;0.09194177;382.4;0.2006601;False;6/1/2026 7:04:51 PM:77;1780315491077;;
338;159;0.1762687;0.1476462;0.1324609;0.08060659;383.0;0.1971798;False;6/1/2026 7:04:51 PM:139;1780315491139;;
338;158;0.1761296;0.1468698;0.1325834;0.08703709;382.9;0.2017751;False;6/1/2026 7:04:51 PM:203;1780315491203;;
337;157;0.1759764;0.1461979;0.1320596;0.08505558;382.9;0.2024465;False;6/1/2026 7:04:51 PM:253;1780315491253;;
337;157;0.1758785;0.1459099;0.1321965;0.08709523;382.9;0.2024773;False;6/1/2026 7:04:51 PM:302;1780315491302;;
337;157;0.175849;0.1456246;0.1326676;0.08726363;382.3;0.2193964;False;6/1/2026 7:04:51 PM:376;1780315491376;;
337;156;0.1756708;0.1448319;0.1339563;0.09808063;382.5;0.2122307;False;6/1/2026 7:04:51 PM:432;1780315491432;;
336;155;0.1754885;0.14385;0.1318064;0.08223991;382.6;0.2069617;False;6/1/2026 7:04:51 PM:488;1780315491488;;
336;154;0.1752802;0.1431008;0.1339435;0.09621425;383.0;0.2045505;False;6/1/2026 7:04:51 PM:558;1780315491558;;
336;154;0.1752356;0.1427235;0.1328035;0.0867656;383.5;0.1986724;False;6/1/2026 7:04:51 PM:603;1780315491603;;
562;182;0.2930577;0.1689389;0.430327;0.2625217;383.2;0.2001737;False;6/1/2026 7:04:51 PM:654;1780315491654;;
591;210;0.3081154;0.1950244;0.3403753;0.2837883;382.9;0.2005903;False;6/1/2026 7:04:51 PM:716;1780315491716;;
788;207;0.4104399;0.1924231;0.5375425;0.1415452;381.2;0.2061873;False;6/1/2026 7:04:51 PM:762;1780315491762;;
789;353;0.4109799;0.327221;0.4127518;0.5431915;379.9;0.206843;False;6/1/2026 7:04:51 PM:815;1780315491815;;
788;450;0.4106162;0.4174291;0.3361483;0.5739956;378.6;0.2056789;False;6/1/2026 7:04:51 PM:873;1780315491873;;
798;460;0.4161319;0.4263231;0.4351454;0.4696607;378.0;0.1908048;False;6/1/2026 7:04:51 PM:924;1780315491924;;
795;501;0.4140814;0.4642236;0.3956265;0.5747157;378.0;0.1894204;False;6/1/2026 7:04:51 PM:977;1780315491977;;
787;571;0.4102286;0.5292739;0.3507824;0.6620045;378.0;0.1897181;False;6/1/2026 7:04:52 PM:46;1780315492046;;
785;599;0.4089532;0.5551107;0.3750639;0.6512101;377.9;0.1903398;False;6/1/2026 7:04:52 PM:101;1780315492101;;
796;606;0.4146427;0.5616073;0.4389461;0.6102155;378.0;0.1958708;False;6/1/2026 7:04:52 PM:159;1780315492159;;
753;607;0.3926715;0.5623538;0.3137645;0.5778605;377.8;0.1893093;False;6/1/2026 7:04:52 PM:235;1780315492235;;
753;609;0.3924878;0.5642037;0.3641645;0.5941963;376.9;0.1930937;False;6/1/2026 7:04:52 PM:299;1780315492299;;
764;612;0.3982773;0.5675265;0.4270558;0.6131756;376.9;0.1911695;False;6/1/2026 7:04:52 PM:356;1780315492356;;
764;613;0.3979965;0.5680373;0.3912882;0.5928574;377.7;0.1856074;False;6/1/2026 7:04:52 PM:421;1780315492421;;
776;613;0.4043583;0.567947;0.4391263;0.5655266;377.1;0.1943043;False;6/1/2026 7:04:52 PM:480;1780315492480;;
776;616;0.4043534;0.5707694;0.4040874;0.6164255;376.9;0.183168;False;6/1/2026 7:04:52 PM:533;1780315492533;;
759;615;0.3955821;0.5703034;0.3459195;0.5613438;376.6;0.1878448;False;6/1/2026 7:04:52 PM:592;1780315492592;;
768;619;0.4000126;0.5732131;0.4317047;0.6191773;377.1;0.1921086;False;6/1/2026 7:04:52 PM:645;1780315492645;;
766;623;0.3990585;0.5768884;0.3800875;0.6308128;377.6;0.1922312;False;6/1/2026 7:04:52 PM:698;1780315492698;;
746;620;0.3886789;0.5748862;0.3383805;0.5547599;378.7;0.1829599;False;6/1/2026 7:04:52 PM:772;1780315492772;;
746;622;0.3885546;0.5763642;0.3841425;0.6104628;377.3;0.1956754;False;6/1/2026 7:04:52 PM:828;1780315492828;;
775;624;0.4041073;0.5781184;0.4629733;0.6178808;377.9;0.1869084;False;6/1/2026 7:04:52 PM:883;1780315492883;;
772;621;0.402374;0.5755384;0.3779058;0.5480712;378.5;0.1875858;False;6/1/2026 7:04:52 PM:943;1780315492943;;
774;622;0.4034689;0.5760686;0.419151;0.5997567;378.7;0.1863353;False;6/1/2026 7:04:52 PM:989;1780315492989;;
606;455;0.3160005;0.4221975;0.1763086;0.1822735;379.1;0.1939417;False;6/1/2026 7:04:53 PM:37;1780315493037;;
576;306;0.3003094;0.2841793;0.2528431;0.1038584;379.5;0.1942326;False;6/1/2026 7:04:53 PM:102;1780315493102;;
461;241;0.2404675;0.2234437;0.1346385;0.09829552;379.6;0.1925515;False;6/1/2026 7:04:53 PM:155;1780315493155;;
458;220;0.2389651;0.2045981;0.2286693;0.14302;381.9;0.1684622;False;6/1/2026 7:04:53 PM:215;1780315493215;;
541;421;0.2818504;0.3902624;0.3813148;0.6371508;383.0;0.04466484;True;6/1/2026 7:04:53 PM:282;1780315493282;;
599;482;0.3120337;0.4465594;0.4070447;0.6006511;385.3;0.04051053;True;6/1/2026 7:04:53 PM:332;1780315493332;;
630;500;0.3283058;0.4635912;0.3998248;0.5488512;386.7;0.04720316;True;6/1/2026 7:04:53 PM:383;1780315493383;;
643;515;0.334952;0.4768649;0.383112;0.5520493;388.0;0.0472417;True;6/1/2026 7:04:53 PM:445;1780315493445;;
667;530;0.3478279;0.4908454;0.4164929;0.5791936;390.7;0.03474847;True;6/1/2026 7:04:53 PM:497;1780315493497;;
681;544;0.3551724;0.5045822;0.4108973;0.5943891;391.9;0.03364262;True;6/1/2026 7:04:53 PM:553;1780315493553;;
685;570;0.3570744;0.528146;0.3941989;0.6375095;393.6;0.05235361;True;6/1/2026 7:04:53 PM:620;1780315493620;;
707;396;0.3684829;0.3671491;0.4347222;0.1587336;396.8;0.1172611;True;6/1/2026 7:04:53 PM:683;1780315493683;;
600;326;0.312598;0.3019984;0.2202182;0.1765414;396.2;0.1583045;False;6/1/2026 7:04:53 PM:746;1780315493746;;
458;275;0.2389413;0.254679;0.1413774;0.1505848;395.5;0.1822116;False;6/1/2026 7:04:53 PM:814;1780315493814;;
452;226;0.2355891;0.2099792;0.2206662;0.098431;395.3;0.1799727;False;6/1/2026 7:04:53 PM:878;1780315493878;;
391;237;0.2038874;0.2198638;0.1318903;0.307549;394.8;0.1793236;False;6/1/2026 7:04:53 PM:936;1780315493936;;
386;208;0.2012443;0.1930416;0.1848288;0.1061103;394.6;0.1753453;False;6/1/2026 7:04:54 PM:1;1780315494001;;
361;192;0.188474;0.1777833;0.1348792;0.0986144;394.4;0.1792238;False;6/1/2026 7:04:54 PM:52;1780315494052;;
352;181;0.1836829;0.1681846;0.1489718;0.1002461;394.2;0.1792467;False;6/1/2026 7:04:54 PM:101;1780315494101;;
323;260;0.1687422;0.2408072;0.1154432;0.3887748;394.1;0.1755481;False;6/1/2026 7:04:54 PM:177;1780315494177;;
329;229;0.1716292;0.2120878;0.1973651;0.1004038;394.5;0.1828459;False;6/1/2026 7:04:54 PM:237;1780315494237;;
326;210;0.1701026;0.1950172;0.1493327;0.1010863;394.2;0.1781373;False;6/1/2026 7:04:54 PM:293;1780315494293;;
394;281;0.2056026;0.2609144;0.2843457;0.3986188;395.9;0.161025;False;6/1/2026 7:04:54 PM:368;1780315494368;;
540;403;0.2812924;0.3738857;0.4018324;0.5698214;397.3;0.04342842;True;6/1/2026 7:04:54 PM:424;1780315494424;;
634;467;0.3305553;0.4332339;0.4208622;0.5680988;399.0;0.03757059;True;6/1/2026 7:04:54 PM:484;1780315494484;;
693;505;0.3611989;0.4683251;0.4231602;0.5615163;399.6;0.02922518;True;6/1/2026 7:04:54 PM:564;1780315494564;;
725;509;0.3778463;0.4716129;0.4318278;0.5039828;401.6;0.03797401;True;6/1/2026 7:04:54 PM:626;1780315494626;;
739;519;0.3852474;0.4813196;0.4229796;0.5441776;401.8;0.03372872;True;6/1/2026 7:04:54 PM:691;1780315494691;;
764;511;0.3980624;0.4739958;0.4488871;0.4229656;403.1;0.03493221;True;6/1/2026 7:04:54 PM:767;1780315494767;;
781;501;0.406919;0.4648072;0.4563324;0.3975717;404.8;0.02442704;True;6/1/2026 7:04:54 PM:831;1780315494831;;
781;532;0.4070449;0.4926171;0.4137815;0.5934011;405.8;0.05465598;True;6/1/2026 7:04:54 PM:891;1780315494891;;
736;547;0.3833704;0.5069457;0.3221159;0.5775599;405.9;0.1086817;True;6/1/2026 7:04:54 PM:972;1780315494972;;
610;477;0.3177183;0.4416744;0.2073956;0.2896393;407.3;0.155332;False;6/1/2026 7:04:55 PM:33;1780315495033;;
445;399;0.2322649;0.3701884;0.1182564;0.2157066;405.3;0.1659111;False;6/1/2026 7:04:55 PM:96;1780315495096;;
432;397;0.2254166;0.3678151;0.2019965;0.3437391;404.5;0.1742261;False;6/1/2026 7:04:55 PM:176;1780315495176;;
383;294;0.1997894;0.2723903;0.1337272;0.0913167;403.2;0.169872;False;6/1/2026 7:04:55 PM:237;1780315495237;;
364;242;0.1899022;0.2245387;0.1492006;0.1005152;402.5;0.1780859;False;6/1/2026 7:04:55 PM:302;1780315495302;;
340;242;0.1772019;0.2249933;0.1296215;0.2471891;401.8;0.176085;False;6/1/2026 7:04:55 PM:379;1780315495379;;
337;216;0.1759551;0.2007107;0.155704;0.1002181;400.2;0.1746344;False;6/1/2026 7:04:55 PM:433;1780315495433;;
330;199;0.1721456;0.1846527;0.1372214;0.1007746;398.6;0.1728438;False;6/1/2026 7:04:55 PM:491;1780315495491;;
329;198;0.1718017;0.1841649;0.15589;0.1650452;398.3;0.1722547;False;6/1/2026 7:04:55 PM:559;1780315495559;;
525;407;0.2737472;0.377131;0.4054174;0.6204985;398.1;0.06491759;True;6/1/2026 7:04:55 PM:616;1780315495616;;
630;477;0.3283683;0.4420863;0.4197206;0.5748737;399.3;0.04152899;True;6/1/2026 7:04:55 PM:670;1780315495670;;
663;504;0.3454519;0.4673245;0.3890856;0.5412853;399.8;0.04959514;True;6/1/2026 7:04:55 PM:732;1780315495732;;
708;508;0.3689512;0.4706945;0.4310578;0.4947664;400.2;0.04953603;True;6/1/2026 7:04:55 PM:786;1780315495786;;
743;507;0.3872042;0.4702331;0.4443397;0.4600504;401.9;0.03986223;True;6/1/2026 7:04:55 PM:837;1780315495837;;
752;541;0.3917354;0.5011057;0.4156307;0.5967321;402.3;0.04566266;True;6/1/2026 7:04:55 PM:907;1780315495907;;
759;546;0.3957892;0.5060295;0.4242111;0.5498769;401.6;0.03815628;True;6/1/2026 7:04:55 PM:964;1780315495964;;
763;550;0.3977755;0.5092819;0.4192486;0.5484352;402.5;0.03778074;True;6/1/2026 7:04:56 PM:24;1780315496024;;
768;552;0.4004777;0.511649;0.4262764;0.5470161;402.4;0.04652453;True;6/1/2026 7:04:56 PM:98;1780315496098;;
768;574;0.4005152;0.5322893;0.4060216;0.6252123;402.7;0.04159641;True;6/1/2026 7:04:56 PM:176;1780315496176;;
772;575;0.4023497;0.5326133;0.4280698;0.5451594;403.5;0.03791586;True;6/1/2026 7:04:56 PM:237;1780315496237;;
779;564;0.4058919;0.5224693;0.4390734;0.4702152;403.7;0.0419451;True;6/1/2026 7:04:56 PM:319;1780315496319;;
779;569;0.406092;0.5277665;0.4158011;0.5796691;403.8;0.04284708;True;6/1/2026 7:04:56 PM:380;1780315496380;;
778;590;0.4055995;0.5468373;0.3991848;0.6403506;403.8;0.06393654;True;6/1/2026 7:04:56 PM:450;1780315496450;;
760;581;0.3959436;0.538658;0.3549042;0.4924843;406.0;0.1260011;True;6/1/2026 7:04:56 PM:528;1780315496528;;
657;353;0.3425742;0.3271091;0.2456147;0.09922118;405.9;0.161374;False;6/1/2026 7:04:56 PM:599;1780315496599;;
498;265;0.259645;0.2454512;0.1442714;0.1080269;404.8;0.1754005;False;6/1/2026 7:04:56 PM:664;1780315496664;;
486;214;0.253392;0.1990062;0.226513;0.09880202;402.1;0.1813765;False;6/1/2026 7:04:56 PM:735;1780315496735;;
436;189;0.227452;0.1758506;0.1611823;0.1006612;400.4;0.1730259;False;6/1/2026 7:04:56 PM:803;1780315496803;;
409;176;0.2134957;0.1635538;0.1588883;0.1006045;398.7;0.1731821;False;6/1/2026 7:04:56 PM:861;1780315496861;;
405;212;0.2114538;0.1964353;0.1918784;0.3052101;396.6;0.1753473;False;6/1/2026 7:04:56 PM:947;1780315496947;;
515;247;0.2686743;0.229594;0.371287;0.3578272;396.2;0.1744425;False;6/1/2026 7:04:57 PM:10;1780315497010;;
563;399;0.2933475;0.3703662;0.3591887;0.586505;395.0;0.1784225;False;6/1/2026 7:04:57 PM:76;1780315497076;;
563;503;0.2933972;0.4664062;0.294784;0.6359606;392.6;0.1797403;False;6/1/2026 7:04:57 PM:144;1780315497144;;
673;537;0.3505969;0.4974786;0.4580985;0.6048965;391.8;0.1767215;False;6/1/2026 7:04:57 PM:200;1780315497200;;
746;537;0.3887915;0.4976037;0.4727102;0.5013334;390.7;0.1758543;False;6/1/2026 7:04:57 PM:257;1780315497257;;
755;530;0.3936538;0.4913229;0.4185151;0.4368663;389.6;0.1760666;False;6/1/2026 7:04:57 PM:337;1780315497337;;
1004;490;0.5232802;0.4537532;0.6532724;0.3283567;389.5;0.1878982;False;6/1/2026 7:04:57 PM:408;1780315497408;;
980;519;0.5108878;0.4809546;0.4272446;0.5731479;389.2;0.1723122;False;6/1/2026 7:04:57 PM:475;1780315497475;;
978;534;0.5098325;0.4949834;0.5033585;0.5684948;389.2;0.1834544;False;6/1/2026 7:04:57 PM:539;1780315497539;;
962;545;0.50109;0.5048311;0.4308019;0.5757209;388.7;0.1856027;False;6/1/2026 7:04:57 PM:597;1780315497597;;
939;569;0.4892947;0.5271934;0.417701;0.6235026;388.3;0.1849926;False;6/1/2026 7:04:57 PM:673;1780315497673;;
973;564;0.5069175;0.5226603;0.5553764;0.4863231;388.0;0.1840888;False;6/1/2026 7:04:57 PM:734;1780315497734;;
973;565;0.5068551;0.5231791;0.4755369;0.5452357;387.7;0.1838357;False;6/1/2026 7:04:57 PM:809;1780315497809;;
950;569;0.4952316;0.5269748;0.4299694;0.5744957;387.4;0.1819788;False;6/1/2026 7:04:57 PM:885;1780315497885;;
903;558;0.4704708;0.5172141;0.3838744;0.4631664;386.2;0.1784836;False;6/1/2026 7:04:57 PM:955;1780315497955;;
898;571;0.4678303;0.5287754;0.4230044;0.597157;386.3;0.1787674;False;6/1/2026 7:04:58 PM:36;1780315498036;;
896;574;0.466734;0.5318857;0.4255412;0.5792316;386.7;0.1767882;False;6/1/2026 7:04:58 PM:107;1780315498107;;
886;575;0.461828;0.5332251;0.4083518;0.5722182;386.2;0.1751224;False;6/1/2026 7:04:58 PM:190;1780315498190;;
880;593;0.4587944;0.5496717;0.4088516;0.6387384;386.6;0.174339;False;6/1/2026 7:04:58 PM:278;1780315498278;;
869;592;0.4529219;0.548485;0.3899846;0.5366311;385.4;0.1771532;False;6/1/2026 7:04:58 PM:338;1780315498338;;
851;592;0.443388;0.5486619;0.3726086;0.5525183;384.3;0.1771101;False;6/1/2026 7:04:58 PM:406;1780315498406;;
848;601;0.4418913;0.5566601;0.4107286;0.6218939;384.5;0.1779287;False;6/1/2026 7:04:58 PM:486;1780315498486;;
845;607;0.4405385;0.5624213;0.4229327;0.6274058;384.3;0.1790751;False;6/1/2026 7:04:58 PM:560;1780315498560;;
843;626;0.439346;0.5802879;0.401563;0.6791104;384.8;0.1790461;False;6/1/2026 7:04:58 PM:639;1780315498639;;
843;628;0.4391613;0.581929;0.4080747;0.6386102;385.6;0.1843449;False;6/1/2026 7:04:58 PM:718;1780315498718;;
841;629;0.4381835;0.5830012;0.4197407;0.5964677;385.7;0.1792219;False;6/1/2026 7:04:58 PM:803;1780315498803;;
840;637;0.4376369;0.5904285;0.4071056;0.6638355;385.8;0.1762139;False;6/1/2026 7:04:58 PM:880;1780315498880;;
839;638;0.4369963;0.591226;0.4205201;0.6044725;386.5;0.1824817;False;6/1/2026 7:04:58 PM:950;1780315498950;;
838;637;0.4365787;0.5901143;0.4291497;0.5780575;386.2;0.1835822;False;6/1/2026 7:04:59 PM:16;1780315499016;;
838;640;0.4365063;0.593012;0.4169795;0.6406543;385.3;0.180269;False;6/1/2026 7:04:59 PM:84;1780315499084;;
833;640;0.4342089;0.5934062;0.4005668;0.6082878;385.9;0.1743567;False;6/1/2026 7:04:59 PM:162;1780315499162;;
877;505;0.4570054;0.4678902;0.5144747;0.2906486;385.7;0.1925404;False;6/1/2026 7:04:59 PM:237;1780315499237;;
903;513;0.4704337;0.4751146;0.5165365;0.5524947;386.6;0.1915927;False;6/1/2026 7:04:59 PM:318;1780315499318;;
920;510;0.4793118;0.4724087;0.5230645;0.454374;385.8;0.1848266;False;6/1/2026 7:04:59 PM:389;1780315499389;;
985;481;0.5130469;0.4460833;0.59768;0.3565915;386.0;0.1865864;False;6/1/2026 7:04:59 PM:456;1780315499456;;
962;481;0.501166;0.4461789;0.4560631;0.4501454;386.5;0.1905688;False;6/1/2026 7:04:59 PM:540;1780315499540;;
989;406;0.5154262;0.3760098;0.5675314;0.2324111;386.3;0.1820993;False;6/1/2026 7:04:59 PM:616;1780315499616;;
862;464;0.4490581;0.4297109;0.3463548;0.5687284;386.4;0.1846828;False;6/1/2026 7:04:59 PM:687;1780315499687;;
757;488;0.3947332;0.4523707;0.308286;0.5476228;387.2;0.1874525;False;6/1/2026 7:04:59 PM:765;1780315499765;;
746;542;0.3887198;0.5022475;0.3599463;0.6414636;387.6;0.1821472;False;6/1/2026 7:04:59 PM:840;1780315499840;;
750;551;0.3906564;0.5111029;0.4164072;0.585112;388.9;0.1839546;False;6/1/2026 7:04:59 PM:913;1780315499913;;
761;553;0.3964254;0.5125896;0.4384381;0.560858;389.7;0.1836932;False;6/1/2026 7:04:59 PM:988;1780315499988;;
783;559;0.4079769;0.5178377;0.4674849;0.5877783;389.1;0.1873359;False;6/1/2026 7:05:00 PM:57;1780315500057;;
841;559;0.4381494;0.5180207;0.528066;0.5641746;388.7;0.1898862;False;6/1/2026 7:05:00 PM:120;1780315500120;;
841;560;0.4381115;0.5190912;0.4376498;0.5436151;388.8;0.1894555;False;6/1/2026 7:05:00 PM:198;1780315500198;;
838;579;0.4367739;0.5367597;0.4232388;0.64172;388.3;0.182555;False;6/1/2026 7:05:00 PM:264;1780315500264;;
831;613;0.4331573;0.5680462;0.4065998;0.6971328;387.1;0.1809793;False;6/1/2026 7:05:00 PM:334;1780315500334;;
830;615;0.4323443;0.5703333;0.4182518;0.6323466;387.4;0.1848532;False;6/1/2026 7:05:00 PM:419;1780315500419;;
829;616;0.4319515;0.5706457;0.4188894;0.6248999;387.7;0.1794237;False;6/1/2026 7:05:00 PM:486;1780315500486;;
829;617;0.4319014;0.5719988;0.4233402;0.6035298;387.4;0.1786399;False;6/1/2026 7:05:00 PM:561;1780315500561;;
829;618;0.4318644;0.5729674;0.4258935;0.596943;388.0;0.1800487;False;6/1/2026 7:05:00 PM:628;1780315500628;;
828;620;0.4317009;0.5747861;0.4206836;0.6278838;388.3;0.1859974;False;6/1/2026 7:05:00 PM:694;1780315500694;;
828;621;0.4316904;0.5756358;0.4237595;0.6024305;388.4;0.1838777;False;6/1/2026 7:05:00 PM:777;1780315500777;;
828;622;0.4315571;0.5764505;0.4203776;0.6203861;388.2;0.176093;False;6/1/2026 7:05:00 PM:843;1780315500843;;
828;623;0.4312535;0.5770248;0.4174667;0.619543;388.9;0.1814368;False;6/1/2026 7:05:00 PM:926;1780315500926;;
827;628;0.4308731;0.581528;0.4148376;0.6473345;390.0;0.1828406;False;6/1/2026 7:05:01 PM:0;1780315501000;;
827;629;0.4308274;0.5825312;0.4297776;0.5991946;389.5;0.1877135;False;6/1/2026 7:05:01 PM:78;1780315501078;;
824;634;0.4293904;0.5870883;0.4061764;0.6507402;389.5;0.1848742;False;6/1/2026 7:05:01 PM:149;1780315501149;;
911;641;0.4749964;0.5942628;0.5606416;0.6716864;389.4;0.1842188;False;6/1/2026 7:05:01 PM:221;1780315501221;;
1019;633;0.5311702;0.5864567;0.6241596;0.5468864;390.6;0.1884846;False;6/1/2026 7:05:01 PM:292;1780315501292;;
1255;530;0.6536801;0.4907988;0.7856413;0.3193748;390.3;0.1818816;False;6/1/2026 7:05:01 PM:353;1780315501353;;
1253;555;0.6531163;0.5146234;0.5864719;0.6263504;390.5;0.179922;False;6/1/2026 7:05:01 PM:431;1780315501431;;
1115;539;0.5807606;0.4996695;0.4374299;0.4363446;391.5;0.111199;True;6/1/2026 7:05:01 PM:492;1780315501492;;
1011;547;0.5269818;0.5065122;0.4112206;0.5767058;391.7;0.1252894;True;6/1/2026 7:05:01 PM:555;1780315501555;;
1006;544;0.5244547;0.5044487;0.4891042;0.4868754;392.9;0.1602811;False;6/1/2026 7:05:01 PM:630;1780315501630;;
1009;545;0.5256314;0.5049558;0.5348132;0.5320665;392.8;0.1817392;False;6/1/2026 7:05:01 PM:705;1780315501705;;
1049;539;0.5467147;0.4997295;0.6050156;0.4624832;392.4;0.1893543;False;6/1/2026 7:05:01 PM:780;1780315501780;;
1228;326;0.6396113;0.302207;0.761596;0.07000592;391.8;0.1790832;False;6/1/2026 7:05:01 PM:845;1780315501845;;
1146;368;0.5971269;0.3416418;0.4986499;0.4940436;391.4;0.1814346;False;6/1/2026 7:05:01 PM:924;1780315501924;;
1066;385;0.5554489;0.3569317;0.4623533;0.4739552;391.6;0.1838224;False;6/1/2026 7:05:02 PM:9;1780315502009;;
1100;300;0.5731787;0.2785487;0.6268572;0.1432567;391.5;0.1841687;False;6/1/2026 7:05:02 PM:74;1780315502074;;
1121;283;0.5840705;0.2623866;0.6299097;0.2049057;391.2;0.1783268;False;6/1/2026 7:05:02 PM:136;1780315502136;;
1106;284;0.5763409;0.2634031;0.5354285;0.2994819;390.9;0.1779041;False;6/1/2026 7:05:02 PM:223;1780315502223;;
602;291;0.3136961;0.2695266;0.1318734;0.3481293;390.9;0.1839182;False;6/1/2026 7:05:02 PM:284;1780315502284;;
394;285;0.2055909;0.2647837;0.1159328;0.2367183;390.9;0.1912405;False;6/1/2026 7:05:02 PM:354;1780315502354;;
302;287;0.1573679;0.2664007;0.1032247;0.3108032;390.9;0.1873113;False;6/1/2026 7:05:02 PM:424;1780315502424;;
269;288;0.1402077;0.2668357;0.107843;0.2875034;390.3;0.1914878;False;6/1/2026 7:05:02 PM:484;1780315502484;;
254;286;0.1325482;0.2651307;0.1122236;0.2465098;389.8;0.1914483;False;6/1/2026 7:05:02 PM:543;1780315502543;;
230;318;0.1202286;0.2952913;0.09234297;0.4007565;388.4;0.1894621;False;6/1/2026 7:05:02 PM:631;1780315502631;;
230;294;0.1201489;0.2729896;0.1195506;0.1875961;387.9;0.1899597;False;6/1/2026 7:05:02 PM:693;1780315502693;;
231;269;0.1204094;0.249333;0.1235386;0.1553665;387.8;0.1920923;False;6/1/2026 7:05:02 PM:756;1780315502756;;
231;260;0.1204117;0.2411144;0.120442;0.1825781;388.6;0.1845034;False;6/1/2026 7:05:02 PM:828;1780315502828;;
225;279;0.1173625;0.2591784;0.09471019;0.3424559;388.5;0.1919849;False;6/1/2026 7:05:02 PM:889;1780315502889;;
223;281;0.1163749;0.2606861;0.1021246;0.2890934;388.5;0.1918215;False;6/1/2026 7:05:02 PM:948;1780315502948;;
223;272;0.116398;0.2524688;0.1194744;0.1988297;388.4;0.1889313;False;6/1/2026 7:05:03 PM:24;1780315503024;;
223;263;0.116515;0.2437965;0.1230454;0.1798111;388.8;0.1789266;False;6/1/2026 7:05:03 PM:94;1780315503094;;
216;322;0.1127868;0.2982081;0.0826764;0.4359944;388.3;0.1855801;False;6/1/2026 7:05:03 PM:155;1780315503155;;
210;428;0.1098682;0.3965048;0.0815773;0.5650801;387.7;0.1922809;False;6/1/2026 7:05:03 PM:225;1780315503225;;
214;326;0.1115279;0.3023587;0.1276023;0.1250906;387.4;0.1797508;False;6/1/2026 7:05:03 PM:299;1780315503299;;
216;265;0.112793;0.2456923;0.1295794;0.1026716;388.0;0.1835384;False;6/1/2026 7:05:03 PM:371;1780315503371;;
217;250;0.1133974;0.2315835;0.1271034;0.1514338;387.5;0.1758146;False;6/1/2026 7:05:03 PM:444;1780315503444;;
217;309;0.1130494;0.2864325;0.1059877;0.414575;388.6;0.1703119;False;6/1/2026 7:05:03 PM:514;1780315503514;;
218;410;0.1135515;0.3800259;0.1260962;0.5452972;388.4;0.1744261;False;6/1/2026 7:05:03 PM:583;1780315503583;;
247;477;0.1289037;0.4421842;0.1869381;0.5726638;388.7;0.1717249;False;6/1/2026 7:05:03 PM:658;1780315503658;;
247;515;0.1289644;0.4774104;0.1416919;0.5873135;389.3;0.170511;False;6/1/2026 7:05:03 PM:722;1780315503722;;
255;532;0.1330689;0.4929604;0.1703169;0.5687458;389.9;0.1697524;False;6/1/2026 7:05:03 PM:794;1780315503794;;
246;537;0.1284571;0.4972517;0.1042538;0.5418707;389.4;0.1777087;False;6/1/2026 7:05:03 PM:877;1780315503877;;
269;536;0.1404999;0.4968648;0.1955895;0.4893967;390.5;0.174803;False;6/1/2026 7:05:03 PM:943;1780315503943;;
269;540;0.1405267;0.5005089;0.1526686;0.5445868;391.2;0.1773964;False;6/1/2026 7:05:04 PM:21;1780315504021;;
307;543;0.1601397;0.5028389;0.2308945;0.5464168;393.2;0.1680119;False;6/1/2026 7:05:04 PM:87;1780315504087;;
359;545;0.1872273;0.5048928;0.2677488;0.5496912;394.2;0.168619;False;6/1/2026 7:05:04 PM:155;1780315504155;;
398;548;0.2073927;0.5076736;0.277217;0.5587914;394.8;0.1658323;False;6/1/2026 7:05:04 PM:231;1780315504231;;
407;547;0.2122658;0.5066426;0.2583431;0.4951176;396.0;0.1702315;False;6/1/2026 7:05:04 PM:293;1780315504293;;
440;434;0.2295866;0.4024918;0.3049279;0.2213483;396.5;0.1677637;False;6/1/2026 7:05:04 PM:352;1780315504352;;
348;416;0.1815872;0.3853331;0.1044336;0.3240704;396.7;0.1744544;False;6/1/2026 7:05:04 PM:436;1780315504436;;
335;416;0.1745023;0.3860681;0.1403405;0.4161338;396.0;0.1775852;False;6/1/2026 7:05:04 PM:496;1780315504496;;
335;412;0.1746581;0.3821772;0.1891965;0.3476398;396.1;0.1756738;False;6/1/2026 7:05:04 PM:558;1780315504558;;
316;421;0.1646159;0.3904371;0.1230938;0.4525208;396.1;0.1742205;False;6/1/2026 7:05:04 PM:630;1780315504630;;
299;420;0.1558539;0.3891847;0.110446;0.3719455;395.8;0.1756329;False;6/1/2026 7:05:04 PM:693;1780315504693;;
298;405;0.1555408;0.3758496;0.1433722;0.3021393;396.0;0.1749888;False;6/1/2026 7:05:04 PM:753;1780315504753;;
288;406;0.1503143;0.3765263;0.1127157;0.3922226;396.3;0.1750258;False;6/1/2026 7:05:04 PM:827;1780315504827;;
274;476;0.1427982;0.4409894;0.09361871;0.5939194;396.8;0.1783239;False;6/1/2026 7:05:04 PM:892;1780315504892;;
261;475;0.1362473;0.4406728;0.08644911;0.4279841;395.6;0.1812295;False;6/1/2026 7:05:04 PM:954;1780315504954;;
258;450;0.1348542;0.416819;0.1027512;0.3214859;394.9;0.1802329;False;6/1/2026 7:05:05 PM:29;1780315505029;;
256;444;0.1334739;0.4112115;0.09890952;0.351842;394.8;0.1799698;False;6/1/2026 7:05:05 PM:92;1780315505092;;
255;396;0.1331736;0.367084;0.1110314;0.2235373;395.1;0.1743483;False;6/1/2026 7:05:05 PM:154;1780315505154;;
254;371;0.1327267;0.3443696;0.1140045;0.2426536;395.4;0.1743695;False;6/1/2026 7:05:05 PM:233;1780315505233;;
254;334;0.1323152;0.3093284;0.1233119;0.1743133;395.2;0.1726417;False;6/1/2026 7:05:05 PM:296;1780315505296;;
253;320;0.1320755;0.2966627;0.1265458;0.2010017;393.9;0.1753262;False;6/1/2026 7:05:05 PM:359;1780315505359;;
253;305;0.1322681;0.2824184;0.1352566;0.1812796;392.7;0.1754123;False;6/1/2026 7:05:05 PM:426;1780315505426;;
253;302;0.1319745;0.2804533;0.1171283;0.21482;391.7;0.1773867;False;6/1/2026 7:05:05 PM:490;1780315505490;;
277;297;0.1444681;0.2752402;0.1940736;0.1931594;391.5;0.1757813;False;6/1/2026 7:05:05 PM:554;1780315505554;;
278;297;0.1450172;0.2751152;0.155411;0.2171657;391.4;0.1758312;False;6/1/2026 7:05:05 PM:630;1780315505630;;
276;279;0.1442311;0.2584144;0.1298372;0.1403785;391.5;0.1741285;False;6/1/2026 7:05:05 PM:690;1780315505690;;
275;267;0.1437031;0.247843;0.1298343;0.1404149;391.6;0.1741232;False;6/1/2026 7:05:05 PM:745;1780315505745;;
270;270;0.1409717;0.2502906;0.1134436;0.2637693;390.8;0.1745782;False;6/1/2026 7:05:05 PM:822;1780315505822;;
270;242;0.1409387;0.2242578;0.1315213;0.09464303;391.3;0.1791617;False;6/1/2026 7:05:05 PM:878;1780315505878;;
269;239;0.1403826;0.2217128;0.1220388;0.1580049;391.7;0.1791981;False;6/1/2026 7:05:05 PM:941;1780315505941;;
265;242;0.1382121;0.2245387;0.1099242;0.2419736;392.1;0.1790516;False;6/1/2026 7:05:06 PM:24;1780315506024;;
255;281;0.1332841;0.2607059;0.0894551;0.3688836;392.2;0.174586;False;6/1/2026 7:05:06 PM:88;1780315506088;;
252;299;0.1312561;0.2772502;0.09704223;0.3512669;392.1;0.1730011;False;6/1/2026 7:05:06 PM:160;1780315506160;;
251;272;0.1307996;0.2527317;0.1187321;0.1522939;392.2;0.1730183;False;6/1/2026 7:05:06 PM:223;1780315506223;;
250;253;0.1304885;0.2346723;0.1225507;0.1406246;392.8;0.1764915;False;6/1/2026 7:05:06 PM:284;1780315506284;;
249;253;0.130151;0.2349721;0.1101676;0.2399929;393.3;0.1767444;False;6/1/2026 7:05:06 PM:367;1780315506367;;
248;258;0.1293008;0.2394504;0.1032172;0.2805315;392.9;0.1645087;False;6/1/2026 7:05:06 PM:428;1780315506428;;
247;247;0.1289985;0.2293677;0.1207832;0.1617221;393.6;0.1703556;False;6/1/2026 7:05:06 PM:491;1780315506491;;
247;244;0.1287698;0.2266935;0.1214761;0.1859754;394.1;0.1705141;False;6/1/2026 7:05:06 PM:561;1780315506561;;
240;394;0.1251092;0.3649713;0.08674793;0.5709342;394.9;0.1674412;False;6/1/2026 7:05:06 PM:621;1780315506621;;
235;475;0.122794;0.4403572;0.08865306;0.5797235;395.6;0.1674938;False;6/1/2026 7:05:06 PM:686;1780315506686;;
233;475;0.1218178;0.4398595;0.09344509;0.3906334;396.3;0.166487;False;6/1/2026 7:05:06 PM:762;1780315506762;;
232;468;0.1210402;0.4338284;0.09130995;0.3483896;397.3;0.1606238;False;6/1/2026 7:05:06 PM:819;1780315506819;;
232;458;0.1209967;0.4248625;0.09772006;0.3282217;398.3;0.1606967;False;6/1/2026 7:05:06 PM:879;1780315506879;;
236;458;0.1230295;0.4243981;0.1369397;0.3603668;398.1;0.1703215;False;6/1/2026 7:05:06 PM:949;1780315506949;;
233;454;0.1216241;0.4210468;0.09435019;0.3408732;398.9;0.1657367;False;6/1/2026 7:05:07 PM:12;1780315507012;;
233;454;0.1214372;0.4208094;0.1025649;0.3549503;398.8;0.1733994;False;6/1/2026 7:05:07 PM:78;1780315507078;;
233;514;0.1216245;0.4766056;0.123997;0.5846555;399.5;0.16734;False;6/1/2026 7:05:07 PM:157;1780315507157;;
233;458;0.1215591;0.424752;0.1095213;0.2664266;399.3;0.1676294;False;6/1/2026 7:05:07 PM:222;1780315507222;;
227;462;0.1182427;0.4282427;0.08363586;0.4533561;399.2;0.1725358;False;6/1/2026 7:05:07 PM:289;1780315507289;;
232;471;0.1209389;0.4361515;0.1399708;0.4831766;398.8;0.1700019;False;6/1/2026 7:05:07 PM:361;1780315507361;;
225;481;0.1174808;0.4457245;0.08436347;0.5078093;399.2;0.1728315;False;6/1/2026 7:05:07 PM:426;1780315507426;;
225;481;0.1176508;0.4457515;0.1207428;0.4532552;399.6;0.1728844;False;6/1/2026 7:05:07 PM:494;1780315507494;;
226;496;0.1178371;0.4600445;0.1219158;0.5371423;399.7;0.1650174;False;6/1/2026 7:05:07 PM:569;1780315507569;;
228;500;0.1191686;0.4635388;0.1359483;0.5136868;399.9;0.1658318;False;6/1/2026 7:05:07 PM:637;1780315507637;;
228;486;0.1189892;0.4507693;0.1125801;0.387128;399.5;0.1657597;False;6/1/2026 7:05:07 PM:702;1780315507702;;
232;488;0.1210286;0.4519418;0.1429855;0.4798794;399.0;0.1698252;False;6/1/2026 7:05:07 PM:772;1780315507772;;
230;448;0.1200429;0.4152874;0.1052366;0.2959881;399.5;0.1642503;False;6/1/2026 7:05:07 PM:831;1780315507831;;
226;446;0.1179406;0.413344;0.09399013;0.3847231;400.0;0.1642936;False;6/1/2026 7:05:07 PM:891;1780315507891;;
226;452;0.1177553;0.4193861;0.1083766;0.4669726;399.9;0.1709377;False;6/1/2026 7:05:07 PM:970;1780315507970;;
228;486;0.1190414;0.4503512;0.1352677;0.5689522;399.5;0.1632259;False;6/1/2026 7:05:08 PM:30;1780315508030;;
231;504;0.1203397;0.4668761;0.138905;0.5611247;399.6;0.1703557;False;6/1/2026 7:05:08 PM:92;1780315508092;;
234;525;0.1223667;0.4868417;0.1462692;0.5874042;399.7;0.1705006;False;6/1/2026 7:05:08 PM:164;1780315508164;;
235;540;0.1225196;0.5007465;0.1344592;0.5971718;399.4;0.1715032;False;6/1/2026 7:05:08 PM:228;1780315508228;;
240;552;0.1254859;0.5111673;0.1581009;0.6026721;399.0;0.1690842;False;6/1/2026 7:05:08 PM:292;1780315508292;;
250;559;0.1302674;0.5183733;0.17181;0.6033837;399.3;0.1739927;False;6/1/2026 7:05:08 PM:357;1780315508357;;
250;561;0.1304522;0.5195924;0.1455841;0.5575732;399.7;0.1685195;False;6/1/2026 7:05:08 PM:424;1780315508424;;
257;562;0.1340362;0.5207306;0.174423;0.5789779;400.1;0.1719018;False;6/1/2026 7:05:08 PM:485;1780315508485;;
277;567;0.1446631;0.5252023;0.2008422;0.5978211;400.0;0.1681301;False;6/1/2026 7:05:08 PM:568;1780315508568;;
290;575;0.1511589;0.5330402;0.2032737;0.6214659;399.4;0.1684725;False;6/1/2026 7:05:08 PM:643;1780315508643;;
295;577;0.1536461;0.5346032;0.1973898;0.6047456;398.6;0.1683489;False;6/1/2026 7:05:08 PM:707;1780315508707;;
361;579;0.1884828;0.5365955;0.2815228;0.5642141;398.2;0.1723138;False;6/1/2026 7:05:08 PM:782;1780315508782;;
381;580;0.1984567;0.5377273;0.2610867;0.5678604;398.8;0.167605;False;6/1/2026 7:05:08 PM:851;1780315508851;;
383;600;0.1998287;0.5561479;0.2397134;0.6657397;399.3;0.1676006;False;6/1/2026 7:05:08 PM:915;1780315508915;;
384;606;0.2004289;0.5618303;0.2366775;0.6372851;398.7;0.1670729;False;6/1/2026 7:05:09 PM:1;1780315509001;;
385;608;0.2005468;0.5633605;0.234931;0.5934516;398.3;0.161233;False;6/1/2026 7:05:09 PM:75;1780315509075;;
398;648;0.2074718;0.6005094;0.2633999;0.7293578;397.7;0.168863;False;6/1/2026 7:05:09 PM:163;1780315509163;;
322;549;0.1680373;0.5092009;0.09408898;0.3547537;398.5;0.1699443;False;6/1/2026 7:05:09 PM:228;1780315509228;;
266;545;0.13885;0.5051296;0.07933156;0.4831644;397.5;0.1683289;False;6/1/2026 7:05:09 PM:308;1780315509308;;
241;528;0.1257502;0.4892675;0.08203878;0.4243787;396.9;0.1796059;False;6/1/2026 7:05:09 PM:383;1780315509383;;
236;461;0.1231797;0.4274422;0.1025913;0.2910828;395.4;0.17766;False;6/1/2026 7:05:09 PM:457;1780315509457;;
228;457;0.1191068;0.4239378;0.09066;0.390366;394.9;0.1776286;False;6/1/2026 7:05:09 PM:541;1780315509541;;
226;434;0.1180227;0.4019145;0.09907069;0.3124738;394.8;0.1730307;False;6/1/2026 7:05:09 PM:624;1780315509624;;
224;421;0.1170025;0.3899114;0.09720631;0.3185371;395.4;0.1756475;False;6/1/2026 7:05:09 PM:722;1780315509722;;
224;383;0.1168452;0.354713;0.1086379;0.2318679;395.8;0.1739831;False;6/1/2026 7:05:09 PM:803;1780315509803;;
224;339;0.1169044;0.3144406;0.1178992;0.1927705;394.6;0.1772948;False;6/1/2026 7:05:09 PM:906;1780315509906;;
222;341;0.1160762;0.3158313;0.09844384;0.3265641;394.1;0.1734261;False;6/1/2026 7:05:09 PM:981;1780315509981;;
222;340;0.1159618;0.3153845;0.1045537;0.2942905;394.7;0.1687877;False;6/1/2026 7:05:10 PM:82;1780315510082;;
426;432;0.2221317;0.4005991;0.3338081;0.5435644;393.1;0.1089905;True;6/1/2026 7:05:10 PM:166;1780315510166;;
424;491;0.2210253;0.4554355;0.1933164;0.5687523;395.7;0.1268287;True;6/1/2026 7:05:10 PM:261;1780315510261;;
376;411;0.1962498;0.3805853;0.1144931;0.2318621;397.4;0.1686895;False;6/1/2026 7:05:10 PM:343;1780315510343;;
342;399;0.1784243;0.3700462;0.1110685;0.3117394;396.7;0.1765154;False;6/1/2026 7:05:10 PM:460;1780315510460;;
340;393;0.17721;0.3641755;0.1347132;0.3075847;396.1;0.1832771;False;6/1/2026 7:05:10 PM:555;1780315510555;;
307;508;0.1604022;0.4712107;0.09095947;0.6075639;395.8;0.184961;False;6/1/2026 7:05:10 PM:671;1780315510671;;
300;519;0.1564558;0.48078;0.102914;0.5268819;396.1;0.1884789;False;6/1/2026 7:05:10 PM:772;1780315510772;;
285;533;0.1489055;0.4940329;0.08640853;0.5581705;395.7;0.1823667;False;6/1/2026 7:05:10 PM:871;1780315510871;;
282;515;0.1470487;0.4772013;0.1146567;0.4116164;395.5;0.1769948;False;6/1/2026 7:05:10 PM:972;1780315510972;;
292;504;0.152314;0.4670161;0.1697993;0.4078573;395.1;0.1812527;False;6/1/2026 7:05:11 PM:76;1780315511076;;
289;504;0.1509293;0.466693;0.1231932;0.4541498;394.2;0.1785944;False;6/1/2026 7:05:11 PM:210;1780315511210;;
271;541;0.1415391;0.5012113;0.09008846;0.5914643;393.7;0.1846625;False;6/1/2026 7:05:11 PM:315;1780315511315;;
270;393;0.1409498;0.3645254;0.1187931;0.1917764;394.1;0.1767175;False;6/1/2026 7:05:11 PM:408;1780315511408;;
269;403;0.1403249;0.373239;0.127878;0.4447869;393.7;0.1871324;False;6/1/2026 7:05:11 PM:485;1780315511485;;
288;443;0.1500453;0.4102042;0.1838641;0.5303526;394.1;0.1847075;False;6/1/2026 7:05:11 PM:577;1780315511577;;
270;443;0.1408941;0.4109871;0.09381253;0.4227033;393.5;0.1866479;False;6/1/2026 7:05:11 PM:654;1780315511654;;
268;391;0.1399245;0.3622083;0.1155109;0.2386595;393.8;0.1888261;False;6/1/2026 7:05:11 PM:718;1780315511718;;
268;291;0.1397503;0.2699941;0.1306034;0.0751938;393.7;0.1865468;False;6/1/2026 7:05:11 PM:764;1780315511764;;
268;235;0.1396172;0.2178164;0.1306017;0.07518227;393.5;0.1865231;False;6/1/2026 7:05:11 PM:810;1780315511810;;
267;219;0.1393095;0.2033508;0.1216725;0.1425363;392.8;0.1823907;False;6/1/2026 7:05:11 PM:877;1780315511877;;
267;186;0.1392012;0.172421;0.1282369;0.06115541;393.2;0.1932036;False;6/1/2026 7:05:11 PM:929;1780315511929;;
266;184;0.138856;0.1712523;0.119935;0.1512395;393.0;0.1831726;False;6/1/2026 7:05:11 PM:983;1780315511983;;
266;184;0.138754;0.1706133;0.1226936;0.1556532;394.3;0.1794845;False;6/1/2026 7:05:12 PM:49;1780315512049;;
266;183;0.138678;0.170056;0.1223887;0.1520344;394.8;0.178035;False;6/1/2026 7:05:12 PM:101;1780315512101;;
266;183;0.1386011;0.1700275;0.1220528;0.1635365;395.2;0.1780517;False;6/1/2026 7:05:12 PM:154;1780315512154;;
264;194;0.1378187;0.1801648;0.1140448;0.2440907;395.4;0.185206;False;6/1/2026 7:05:12 PM:221;1780315512221;;
262;203;0.1366439;0.1884845;0.1076804;0.257011;395.5;0.1739174;False;6/1/2026 7:05:12 PM:277;1780315512277;;
261;183;0.1364413;0.1703033;0.131986;0.08370978;394.3;0.1802177;False;6/1/2026 7:05:12 PM:329;1780315512329;;
261;184;0.1363647;0.1703822;0.1196989;0.1796197;393.5;0.1874974;False;6/1/2026 7:05:12 PM:398;1780315512398;;
256;220;0.1337826;0.2038943;0.09715027;0.3317629;393.5;0.1847283;False;6/1/2026 7:05:12 PM:451;1780315512451;;
254;227;0.1327774;0.2106935;0.1037432;0.2751306;393.0;0.1791778;False;6/1/2026 7:05:12 PM:507;1780315512507;;
252;247;0.1315525;0.2290446;0.1006118;0.3266175;392.7;0.179376;False;6/1/2026 7:05:12 PM:571;1780315512571;;
252;247;0.1314488;0.2288088;0.1099921;0.2249631;391.6;0.1808265;False;6/1/2026 7:05:12 PM:629;1780315512629;;
251;253;0.1308629;0.2350324;0.1026789;0.30105;390.6;0.1809516;False;6/1/2026 7:05:12 PM:688;1780315512688;;
250;254;0.1302696;0.235377;0.1020895;0.2679289;390.4;0.1888703;False;6/1/2026 7:05:12 PM:765;1780315512765;;
249;251;0.130157;0.233016;0.1044193;0.2105617;389.3;0.1883901;False;6/1/2026 7:05:12 PM:828;1780315512828;;
249;249;0.1298741;0.2310035;0.1021305;0.2053834;387.5;0.193117;False;6/1/2026 7:05:12 PM:885;1780315512885;;
244;273;0.1272814;0.2529241;0.08644926;0.3509971;386.1;0.186285;False;6/1/2026 7:05:12 PM:951;1780315512951;;
240;296;0.1253915;0.2742738;0.08522806;0.3790651;385.8;0.1848252;False;6/1/2026 7:05:13 PM:11;1780315513011;;
253;248;0.132184;0.2301119;0.1618733;0.1102105;385.5;0.1930037;False;6/1/2026 7:05:13 PM:75;1780315513075;;
253;267;0.1320817;0.2473206;0.1302887;0.3398537;385.7;0.1984325;False;6/1/2026 7:05:13 PM:140;1780315513140;;
253;226;0.1321688;0.2098578;0.1340212;0.09186011;385.4;0.1978458;False;6/1/2026 7:05:13 PM:195;1780315513195;;
253;202;0.1321584;0.1870862;0.1317659;0.08798942;386.1;0.203585;False;6/1/2026 7:05:13 PM:246;1780315513246;;
253;186;0.1321859;0.1730385;0.1331541;0.09746818;386.2;0.1952325;False;6/1/2026 7:05:13 PM:309;1780315513309;;
253;177;0.1321898;0.1642048;0.1324483;0.09175147;385.4;0.1887795;False;6/1/2026 7:05:13 PM:360;1780315513360;;
253;173;0.1321763;0.160412;0.1277338;0.1083121;384.6;0.1888964;False;6/1/2026 7:05:13 PM:419;1780315513419;;
247;227;0.1288938;0.2110269;0.09923223;0.3326306;385.2;0.1858493;False;6/1/2026 7:05:13 PM:492;1780315513492;;
246;229;0.1284209;0.212304;0.1108229;0.2330579;385.9;0.1847424;False;6/1/2026 7:05:13 PM:548;1780315513548;;
249;224;0.1297577;0.2078495;0.1451566;0.1570975;387.0;0.1848585;False;6/1/2026 7:05:13 PM:602;1780315513602;;
242;269;0.1260483;0.2493573;0.093133;0.3674181;386.7;0.1832035;False;6/1/2026 7:05:13 PM:671;1780315513671;;
378;370;0.1969351;0.3434927;0.316217;0.5380142;386.8;0.1749368;False;6/1/2026 7:05:13 PM:722;1780315513722;;
403;448;0.2103791;0.4152943;0.2579525;0.578185;387.4;0.1745087;False;6/1/2026 7:05:13 PM:775;1780315513775;;
429;511;0.2235458;0.4738759;0.2687497;0.604778;387.3;0.1786852;False;6/1/2026 7:05:13 PM:843;1780315513843;;
469;526;0.2444711;0.4873288;0.3122033;0.5582893;387.3;0.1785632;False;6/1/2026 7:05:13 PM:897;1780315513897;;
468;536;0.2441652;0.497078;0.2302729;0.5617955;388.3;0.1782751;False;6/1/2026 7:05:13 PM:952;1780315513952;;
453;561;0.2363796;0.5198522;0.1891654;0.6163619;389.4;0.1779642;False;6/1/2026 7:05:14 PM:18;1780315514018;;
515;556;0.2682432;0.5153317;0.3498139;0.4722989;390.1;0.1717383;False;6/1/2026 7:05:14 PM:73;1780315514073;;
493;571;0.2571378;0.5294248;0.1974223;0.6112576;391.0;0.1747514;False;6/1/2026 7:05:14 PM:132;1780315514132;;
493;579;0.2568859;0.5369806;0.2514119;0.6012346;390.5;0.1786131;False;6/1/2026 7:05:14 PM:199;1780315514199;;
545;585;0.2843012;0.5425012;0.3611451;0.6092669;391.4;0.1763742;False;6/1/2026 7:05:14 PM:252;1780315514252;;
595;586;0.310183;0.5428972;0.383906;0.557577;391.1;0.173402;False;6/1/2026 7:05:14 PM:308;1780315514308;;
595;586;0.3100666;0.5430767;0.2984289;0.5472037;390.8;0.1733427;False;6/1/2026 7:05:14 PM:375;1780315514375;;
587;590;0.3060592;0.5467272;0.2689686;0.5986241;390.6;0.1687441;False;6/1/2026 7:05:14 PM:437;1780315514437;;
591;589;0.3080581;0.5455151;0.326239;0.529673;391.4;0.1701705;False;6/1/2026 7:05:14 PM:494;1780315514494;;
588;596;0.3066577;0.5519676;0.2839087;0.6125994;391.5;0.1717439;False;6/1/2026 7:05:14 PM:564;1780315514564;;
546;596;0.2848501;0.5521428;0.2063452;0.5570909;391.8;0.1648109;False;6/1/2026 7:05:14 PM:619;1780315514619;;
545;596;0.2841326;0.5522584;0.2620616;0.5564949;392.2;0.1724462;False;6/1/2026 7:05:14 PM:675;1780315514675;;
545;597;0.2839588;0.5529934;0.2755054;0.5810407;393.3;0.1719733;False;6/1/2026 7:05:14 PM:739;1780315514739;;
543;594;0.2828855;0.5504595;0.258371;0.5228587;392.8;0.1704704;False;6/1/2026 7:05:14 PM:801;1780315514801;;
543;594;0.2828602;0.5504906;0.2823694;0.5538755;394.1;0.1590486;False;6/1/2026 7:05:14 PM:866;1780315514866;;
561;596;0.2923955;0.5523731;0.3333873;0.5843912;394.7;0.1714928;False;6/1/2026 7:05:14 PM:939;1780315514939;;
561;586;0.2923988;0.5432727;0.2929841;0.4820891;393.8;0.1633222;False;6/1/2026 7:05:14 PM:996;1780315514996;;
563;586;0.2936341;0.5432729;0.312251;0.5434465;394.6;0.1657169;False;6/1/2026 7:05:15 PM:53;1780315515053;;
572;558;0.298096;0.5173423;0.3328864;0.4164328;394.3;0.1592971;False;6/1/2026 7:05:15 PM:121;1780315515121;;
576;534;0.3003561;0.4949466;0.3320702;0.3837148;394.7;0.162591;False;6/1/2026 7:05:15 PM:172;1780315515172;;
579;517;0.3020633;0.4795625;0.3320794;0.383699;395.0;0.1625923;False;6/1/2026 7:05:15 PM:226;1780315515226;;
598;521;0.3117721;0.483057;0.3645797;0.5101554;395.0;0.1657839;False;6/1/2026 7:05:15 PM:305;1780315515305;;
586;545;0.305728;0.5051189;0.2751053;0.5974612;395.5;0.1644766;False;6/1/2026 7:05:15 PM:366;1780315515366;;
602;561;0.3139267;0.5195675;0.3658578;0.6022981;395.9;0.1688703;False;6/1/2026 7:05:15 PM:424;1780315515424;;
572;540;0.2981736;0.5001684;0.2487581;0.4209963;395.9;0.1651274;False;6/1/2026 7:05:15 PM:501;1780315515501;;
573;541;0.2984732;0.5014169;0.3107466;0.524022;395.1;0.1743;False;6/1/2026 7:05:15 PM:566;1780315515566;;
571;498;0.2976257;0.4617793;0.2854862;0.3375923;396.6;0.1692127;False;6/1/2026 7:05:15 PM:628;1780315515628;;
634;507;0.3305827;0.4701773;0.4092794;0.5264454;400.1;0.1110303;True;6/1/2026 7:05:15 PM:702;1780315515702;;
617;354;0.321688;0.3284076;0.2763884;0.1195781;402.8;0.1466599;False;6/1/2026 7:05:15 PM:764;1780315515764;;
530;278;0.2765326;0.257643;0.168849;0.09798732;402.3;0.1726548;False;6/1/2026 7:05:15 PM:812;1780315515812;;
437;238;0.2279297;0.22085;0.1322448;0.1201979;401.7;0.1757216;False;6/1/2026 7:05:15 PM:873;1780315515873;;
415;218;0.2162698;0.2027343;0.1646013;0.1226877;401.4;0.1652793;False;6/1/2026 7:05:15 PM:923;1780315515923;;
379;195;0.1976101;0.1812974;0.1337459;0.09380716;400.5;0.1778673;False;6/1/2026 7:05:15 PM:983;1780315515983;;
348;196;0.1813971;0.1820159;0.1196444;0.2065151;399.6;0.1781521;False;6/1/2026 7:05:16 PM:43;1780315516043;;
337;192;0.1756959;0.1783177;0.1363861;0.1429602;399.9;0.1659649;False;6/1/2026 7:05:16 PM:109;1780315516109;;
338;180;0.176143;0.1668752;0.1830125;0.09832962;402.4;0.1352522;False;6/1/2026 7:05:16 PM:178;1780315516178;;
290;110;0.1512655;0.1024077;0.1275905;0.05054631;402.8;0.1630738;False;6/1/2026 7:06:41 PM:66;1780315601066;;
281;520;0.1464026;0.4818608;0.1044136;0.6937379;402.4;0.1743397;False;6/1/2026 7:06:41 PM:176;1780315601176;;
350;394;0.1826871;0.3650562;0.2560702;0.09781262;407.9;0.1741662;False;6/1/2026 7:06:41 PM:244;1780315601244;;
446;337;0.2327899;0.3126365;0.3318841;0.1003076;412.5;0.1727043;False;6/1/2026 7:06:41 PM:295;1780315601295;;
450;300;0.2344742;0.2782698;0.2467487;0.09966507;417.3;0.1724707;False;6/1/2026 7:06:41 PM:347;1780315601347;;
441;324;0.2297873;0.3006973;0.1824246;0.3671822;421.0;0.1805285;False;6/1/2026 7:06:41 PM:407;1780315601407;;
445;318;0.232214;0.294549;0.2506959;0.1960013;425.1;0.1773284;False;6/1/2026 7:06:41 PM:456;1780315601456;;
446;308;0.232353;0.2856544;0.2346357;0.1784396;428.9;0.1774661;False;6/1/2026 7:06:41 PM:510;1780315601510;;
431;477;0.224498;0.4422596;0.1782399;0.6139153;431.1;0.1747644;False;6/1/2026 7:06:41 PM:591;1780315601591;;
422;458;0.2197958;0.4243056;0.1727137;0.2763596;432.8;0.1805718;False;6/1/2026 7:06:41 PM:644;1780315601644;;
422;371;0.2199012;0.3437637;0.2214155;0.1158631;436.3;0.1726648;False;6/1/2026 7:06:41 PM:694;1780315601694;;
387;501;0.2018641;0.4646516;0.1358163;0.6204873;439.5;0.1762897;False;6/1/2026 7:06:41 PM:774;1780315601774;;
373;535;0.1944056;0.4960354;0.1378956;0.5888101;442.0;0.1744386;False;6/1/2026 7:06:41 PM:828;1780315601828;;
365;534;0.1901284;0.4947938;0.1422787;0.4704699;442.5;0.1771742;False;6/1/2026 7:06:41 PM:886;1780315601886;;
408;558;0.2129356;0.5171955;0.2706153;0.5931364;442.8;0.1720672;False;6/1/2026 7:06:41 PM:956;1780315601956;;
399;447;0.2078736;0.4141388;0.1607672;0.2074749;441.6;0.1831687;False;6/1/2026 7:06:42 PM:10;1780315602010;;
404;399;0.2104592;0.3694564;0.2299837;0.231001;440.3;0.1839898;False;6/1/2026 7:06:42 PM:64;1780315602064;;
406;398;0.211854;0.3690242;0.2261652;0.35561;439.2;0.1839906;False;6/1/2026 7:06:42 PM:125;1780315602125;;
429;307;0.2234894;0.2847196;0.2775735;0.09814942;436.8;0.1907371;False;6/1/2026 7:06:42 PM:178;1780315602178;;
431;255;0.2248052;0.2369748;0.2448768;0.09834257;432.6;0.1861991;False;6/1/2026 7:06:42 PM:231;1780315602231;;
363;258;0.1895125;0.2396504;0.109452;0.2812112;429.3;0.1883249;False;6/1/2026 7:06:42 PM:301;1780315602301;;
355;258;0.1853357;0.2396778;0.1509445;0.2405284;424.8;0.1787647;False;6/1/2026 7:06:42 PM:352;1780315602352;;
324;273;0.1689696;0.2534941;0.1000005;0.3464835;420.7;0.1772994;False;6/1/2026 7:06:42 PM:403;1780315602403;;
320;274;0.1670688;0.2537498;0.1407665;0.266043;416.9;0.1775113;False;6/1/2026 7:06:42 PM:463;1780315602463;;
323;245;0.168443;0.2276284;0.183752;0.1296912;413.2;0.188711;False;6/1/2026 7:06:42 PM:522;1780315602522;;
439;220;0.2288867;0.2046104;0.3430972;0.1010621;410.1;0.1807216;False;6/1/2026 7:06:42 PM:573;1780315602573;;
461;205;0.2403838;0.1900064;0.2837912;0.1095133;406.5;0.1840957;False;6/1/2026 7:06:42 PM:638;1780315602638;;
571;197;0.2978158;0.1827657;0.4039125;0.1146723;402.6;0.184091;False;6/1/2026 7:06:42 PM:693;1780315602693;;
565;204;0.2943052;0.1894764;0.2508374;0.2356649;398.9;0.1821864;False;6/1/2026 7:06:42 PM:755;1780315602755;;
564;209;0.2941203;0.1936317;0.2660263;0.2345108;395.5;0.1919952;False;6/1/2026 7:06:42 PM:817;1780315602817;;
583;169;0.3040657;0.1570524;0.3473663;0.02474592;393.5;0.1807707;False;6/1/2026 7:06:42 PM:867;1780315602867;;
586;150;0.3054746;0.1396294;0.319659;0.04520072;391.7;0.1807918;False;6/1/2026 7:06:42 PM:918;1780315602918;;
571;269;0.2974197;0.2495844;0.255026;0.3997692;389.5;0.2001024;False;6/1/2026 7:06:43 PM:23;1780315603023;;
649;248;0.3383608;0.2301877;0.4336456;0.1216452;387.1;0.1969177;False;6/1/2026 7:06:43 PM:71;1780315603071;;
648;230;0.337903;0.2134217;0.3279106;0.1177218;388.0;0.1593941;False;6/1/2026 7:06:43 PM:133;1780315603133;;
648;214;0.3376662;0.1990668;0.332246;0.1004472;388.7;0.1594275;False;6/1/2026 7:06:43 PM:188;1780315603188;;
651;214;0.3394174;0.1989898;0.3566168;0.1614619;389.9;0.1822729;False;6/1/2026 7:06:43 PM:238;1780315603238;;
473;310;0.2466941;0.2872712;0.1185271;0.4479869;391.1;0.1898044;False;6/1/2026 7:06:43 PM:302;1780315603302;;
369;335;0.1926899;0.3104819;0.09018882;0.4002304;392.4;0.1979927;False;6/1/2026 7:06:43 PM:353;1780315603353;;
344;329;0.1793264;0.3050119;0.1307277;0.2337503;395.6;0.1999432;False;6/1/2026 7:06:43 PM:402;1780315603402;;
294;406;0.1535435;0.3766354;0.08520424;0.5304363;398.5;0.200012;False;6/1/2026 7:06:43 PM:459;1780315603459;;
298;446;0.155413;0.4131213;0.1904653;0.5280638;402.4;0.1964075;False;6/1/2026 7:06:43 PM:511;1780315603511;;
296;500;0.1546435;0.463072;0.1467545;0.5949267;406.0;0.1999557;False;6/1/2026 7:06:43 PM:568;1780315603568;;
353;546;0.1839635;0.5055698;0.2667881;0.6213402;409.4;0.1888199;False;6/1/2026 7:06:43 PM:637;1780315603637;;
353;535;0.1840751;0.4955074;0.1946061;0.4153558;412.9;0.1790688;False;6/1/2026 7:06:43 PM:684;1780315603684;;
313;532;0.1634887;0.4932575;0.09306005;0.4463298;417.8;0.1751965;False;6/1/2026 7:06:43 PM:733;1780315603733;;
294;562;0.1533864;0.5212144;0.1082706;0.6182451;422.3;0.1750514;False;6/1/2026 7:06:43 PM:797;1780315603797;;
303;562;0.1579013;0.5211849;0.1956492;0.5104976;426.0;0.1815444;False;6/1/2026 7:06:43 PM:846;1780315603846;;
367;587;0.1915648;0.5439497;0.2633135;0.6214333;428.2;0.1746769;False;6/1/2026 7:06:43 PM:950;1780315603950;;
368;595;0.1916876;0.5509298;0.1969135;0.6120178;430.2;0.170719;False;6/1/2026 7:06:44 PM:16;1780315604016;;
368;407;0.1917581;0.3772537;0.1957892;0.138947;431.7;0.1778128;False;6/1/2026 7:06:44 PM:68;1780315604068;;
368;344;0.1918103;0.3193903;0.2016726;0.1968942;433.1;0.1778035;False;6/1/2026 7:06:44 PM:125;1780315604125;;
471;424;0.2457266;0.3929144;0.3385353;0.5700004;434.6;0.1760947;False;6/1/2026 7:06:44 PM:209;1780315604209;;
423;418;0.2207823;0.38743;0.1451749;0.3566316;435.9;0.1757578;False;6/1/2026 7:06:44 PM:266;1780315604266;;
398;471;0.207586;0.436701;0.1527562;0.5911722;436.8;0.1747393;False;6/1/2026 7:06:44 PM:332;1780315604332;;
372;508;0.1937584;0.4712314;0.1402461;0.5944492;437.3;0.1825074;False;6/1/2026 7:06:44 PM:418;1780315604418;;
348;415;0.1815381;0.384672;0.1163163;0.2129025;436.9;0.1817715;False;6/1/2026 7:06:44 PM:469;1780315604469;;
324;416;0.1691404;0.3856847;0.10571;0.432062;436.6;0.1817466;False;6/1/2026 7:06:44 PM:529;1780315604529;;
324;487;0.1690306;0.4517452;0.1496688;0.6197886;437.4;0.1760442;False;6/1/2026 7:06:44 PM:605;1780315604605;;
338;505;0.1761918;0.4676711;0.2100858;0.5748595;439.4;0.1770601;False;6/1/2026 7:06:44 PM:668;1780315604668;;
338;536;0.1763193;0.4963233;0.1790686;0.6278957;440.0;0.1838864;False;6/1/2026 7:06:44 PM:736;1780315604736;;
329;564;0.1715903;0.522953;0.1368746;0.6459843;440.1;0.1756327;False;6/1/2026 7:06:44 PM:816;1780315604816;;
328;476;0.1708747;0.4416068;0.1482697;0.2811144;440.4;0.1708347;False;6/1/2026 7:06:44 PM:870;1780315604870;;
324;328;0.1687734;0.3044403;0.1345846;0.09594398;440.7;0.1708355;False;6/1/2026 7:06:44 PM:918;1780315604918;;
328;442;0.1711753;0.4099663;0.1886331;0.6375425;439.5;0.1787612;False;6/1/2026 7:06:44 PM:987;1780315604987;;
328;460;0.1712776;0.4261339;0.1739769;0.5508707;440.2;0.1733476;False;6/1/2026 7:06:45 PM:47;1780315605047;;
310;406;0.1619351;0.3760149;0.1105257;0.2621633;441.3;0.1733389;False;6/1/2026 7:06:45 PM:106;1780315605106;;
315;484;0.164112;0.4482419;0.1820878;0.6246962;441.7;0.1684099;False;6/1/2026 7:06:45 PM:180;1780315605180;;
288;503;0.1504626;0.4660552;0.09091847;0.5797408;441.2;0.178113;False;6/1/2026 7:06:45 PM:240;1780315605240;;
281;528;0.1467281;0.48906;0.1113939;0.6128267;440.8;0.1745114;False;6/1/2026 7:06:45 PM:305;1780315605305;;
281;544;0.1465142;0.5038106;0.1296219;0.6108302;441.7;0.1787295;False;6/1/2026 7:06:45 PM:376;1780315605376;;
357;450;0.1863437;0.4168687;0.2773241;0.2527744;441.2;0.1760308;False;6/1/2026 7:06:45 PM:429;1780315605429;;
357;467;0.1862756;0.4330095;0.1693098;0.5599005;441.2;0.1870324;False;6/1/2026 7:06:45 PM:484;1780315605484;;
383;515;0.1996795;0.4768802;0.2472264;0.640019;441.3;0.1871782;False;6/1/2026 7:06:45 PM:552;1780315605552;;
391;530;0.2038034;0.4914313;0.2329148;0.609559;439.5;0.1897097;False;6/1/2026 7:06:45 PM:615;1780315605615;;
569;551;0.2966433;0.5106855;0.420504;0.64035;438.7;0.1803458;False;6/1/2026 7:06:45 PM:679;1780315605679;;
650;570;0.3390434;0.5283505;0.4157182;0.6537442;437.9;0.1803789;False;6/1/2026 7:06:45 PM:749;1780315605749;;
659;578;0.3432688;0.5353897;0.3649114;0.6394384;437.5;0.1776962;False;6/1/2026 7:06:45 PM:818;1780315605818;;
674;597;0.3510872;0.5530387;0.3884162;0.6853592;437.9;0.188086;False;6/1/2026 7:06:45 PM:881;1780315605881;;
699;597;0.3644795;0.553415;0.4143848;0.6379431;437.6;0.1817419;False;6/1/2026 7:06:45 PM:955;1780315605955;;
716;597;0.3730153;0.553521;0.4207915;0.6371679;436.5;0.1904291;False;6/1/2026 7:06:46 PM:15;1780315606015;;
732;600;0.3815021;0.5560561;0.4318102;0.6138981;437.1;0.1818532;False;6/1/2026 7:06:46 PM:77;1780315606077;;
740;601;0.3855521;0.5567901;0.4239811;0.6255376;436.7;0.1871983;False;6/1/2026 7:06:46 PM:148;1780315606148;;
740;602;0.3858396;0.5577279;0.3924483;0.6347582;436.3;0.1871942;False;6/1/2026 7:06:46 PM:216;1780315606216;;
741;609;0.3863378;0.5644136;0.4063231;0.6584471;436.0;0.1868435;False;6/1/2026 7:06:46 PM:311;1780315606311;;
636;614;0.331266;0.5690534;0.287746;0.5814261;435.1;0.1831056;False;6/1/2026 7:06:47 PM:806;1780315607806;;
634;621;0.3305452;0.5756249;0.3033573;0.627051;434.0;0.1832167;False;6/1/2026 7:06:47 PM:946;1780315607946;;
632;624;0.3294948;0.578185;0.3115969;0.6239073;435.2;0.1766391;False;6/1/2026 7:06:48 PM:78;1780315608078;;
632;625;0.3292208;0.5789503;0.3077699;0.6055238;435.9;0.1722316;False;6/1/2026 7:06:48 PM:227;1780315608227;;
631;628;0.328703;0.582244;0.3229061;0.631397;440.1;0.1604644;False;6/1/2026 7:06:48 PM:358;1780315608358;;
634;627;0.3302266;0.5809113;0.3405661;0.5719708;443.6;0.1295973;True;6/1/2026 7:06:48 PM:494;1780315608494;;
591;632;0.3079999;0.5855383;0.251173;0.6317504;443.0;0.1760124;False;6/1/2026 7:06:48 PM:615;1780315608615;;
590;644;0.3077316;0.597057;0.3017069;0.6657785;442.1;0.1784835;False;6/1/2026 7:06:48 PM:750;1780315608750;;
573;654;0.2988211;0.6061924;0.2582728;0.6775143;440.7;0.1725282;False;6/1/2026 7:06:48 PM:887;1780315608887;;
597;656;0.3112882;0.6080205;0.3449163;0.6323115;440.3;0.1809553;False;6/1/2026 7:06:49 PM:27;1780315609027;;
597;658;0.3114058;0.6097657;0.3153517;0.6567585;439.6;0.1741786;False;6/1/2026 7:06:49 PM:156;1780315609156;;
564;667;0.2940838;0.6182953;0.2474144;0.6880309;439.1;0.1920451;False;6/1/2026 7:06:49 PM:299;1780315609299;;
628;707;0.3273427;0.654805;0.3861766;0.7710914;437.9;0.2021601;False;6/1/2026 7:06:49 PM:428;1780315609428;;
672;707;0.3501581;0.6548727;0.4051662;0.7143036;436.3;0.2210063;False;6/1/2026 7:06:49 PM:557;1780315609557;;
677;694;0.3526152;0.6426791;0.3792942;0.6064279;435.5;0.1953713;False;6/1/2026 7:06:49 PM:691;1780315609691;;
680;692;0.3545156;0.6407971;0.3825097;0.6254863;434.3;0.2024034;False;6/1/2026 7:06:49 PM:825;1780315609825;;
681;691;0.3548284;0.639896;0.3579876;0.6260074;433.7;0.190639;False;6/1/2026 7:06:49 PM:957;1780315609957;;
692;700;0.3608193;0.6487741;0.3970107;0.6961854;433.4;0.2009486;False;6/1/2026 7:06:50 PM:98;1780315610098;;
687;697;0.3581339;0.6453978;0.344346;0.6199705;432.7;0.2076393;False;6/1/2026 7:06:50 PM:219;1780315610219;;
688;693;0.3586238;0.6419985;0.3720393;0.6101385;432.5;0.2112862;False;6/1/2026 7:06:50 PM:346;1780315610346;;
658;693;0.3429835;0.6419005;0.3020554;0.6328334;432.4;0.211263;False;6/1/2026 7:06:50 PM:491;1780315610491;;
658;693;0.3429369;0.6418371;0.3384003;0.6333417;432.0;0.19515;False;6/1/2026 7:06:50 PM:627;1780315610627;;
652;693;0.3399624;0.641771;0.3156624;0.6350857;431.2;0.1828132;False;6/1/2026 7:06:50 PM:764;1780315610764;;
655;693;0.3415237;0.642535;0.3521824;0.6537872;430.4;0.1894371;False;6/1/2026 7:06:50 PM:915;1780315610915;;
655;713;0.3415182;0.6606199;0.3408335;0.7299595;431.2;0.1848445;False;6/1/2026 7:06:51 PM:41;1780315611041;;
632;712;0.3296671;0.6598211;0.2878827;0.6512849;431.6;0.1783581;False;6/1/2026 7:06:51 PM:172;1780315611172;;
632;712;0.3296419;0.6594435;0.3164314;0.6518603;432.1;0.1840312;False;6/1/2026 7:06:51 PM:300;1780315611300;;
632;712;0.329592;0.659432;0.3288304;0.6581292;431.9;0.1856299;False;6/1/2026 7:06:51 PM:423;1780315611423;;
631;710;0.3287729;0.6581727;0.3130121;0.6392756;432.1;0.1797986;False;6/1/2026 7:06:51 PM:568;1780315611568;;
628;706;0.3274914;0.6540169;0.3067235;0.6156027;431.9;0.1898421;False;6/1/2026 7:06:51 PM:703;1780315611703;;
590;700;0.3077671;0.6483995;0.2507443;0.5985116;431.3;0.1854953;False;6/1/2026 7:06:51 PM:839;1780315611839;;
578;699;0.3010854;0.647699;0.2565675;0.6329882;431.4;0.1946453;False;6/1/2026 7:06:51 PM:971;1780315611971;;
466;697;0.2432075;0.6456988;0.1515869;0.6072404;432.1;0.1879343;False;6/1/2026 7:06:52 PM:93;1780315612093;;
473;697;0.2464343;0.6454612;0.2604805;0.6148213;432.4;0.1713444;False;6/1/2026 7:06:52 PM:230;1780315612230;;
461;697;0.2404607;0.6454356;0.2068139;0.6451598;433.7;0.1672526;False;6/1/2026 7:06:52 PM:368;1780315612368;;
456;694;0.2375543;0.643516;0.2069258;0.6110741;434.5;0.1799116;False;6/1/2026 7:06:52 PM:506;1780315612506;;
452;695;0.2358208;0.6442372;0.2058338;0.6515731;435.3;0.1768878;False;6/1/2026 7:06:52 PM:647;1780315612647;;
454;695;0.2365262;0.6435976;0.2410904;0.6241841;435.0;0.1814145;False;6/1/2026 7:06:52 PM:764;1780315612764;;
411;694;0.2140934;0.6434899;0.1543253;0.6340903;434.9;0.183787;False;6/1/2026 7:06:52 PM:893;1780315612893;;
416;694;0.217094;0.6430831;0.2318519;0.6247926;435.2;0.1786614;False;6/1/2026 7:06:53 PM:13;1780315613013;;
418;691;0.2180836;0.6406758;0.2281282;0.6059588;436.2;0.173034;False;6/1/2026 7:06:53 PM:138;1780315613138;;
422;691;0.2201877;0.6406299;0.2384138;0.6192889;437.3;0.1701382;False;6/1/2026 7:06:53 PM:272;1780315613272;;
428;694;0.2233036;0.642645;0.2496223;0.6594095;436.3;0.1757867;False;6/1/2026 7:06:53 PM:396;1780315613396;;
435;689;0.226798;0.6383678;0.2577392;0.6001585;435.6;0.1794433;False;6/1/2026 7:06:53 PM:526;1780315613526;;
551;689;0.2874634;0.6382732;0.3746277;0.6219172;436.5;0.1679975;False;6/1/2026 7:06:53 PM:655;1780315613655;;
556;689;0.2898194;0.6382172;0.318051;0.6203524;443.8;0.1689069;False;6/1/2026 7:06:53 PM:805;1780315613805;;
536;689;0.2794734;0.6380908;0.2475944;0.6234313;449.6;0.170636;False;6/1/2026 7:06:53 PM:923;1780315613923;;
536;688;0.279501;0.6372483;0.2816461;0.6112098;454.3;0.1774159;False;6/1/2026 7:06:54 PM:46;1780315614046;;
528;696;0.2754539;0.6445373;0.2515844;0.6817083;459.5;0.1739683;False;6/1/2026 7:06:54 PM:174;1780315614174;;
556;690;0.289693;0.6396814;0.3324517;0.6022099;464.6;0.1709239;False;6/1/2026 7:06:54 PM:297;1780315614297;;
556;690;0.2897047;0.6395193;0.2966756;0.6236816;469.4;0.1670957;False;6/1/2026 7:06:54 PM:412;1780315614412;;
555;690;0.2895026;0.6391497;0.2861006;0.6198015;473.4;0.1786544;False;6/1/2026 7:06:54 PM:550;1780315614550;;
549;691;0.2862043;0.6405028;0.2641515;0.6544961;476.1;0.1763581;False;6/1/2026 7:06:54 PM:679;1780315614679;;
549;690;0.2862276;0.6397174;0.2867705;0.622772;479.6;0.1652858;False;6/1/2026 7:06:54 PM:820;1780315614820;;
562;690;0.2928459;0.6397005;0.3235369;0.6300169;483.1;0.1729303;False;6/1/2026 7:06:54 PM:944;1780315614944;;
584;690;0.3042222;0.6396707;0.3492192;0.6384729;487.0;0.1616874;False;6/1/2026 7:06:55 PM:65;1780315615065;;
584;690;0.304298;0.6396548;0.3221291;0.6387312;489.2;0.1618139;False;6/1/2026 7:06:55 PM:213;1780315615213;;
584;690;0.304577;0.6397151;0.3085005;0.642699;492.3;0.165821;False;6/1/2026 7:06:55 PM:336;1780315615336;;
600;690;0.3127013;0.6397067;0.3538898;0.6377831;494.6;0.1623031;False;6/1/2026 7:06:55 PM:456;1780315615456;;
649;690;0.3381138;0.6396676;0.4041367;0.6355737;497.7;0.168657;False;6/1/2026 7:06:55 PM:583;1780315615583;;
660;694;0.3438709;0.6430234;0.3880664;0.6733288;499.1;0.1596069;False;6/1/2026 7:06:55 PM:712;1780315615712;;
647;693;0.3372942;0.6425679;0.3161067;0.6345336;500.7;0.1653321;False;6/1/2026 7:06:55 PM:836;1780315615836;;
615;693;0.32038;0.6417195;0.278118;0.6270851;504.4;0.1604419;False;6/1/2026 7:06:55 PM:975;1780315615975;;
633;694;0.3297244;0.6428255;0.3644892;0.6587585;503.8;0.1616935;False;6/1/2026 7:06:56 PM:109;1780315616109;;
607;694;0.316531;0.6428055;0.276977;0.6416139;501.4;0.1633598;False;6/1/2026 7:06:56 PM:239;1780315616239;;
608;691;0.3167406;0.6400605;0.3204977;0.6128439;503.2;0.15607;False;6/1/2026 7:06:56 PM:378;1780315616378;;
600;691;0.3126934;0.6399784;0.2866188;0.6353852;502.8;0.1552777;False;6/1/2026 7:06:56 PM:506;1780315616506;;
616;690;0.3213474;0.6398007;0.353399;0.627625;500.3;0.1636148;False;6/1/2026 7:06:56 PM:631;1780315616631;;
617;691;0.3213639;0.6406375;0.3235321;0.6527497;500.5;0.161511;False;6/1/2026 7:06:56 PM:759;1780315616759;;
620;691;0.323299;0.6404991;0.3418483;0.6340658;501.1;0.1612886;False;6/1/2026 7:06:56 PM:910;1780315616910;;
612;691;0.3190752;0.6405471;0.2979687;0.6430196;500.2;0.1793278;False;6/1/2026 7:06:57 PM:54;1780315617054;;
573;691;0.2987708;0.6399502;0.2457361;0.6261073;498.3;0.1781481;False;6/1/2026 7:06:57 PM:183;1780315617183;;
567;693;0.2956306;0.6420323;0.2654308;0.6643426;495.8;0.1804644;False;6/1/2026 7:06:57 PM:312;1780315617312;;
549;693;0.2863689;0.6420391;0.2399427;0.6472439;495.7;0.1729992;False;6/1/2026 7:06:57 PM:444;1780315617444;;
575;691;0.299688;0.6405229;0.3327808;0.6216171;494.8;0.1749348;False;6/1/2026 7:06:57 PM:578;1780315617578;;
566;682;0.2950072;0.6316409;0.2643165;0.5791969;493.8;0.1798497;False;6/1/2026 7:06:57 PM:702;1780315617702;;
555;696;0.2893424;0.6449971;0.2523221;0.6960499;492.6;0.171001;False;6/1/2026 7:06:57 PM:833;1780315617833;;
554;695;0.2889491;0.6442899;0.265074;0.6320923;490.3;0.1784419;False;6/1/2026 7:06:57 PM:987;1780315617987;;
585;696;0.3048919;0.6447736;0.343275;0.6554655;488.0;0.1720298;False;6/1/2026 7:06:58 PM:115;1780315618115;;
585;700;0.304919;0.6487527;0.3058464;0.6834698;485.5;0.1786079;False;6/1/2026 7:06:58 PM:253;1780315618253;;
587;700;0.3058603;0.6488853;0.3174989;0.6608717;480.4;0.1827131;False;6/1/2026 7:06:58 PM:389;1780315618389;;
654;698;0.3408428;0.6465455;0.4088723;0.6252254;474.1;0.1823207;False;6/1/2026 7:06:58 PM:510;1780315618510;;
532;677;0.2772836;0.6271873;0.2023654;0.5583629;463.4;0.1784312;False;6/1/2026 7:06:58 PM:649;1780315618649;;
535;676;0.2790959;0.6267606;0.298645;0.6003375;449.4;0.1699876;False;6/1/2026 7:06:58 PM:785;1780315618785;;
495;675;0.2578816;0.6251618;0.2085372;0.5885652;435.5;0.1759079;False;6/1/2026 7:06:58 PM:908;1780315618908;;
367;673;0.1913519;0.6236552;0.1105797;0.5848932;422.4;0.1722703;False;6/1/2026 7:06:59 PM:53;1780315619053;;
367;667;0.1913152;0.6183567;0.1895499;0.5612581;410.1;0.176881;False;6/1/2026 7:06:59 PM:186;1780315619186;;
367;665;0.1913043;0.6158359;0.188041;0.5622676;398.8;0.1705706;False;6/1/2026 7:06:59 PM:314;1780315619314;;
381;679;0.198533;0.6290934;0.229178;0.6705599;388.0;0.1682805;False;6/1/2026 7:06:59 PM:455;1780315619455;;
386;677;0.2015564;0.6274794;0.227958;0.5993713;379.0;0.1700184;False;6/1/2026 7:06:59 PM:588;1780315619588;;
388;677;0.2024958;0.6268759;0.2245161;0.601653;370.4;0.1613155;False;6/1/2026 7:06:59 PM:715;1780315619715;;
379;667;0.1975036;0.6176857;0.1773074;0.5583331;363.2;0.168436;False;6/1/2026 7:06:59 PM:860;1780315619860;;
378;666;0.1968953;0.6171398;0.1876183;0.5787873;355.9;0.1694432;False;6/1/2026 7:06:59 PM:986;1780315619986;;
380;665;0.1984252;0.6163578;0.2132129;0.591123;349.4;0.1696128;False;6/1/2026 7:07:00 PM:117;1780315620117;;
408;660;0.2127164;0.6118776;0.2582248;0.5592495;343.7;0.1712499;False;6/1/2026 7:07:00 PM:258;1780315620258;;
408;662;0.2128501;0.6132309;0.2272544;0.6223258;338.7;0.1738297;False;6/1/2026 7:07:00 PM:386;1780315620386;;
407;662;0.2124645;0.6130831;0.2089324;0.6100091;334.7;0.1626426;False;6/1/2026 7:07:00 PM:526;1780315620526;;
402;662;0.2097149;0.613515;0.1914747;0.6209295;331.7;0.1611591;False;6/1/2026 7:07:00 PM:656;1780315620656;;
380;663;0.1979782;0.6146476;0.1555936;0.6318964;331.1;0.1794533;False;6/1/2026 7:07:00 PM:784;1780315620784;;
316;652;0.1646884;0.6041618;0.09842692;0.5553442;339.5;0.1798268;False;6/1/2026 7:07:00 PM:935;1780315620935;;
502;652;0.2616182;0.6042776;0.3474159;0.6063508;347.6;0.1787614;False;6/1/2026 7:07:01 PM:69;1780315621069;;
500;659;0.2607242;0.6108571;0.2475738;0.6494163;361.8;0.1818596;False;6/1/2026 7:07:01 PM:212;1780315621212;;
494;659;0.257561;0.6103194;0.2245188;0.6018581;384.3;0.1729604;False;6/1/2026 7:07:01 PM:350;1780315621350;;
508;661;0.264793;0.6124843;0.2891788;0.6392488;406.9;0.1778913;False;6/1/2026 7:07:01 PM:476;1780315621476;;
515;655;0.268574;0.6068464;0.2903216;0.5715743;431.4;0.1739636;False;6/1/2026 7:07:01 PM:603;1780315621603;;
528;650;0.2754442;0.6027761;0.3103566;0.5644994;456.2;0.1677823;False;6/1/2026 7:07:01 PM:723;1780315621723;;
580;651;0.3022763;0.6034126;0.3657931;0.6112875;481.1;0.1758316;False;6/1/2026 7:07:01 PM:854;1780315621854;;
588;652;0.3062984;0.6039377;0.3439512;0.6142181;505.2;0.1680593;False;6/1/2026 7:07:01 PM:976;1780315621976;;
577;652;0.3006455;0.6039981;0.27941;0.608744;526.2;0.1717434;False;6/1/2026 7:07:02 PM:89;1780315622089;;
577;653;0.3007338;0.6052973;0.3031498;0.6272654;543.9;0.1666948;False;6/1/2026 7:07:02 PM:199;1780315622199;;
579;649;0.3017663;0.6011131;0.3192687;0.5686172;560.0;0.1705339;False;6/1/2026 7:07:02 PM:310;1780315622310;;
579;648;0.3018697;0.6008787;0.3098017;0.5891491;572.9;0.1664378;False;6/1/2026 7:07:02 PM:422;1780315622422;;
621;648;0.323839;0.6005176;0.3842663;0.5850474;588.5;0.1736161;False;6/1/2026 7:07:02 PM:534;1780315622534;;
628;596;0.3274512;0.5526221;0.3619055;0.4402455;600.0;0.171231;False;6/1/2026 7:07:02 PM:648;1780315622648;;
629;596;0.3280366;0.5521442;0.3424858;0.5388969;609.7;0.1757763;False;6/1/2026 7:07:02 PM:775;1780315622775;;
611;594;0.3183896;0.5500601;0.2876516;0.5134824;623.6;0.1670474;False;6/1/2026 7:07:02 PM:899;1780315622899;;
601;595;0.313443;0.5516886;0.2865371;0.5648438;632.5;0.1732545;False;6/1/2026 7:07:03 PM:26;1780315623026;;
522;605;0.2719201;0.5607721;0.1989078;0.6071967;638.0;0.1772156;False;6/1/2026 7:07:03 PM:152;1780315623152;;
528;623;0.2753687;0.5775108;0.2931117;0.6471399;644.2;0.1741545;False;6/1/2026 7:07:03 PM:290;1780315623290;;
529;629;0.2759329;0.5827703;0.2855913;0.6383097;652.5;0.1670724;False;6/1/2026 7:07:03 PM:410;1780315623410;;
550;630;0.2866392;0.5837073;0.3268367;0.6080109;654.9;0.1679828;False;6/1/2026 7:07:03 PM:547;1780315623547;;
544;631;0.2837914;0.5842607;0.2680551;0.6066093;656.4;0.169806;False;6/1/2026 7:07:03 PM:677;1780315623677;;
514;656;0.2679254;0.6080162;0.2225949;0.6971604;652.8;0.1722106;False;6/1/2026 7:07:03 PM:809;1780315623809;;
502;661;0.2614854;0.6124361;0.2240822;0.6744509;649.1;0.1804125;False;6/1/2026 7:07:03 PM:928;1780315623928;;
431;686;0.2245619;0.6359847;0.1526145;0.7349705;642.0;0.1862563;False;6/1/2026 7:07:04 PM:67;1780315624067;;
430;683;0.2240305;0.6331964;0.2182385;0.620501;635.5;0.1808051;False;6/1/2026 7:07:04 PM:189;1780315624189;;
446;690;0.2323443;0.6397682;0.2621757;0.7003153;625.9;0.1775052;False;6/1/2026 7:07:04 PM:307;1780315624307;;
380;691;0.1983875;0.6404485;0.1303669;0.6483698;615.1;0.1800177;False;6/1/2026 7:07:04 PM:417;1780315624417;;
343;696;0.1789985;0.6445335;0.1226002;0.6946732;604.1;0.1799332;False;6/1/2026 7:07:04 PM:534;1780315624534;;
311;705;0.1624765;0.653666;0.1044145;0.7243538;593.6;0.1796424;False;6/1/2026 7:07:04 PM:645;1780315624645;;
298;718;0.1555045;0.6654728;0.1102218;0.7449687;584.0;0.1870025;False;6/1/2026 7:07:04 PM:779;1780315624779;;
296;740;0.1543554;0.6860209;0.1194438;0.785851;574.4;0.191733;False;6/1/2026 7:07:04 PM:910;1780315624910;;
290;743;0.151111;0.6881278;0.1090615;0.7354502;563.7;0.1967908;False;6/1/2026 7:07:05 PM:49;1780315625049;;
286;745;0.149067;0.6903138;0.1079138;0.7218132;555.1;0.1819566;False;6/1/2026 7:07:05 PM:195;1780315625195;;
301;720;0.1570837;0.6672865;0.1787181;0.6083162;546.4;0.1875127;False;6/1/2026 7:07:05 PM:332;1780315625332;;
355;691;0.1852968;0.6401759;0.2387269;0.5626568;539.2;0.183548;False;6/1/2026 7:07:05 PM:466;1780315625466;;
387;663;0.2015695;0.6139013;0.2484504;0.5275955;530.7;0.1845521;False;6/1/2026 7:07:05 PM:603;1780315625603;;
407;662;0.2121472;0.6130406;0.2579352;0.5987851;524.7;0.1765034;False;6/1/2026 7:07:05 PM:732;1780315625732;;
517;663;0.2694633;0.6145255;0.3542845;0.6265822;518.4;0.1845001;False;6/1/2026 7:07:05 PM:872;1780315625872;;
520;672;0.2711611;0.6227815;0.3007129;0.6667314;512.8;0.1759336;False;6/1/2026 7:07:06 PM:4;1780315626004;;
425;666;0.2216488;0.6170447;0.1561915;0.581333;508.0;0.1766813;False;6/1/2026 7:07:06 PM:134;1780315626134;;
355;666;0.1849518;0.6168001;0.1242575;0.6041282;504.1;0.1928423;False;6/1/2026 7:07:06 PM:271;1780315626271;;
356;665;0.1855188;0.6160632;0.1943056;0.5955818;502.2;0.1895304;False;6/1/2026 7:07:06 PM:398;1780315626398;;
386;665;0.2014244;0.6159121;0.2481136;0.6075112;500.7;0.1799338;False;6/1/2026 7:07:06 PM:537;1780315626537;;
418;687;0.2180971;0.6370304;0.2720478;0.7050405;498.3;0.1858605;False;6/1/2026 7:07:06 PM:669;1780315626669;;
384;688;0.2002828;0.6371608;0.1595472;0.6449143;498.5;0.1720382;False;6/1/2026 7:07:06 PM:796;1780315626796;;
384;687;0.2001758;0.6366933;0.197681;0.6289596;496.4;0.1775381;False;6/1/2026 7:07:06 PM:934;1780315626934;;
416;703;0.216934;0.6516829;0.2646501;0.7147489;496.0;0.1167756;True;6/1/2026 7:07:07 PM:70;1780315627070;;
443;687;0.231045;0.636777;0.280961;0.584309;495.1;0.1658574;False;6/1/2026 7:07:07 PM:208;1780315627208;;
441;698;0.2300622;0.6464004;0.2241773;0.6951857;493.0;0.1663351;False;6/1/2026 7:07:07 PM:344;1780315627344;;
443;696;0.2311698;0.6453295;0.2507498;0.6328982;491.2;0.1799397;False;6/1/2026 7:07:07 PM:471;1780315627471;;
447;696;0.232965;0.6453376;0.2580373;0.6478255;489.5;0.1734291;False;6/1/2026 7:07:07 PM:601;1780315627601;;
439;696;0.2287705;0.6453456;0.2105802;0.6472912;488.5;0.1755944;False;6/1/2026 7:07:07 PM:743;1780315627743;;
439;688;0.2289748;0.6377529;0.2365441;0.5931208;488.1;0.1762674;False;6/1/2026 7:07:07 PM:877;1780315627877;;
340;692;0.1772667;0.641165;0.102489;0.6671074;487.6;0.1687862;False;6/1/2026 7:07:08 PM:0;1780315628000;;
341;692;0.17776;0.6411629;0.1869604;0.6407343;487.7;0.1741793;False;6/1/2026 7:07:08 PM:119;1780315628119;;
344;680;0.1795593;0.6300203;0.1982431;0.5759515;487.0;0.1795683;False;6/1/2026 7:07:08 PM:254;1780315628254;;
373;679;0.1944006;0.6293734;0.242859;0.6036761;487.3;0.1731805;False;6/1/2026 7:07:08 PM:396;1780315628396;;
374;675;0.1949154;0.6258744;0.2033446;0.5821087;486.2;0.1719928;False;6/1/2026 7:07:08 PM:529;1780315628529;;
379;675;0.1977671;0.6255056;0.2265833;0.5928028;485.2;0.1695796;False;6/1/2026 7:07:08 PM:669;1780315628669;;
522;674;0.2723433;0.6247894;0.3616874;0.6059006;487.1;0.1768958;False;6/1/2026 7:07:08 PM:817;1780315628817;;
514;678;0.2677397;0.6282745;0.2463933;0.6509011;488.8;0.1790058;False;6/1/2026 7:07:08 PM:944;1780315628944;;
511;677;0.2666496;0.6275378;0.2536435;0.6095619;489.2;0.1726319;False;6/1/2026 7:07:09 PM:76;1780315629076;;
511;667;0.2666436;0.6180567;0.2619379;0.5633318;492.7;0.1770039;False;6/1/2026 7:07:09 PM:222;1780315629222;;
534;666;0.2781867;0.6175473;0.3176002;0.6023239;494.3;0.1772284;False;6/1/2026 7:07:09 PM:344;1780315629344;;
535;665;0.2788885;0.6164623;0.2944829;0.5847992;495.4;0.1651029;False;6/1/2026 7:07:09 PM:468;1780315629468;;
511;665;0.2666079;0.616262;0.2306634;0.5935662;497.9;0.1636086;False;6/1/2026 7:07:09 PM:614;1780315629614;;
496;666;0.2585208;0.6173418;0.2237127;0.6264516;499.2;0.1631322;False;6/1/2026 7:07:09 PM:778;1780315629778;;
492;666;0.2566272;0.6171876;0.2289729;0.6053026;500.1;0.1630344;False;6/1/2026 7:07:09 PM:893;1780315629893;;
548;663;0.2857562;0.6147348;0.3398747;0.5822814;501.2;0.1641191;False;6/1/2026 7:07:10 PM:12;1780315630012;;
512;659;0.2669694;0.6104039;0.2158027;0.5660272;502.3;0.1626987;False;6/1/2026 7:07:10 PM:151;1780315630151;;
505;666;0.2631341;0.6175897;0.2302408;0.6508771;502.5;0.1591011;False;6/1/2026 7:07:10 PM:288;1780315630288;;
492;667;0.2563047;0.6178898;0.212127;0.6261767;501.4;0.1843181;False;6/1/2026 7:07:10 PM:412;1780315630412;;
498;662;0.2596162;0.6136276;0.2731948;0.5792514;502.0;0.1780278;False;6/1/2026 7:07:10 PM:543;1780315630543;;
498;658;0.2594475;0.6096444;0.2553852;0.5712919;503.5;0.1708501;False;6/1/2026 7:07:10 PM:705;1780315630705;;
497;656;0.2590008;0.6075031;0.2460692;0.5687954;505.0;0.1801678;False;6/1/2026 7:07:10 PM:843;1780315630843;;
450;665;0.2344122;0.6165315;0.1728262;0.6559628;506.6;0.1649309;False;6/1/2026 7:07:10 PM:963;1780315630963;;
449;663;0.2340346;0.6146571;0.2222879;0.588019;507.5;0.1754116;False;6/1/2026 7:07:11 PM:86;1780315631086;;
451;664;0.2353432;0.6156375;0.2447022;0.6278097;507.8;0.1741766;False;6/1/2026 7:07:11 PM:213;1780315631213;;
461;664;0.2403464;0.6156147;0.2662662;0.611598;508.4;0.1717108;False;6/1/2026 7:07:11 PM:341;1780315631341;;
462;664;0.2410737;0.6156599;0.255125;0.6180458;508.9;0.1703297;False;6/1/2026 7:07:11 PM:486;1780315631486;;
473;672;0.2463672;0.622923;0.2797878;0.6680204;509.3;0.1717497;False;6/1/2026 7:07:11 PM:615;1780315631615;;
475;672;0.2479004;0.6230936;0.2745365;0.6287902;510.1;0.1689897;False;6/1/2026 7:07:11 PM:737;1780315631737;;
534;671;0.2784773;0.6220959;0.3456701;0.609929;509.2;0.1756715;False;6/1/2026 7:07:11 PM:887;1780315631887;;
536;670;0.2792625;0.620729;0.2867773;0.6005309;509.6;0.1640177;False;6/1/2026 7:07:12 PM:16;1780315632016;;
578;674;0.3015477;0.6249992;0.3624834;0.6560428;511.9;0.0506838;True;6/1/2026 7:07:12 PM:154;1780315632154;;
585;674;0.3051028;0.6248922;0.3441144;0.6218091;516.2;0.03341814;True;6/1/2026 7:07:12 PM:287;1780315632287;;
610;675;0.3181338;0.6258121;0.3757163;0.6438687;518.9;0.02769021;True;6/1/2026 7:07:12 PM:422;1780315632422;;
612;675;0.3191883;0.6258245;0.3261211;0.6350361;521.5;0.03153453;True;6/1/2026 7:07:12 PM:554;1780315632554;;
614;675;0.3198305;0.6257627;0.3326069;0.6240683;523.0;0.05055044;True;6/1/2026 7:07:12 PM:697;1780315632697;;
617;676;0.3216074;0.6265767;0.3487508;0.6442855;523.0;0.1393844;False;6/1/2026 7:07:12 PM:833;1780315632833;;
578;671;0.3014456;0.6213007;0.2570604;0.5863009;520.7;0.1667836;False;6/1/2026 7:07:12 PM:958;1780315632958;;
538;669;0.2805843;0.6202965;0.2273958;0.5984839;517.8;0.1755824;False;6/1/2026 7:07:13 PM:73;1780315633073;;
467;667;0.2433338;0.6181123;0.1769454;0.5868592;518.1;0.1673984;False;6/1/2026 7:07:13 PM:224;1780315633224;;
412;667;0.2147007;0.6179411;0.1486271;0.5954523;516.5;0.1684379;False;6/1/2026 7:07:13 PM:361;1780315633361;;
358;666;0.1865113;0.6169423;0.1158193;0.586109;515.7;0.1703554;False;6/1/2026 7:07:13 PM:488;1780315633488;;
362;666;0.1886291;0.6175259;0.1979862;0.6234354;514.3;0.1600626;False;6/1/2026 7:07:13 PM:623;1780315633623;;
469;668;0.2442989;0.6189528;0.3152958;0.6347261;512.1;0.1733482;False;6/1/2026 7:07:13 PM:761;1780315633761;;
472;668;0.2459333;0.6192461;0.2610857;0.6292183;512.2;0.1736512;False;6/1/2026 7:07:13 PM:885;1780315633885;;
472;668;0.2459169;0.6191734;0.2452346;0.6160721;512.8;0.1735901;False;6/1/2026 7:07:14 PM:6;1780315634006;;
494;667;0.2574681;0.6183473;0.3000119;0.6026549;512.5;0.1692348;False;6/1/2026 7:07:14 PM:127;1780315634127;;
495;667;0.2579783;0.6179343;0.275594;0.6034095;510.3;0.1680477;False;6/1/2026 7:07:14 PM:248;1780315634248;;
495;667;0.2582223;0.6178793;0.2679743;0.6150995;510.4;0.1725454;False;6/1/2026 7:07:14 PM:373;1780315634373;;
439;659;0.2287018;0.6104548;0.1715541;0.5607908;511.5;0.1779736;False;6/1/2026 7:07:14 PM:495;1780315634495;;
439;658;0.2286958;0.6100054;0.2271864;0.5841075;510.8;0.1743418;False;6/1/2026 7:07:14 PM:620;1780315634620;;
439;658;0.2289505;0.6097067;0.2349954;0.5924869;510.4;0.1700609;False;6/1/2026 7:07:14 PM:756;1780315634756;;
347;663;0.1811799;0.6139454;0.1106461;0.6402584;510.5;0.1665001;False;6/1/2026 7:07:14 PM:894;1780315634894;;
343;656;0.178859;0.6075668;0.1560848;0.5645278;509.7;0.173074;False;6/1/2026 7:07:15 PM:22;1780315635022;;
299;656;0.1559322;0.6074421;0.09473415;0.6041456;510.0;0.1595836;False;6/1/2026 7:07:15 PM:143;1780315635143;;
292;655;0.1521745;0.607371;0.1162539;0.5952837;509.2;0.1679434;False;6/1/2026 7:07:15 PM:272;1780315635272;;
290;655;0.1513297;0.6073428;0.1376186;0.6065061;508.7;0.1742991;False;6/1/2026 7:07:15 PM:413;1780315635413;;
289;656;0.150862;0.6078643;0.1386719;0.6177068;508.4;0.1613913;False;6/1/2026 7:07:15 PM:549;1780315635549;;
338;656;0.1761444;0.6083212;0.2297645;0.6211811;508.9;0.1607223;False;6/1/2026 7:07:15 PM:660;1780315635660;;
358;653;0.1866655;0.6050703;0.2255286;0.5760934;509.4;0.1578536;False;6/1/2026 7:07:15 PM:783;1780315635783;;
415;653;0.2162724;0.6053832;0.282058;0.6123641;509.4;0.1650946;False;6/1/2026 7:07:15 PM:906;1780315635906;;
411;655;0.2143413;0.6066801;0.2025895;0.6261638;508.8;0.1747876;False;6/1/2026 7:07:16 PM:28;1780315636028;;
481;656;0.2510366;0.6075693;0.318334;0.6275935;508.4;0.1706326;False;6/1/2026 7:07:16 PM:165;1780315636165;;
507;656;0.2644303;0.6075985;0.3145423;0.608403;507.4;0.173062;False;6/1/2026 7:07:16 PM:293;1780315636293;;
499;667;0.2601502;0.6180598;0.2421792;0.6758205;510.3;0.04215643;True;6/1/2026 7:07:16 PM:417;1780315636417;;
514;667;0.2681435;0.6182355;0.3047308;0.6207822;510.8;0.04420431;True;6/1/2026 7:07:16 PM:567;1780315636567;;
493;668;0.2568603;0.6191809;0.2236483;0.6436681;512.2;0.04099465;True;6/1/2026 7:07:16 PM:699;1780315636699;;
495;668;0.2579724;0.6185558;0.2720999;0.6107423;515.5;0.04884192;True;6/1/2026 7:07:16 PM:826;1780315636826;;
484;667;0.2521061;0.6181746;0.22365;0.6097319;518.6;0.04096795;True;6/1/2026 7:07:16 PM:941;1780315636941;;
484;666;0.2525603;0.6172262;0.2593784;0.6003022;520.8;0.03836595;True;6/1/2026 7:07:17 PM:68;1780315637068;;
562;668;0.2927952;0.6187038;0.3623781;0.6372593;520.6;0.044914;False;6/1/2026 7:07:17 PM:191;1780315637191;;
562;668;0.2928042;0.6185259;0.3004242;0.6126285;522.8;0.04086809;True;6/1/2026 7:07:17 PM:323;1780315637323;;
559;670;0.2912324;0.6210002;0.2784666;0.6474345;526.5;0.03535693;True;6/1/2026 7:07:17 PM:460;1780315637460;;
575;670;0.2999944;0.6210873;0.335539;0.6268808;528.4;0.04397631;False;6/1/2026 7:07:17 PM:590;1780315637590;;
564;675;0.2940527;0.6255301;0.2676724;0.6662742;530.1;0.05078102;False;6/1/2026 7:07:17 PM:711;1780315637711;;
564;675;0.2941007;0.6256418;0.2962917;0.6470249;530.2;0.04801622;False;6/1/2026 7:07:17 PM:823;1780315637823;;
629;675;0.3280059;0.6258512;0.395706;0.6307123;529.5;0.04572789;False;6/1/2026 7:07:17 PM:931;1780315637931;;
628;676;0.3271375;0.6259786;0.3173172;0.6311734;529.7;0.0408466;True;6/1/2026 7:07:18 PM:40;1780315638040;;
628;675;0.3273054;0.6250242;0.3334092;0.6113394;532.0;0.04729068;False;6/1/2026 7:07:18 PM:150;1780315638150;;
627;679;0.3267873;0.6290373;0.3183023;0.6649631;533.0;0.05515212;False;6/1/2026 7:07:18 PM:265;1780315638265;;
631;674;0.32902;0.6247703;0.3473477;0.5954116;534.1;0.04300962;False;6/1/2026 7:07:18 PM:396;1780315638396;;
599;674;0.3124134;0.6249365;0.2678786;0.6305131;533.4;0.03865693;True;6/1/2026 7:07:18 PM:532;1780315638532;;
577;674;0.3010069;0.6243944;0.2564757;0.6115994;535.6;0.03523642;True;6/1/2026 7:07:18 PM:657;1780315638657;;
577;674;0.3007745;0.6243959;0.2859632;0.6244889;535.1;0.03694793;True;6/1/2026 7:07:18 PM:786;1780315638786;;
579;674;0.3018295;0.6245768;0.309586;0.6308717;536.3;0.03864745;True;6/1/2026 7:07:18 PM:914;1780315638914;;
605;668;0.3154049;0.6194274;0.3569665;0.581082;538.1;0.03704506;True;6/1/2026 7:07:19 PM:39;1780315639039;;
595;675;0.3102569;0.6250048;0.2852014;0.6590724;538.2;0.05011187;False;6/1/2026 7:07:19 PM:171;1780315639171;;
536;674;0.279317;0.6248659;0.2155777;0.6202988;539.5;0.03409231;True;6/1/2026 7:07:19 PM:298;1780315639298;;
535;677;0.2790588;0.6273441;0.2710257;0.6542729;541.3;0.05740344;False;6/1/2026 7:07:19 PM:441;1780315639441;;
617;681;0.3218241;0.6311632;0.3872601;0.670438;545.0;0.1074935;False;6/1/2026 7:07:19 PM:572;1780315639572;;
636;683;0.3316244;0.6328564;0.3695624;0.668582;545.0;0.1527276;False;6/1/2026 7:07:19 PM:703;1780315639703;;
636;684;0.3316967;0.6333832;0.3444469;0.6504143;544.5;0.1651074;False;6/1/2026 7:07:19 PM:834;1780315639834;;
638;684;0.332403;0.6334532;0.3508952;0.6549768;542.3;0.1684117;False;6/1/2026 7:07:19 PM:963;1780315639963;;
639;684;0.3329445;0.6336991;0.3518741;0.6582372;540.6;0.1567494;False;6/1/2026 7:07:20 PM:108;1780315640108;;
639;684;0.3331945;0.6340464;0.3460501;0.6502677;536.4;0.1594316;False;6/1/2026 7:07:20 PM:247;1780315640247;;
570;687;0.2970861;0.6369246;0.2349648;0.6778099;534.0;0.1547749;False;6/1/2026 7:07:20 PM:365;1780315640365;;
570;687;0.2971519;0.6366214;0.3020958;0.6332926;531.7;0.1512758;False;6/1/2026 7:07:20 PM:487;1780315640487;;
570;682;0.2972727;0.632073;0.3039438;0.601661;529.6;0.1515168;False;6/1/2026 7:07:20 PM:616;1780315640616;;
569;684;0.2968338;0.6336939;0.2904716;0.6534982;528.0;0.153724;False;6/1/2026 7:07:20 PM:764;1780315640764;;
571;683;0.2977578;0.6330504;0.3098666;0.6222471;526.5;0.1465801;False;6/1/2026 7:07:20 PM:904;1780315640904;;
571;688;0.2975891;0.6374534;0.2941018;0.6725175;525.1;0.1579898;False;6/1/2026 7:07:21 PM:37;1780315641037;;
601;689;0.3134518;0.6385168;0.3609695;0.6640031;524.7;0.1681129;False;6/1/2026 7:07:21 PM:164;1780315641164;;
535;689;0.2790146;0.6387763;0.2217519;0.6472493;522.8;0.1736261;False;6/1/2026 7:07:21 PM:308;1780315641308;;
541;686;0.2817742;0.6359646;0.3016257;0.6130134;522.0;0.1684993;False;6/1/2026 7:07:21 PM:444;1780315641444;;
540;679;0.281264;0.629269;0.2745206;0.5852565;522.0;0.1642497;False;6/1/2026 7:07:21 PM:577;1780315641577;;
540;679;0.2816017;0.6290808;0.289431;0.6161961;520.8;0.1641431;False;6/1/2026 7:07:21 PM:716;1780315641716;;
535;678;0.2787084;0.6283766;0.2588625;0.6045308;519.7;0.167771;False;6/1/2026 7:07:21 PM:848;1780315641848;;
539;666;0.2807753;0.6175499;0.2966982;0.5546529;518.8;0.1686367;False;6/1/2026 7:07:21 PM:983;1780315641983;;
475;666;0.2474718;0.6174311;0.1858214;0.5835438;517.2;0.1637959;False;6/1/2026 7:07:22 PM:115;1780315642115;;
484;666;0.2522143;0.6167437;0.2760517;0.6070322;516.7;0.1677844;False;6/1/2026 7:07:22 PM:245;1780315642245;;
456;657;0.2376069;0.6083619;0.1943786;0.5489143;516.4;0.1687438;False;6/1/2026 7:07:22 PM:378;1780315642378;;
463;656;0.2412922;0.6076584;0.2615223;0.598359;515.5;0.1693767;False;6/1/2026 7:07:22 PM:506;1780315642506;;
490;654;0.2554789;0.6058928;0.3010888;0.5690058;516.2;0.1657131;False;6/1/2026 7:07:22 PM:632;1780315642632;;
490;650;0.2556404;0.6021334;0.2618556;0.5462728;515.6;0.1643001;False;6/1/2026 7:07:22 PM:704;1780315642704;;
490;650;0.255681;0.6026685;0.2674949;0.6098971;515.1;0.1647812;False;6/1/2026 7:07:22 PM:759;1780315642759;;
491;539;0.2560338;0.4994295;0.2732617;0.2925196;513.5;0.1696752;False;6/1/2026 7:07:22 PM:815;1780315642815;;
499;546;0.2603562;0.5064402;0.3012456;0.5680781;511.9;0.1553801;False;6/1/2026 7:07:22 PM:872;1780315642872;;
606;554;0.3158179;0.5129967;0.4299851;0.5781342;511.3;0.1549177;False;6/1/2026 7:07:22 PM:929;1780315642929;;
635;557;0.3307863;0.5159608;0.3958638;0.5699358;510.1;0.1616918;False;6/1/2026 7:07:22 PM:981;1780315642981;;
686;557;0.3577628;0.5162868;0.4442091;0.5331144;510.2;0.1662097;False;6/1/2026 7:07:23 PM:31;1780315643031;;
727;551;0.378904;0.510706;0.4570551;0.4654014;510.3;0.1662164;False;6/1/2026 7:07:23 PM:80;1780315643080;;
746;554;0.388921;0.5138691;0.4432802;0.5614026;509.2;0.167999;False;6/1/2026 7:07:23 PM:136;1780315643136;;
752;563;0.3917519;0.522019;0.4252555;0.5940391;507.1;0.1626792;False;6/1/2026 7:07:23 PM:197;1780315643197;;
755;565;0.393604;0.5240436;0.4254232;0.5734224;506.3;0.1565448;False;6/1/2026 7:07:23 PM:252;1780315643252;;
762;568;0.3968759;0.5262733;0.4378854;0.5802757;506.0;0.1682328;False;6/1/2026 7:07:23 PM:306;1780315643306;;
763;569;0.3974476;0.5276121;0.425094;0.5779465;507.3;0.1671118;False;6/1/2026 7:07:23 PM:357;1780315643357;;
765;570;0.3985348;0.528268;0.4306967;0.5741355;508.5;0.1671174;False;6/1/2026 7:07:23 PM:413;1780315643413;;
765;573;0.3989085;0.5306749;0.4140506;0.5926573;510.0;0.1090317;False;6/1/2026 7:07:23 PM:461;1780315643461;;
766;574;0.3991755;0.5319955;0.4150361;0.5881163;510.2;0.06336474;False;6/1/2026 7:07:23 PM:512;1780315643512;;
766;576;0.399464;0.5339189;0.4098856;0.5961468;510.3;0.06336286;False;6/1/2026 7:07:23 PM:562;1780315643562;;
767;585;0.3995363;0.5417206;0.4010107;0.6322426;512.4;0.09213571;False;6/1/2026 7:07:23 PM:615;1780315643615;;
768;585;0.4002739;0.5419447;0.4231313;0.5921918;514.3;0.1331411;False;6/1/2026 7:07:23 PM:672;1780315643672;;
769;586;0.4010297;0.542967;0.4251676;0.5783819;514.5;0.1469797;False;6/1/2026 7:07:23 PM:731;1780315643731;;
770;587;0.4010419;0.5436894;0.4183914;0.5762749;514.5;0.1501081;False;6/1/2026 7:07:23 PM:780;1780315643780;;
772;586;0.4022419;0.5429183;0.4321092;0.5339109;514.5;0.1501193;False;6/1/2026 7:07:23 PM:832;1780315643832;;
772;587;0.402273;0.5442658;0.4212048;0.5898349;516.0;0.1512035;False;6/1/2026 7:07:23 PM:890;1780315643890;;
775;515;0.4038683;0.4769288;0.4365722;0.3280068;515.8;0.1593889;False;6/1/2026 7:07:23 PM:948;1780315643948;;
769;511;0.4008155;0.4733498;0.3795052;0.4434143;515.9;0.1570981;False;6/1/2026 7:07:24 PM:3;1780315644003;;
770;516;0.4011367;0.4779057;0.4193496;0.5381239;516.2;0.1591814;False;6/1/2026 7:07:24 PM:56;1780315644056;;
770;519;0.4012906;0.4808078;0.4078088;0.5348567;515.2;0.145126;False;6/1/2026 7:07:24 PM:114;1780315644114;;
772;517;0.4020872;0.4794362;0.4248837;0.462997;515.9;0.1527034;False;6/1/2026 7:07:24 PM:166;1780315644166;;
773;516;0.4026915;0.4784338;0.4249198;0.4629306;516.6;0.1527487;False;6/1/2026 7:07:24 PM:219;1780315644219;;
793;502;0.4132102;0.4655325;0.4728188;0.3932222;516.6;0.1496727;False;6/1/2026 7:07:24 PM:277;1780315644277;;
786;502;0.4097947;0.4655223;0.3862782;0.4629641;518.4;0.1480206;False;6/1/2026 7:07:24 PM:333;1780315644333;;
775;489;0.4040784;0.4528933;0.3698936;0.375791;519.3;0.1532017;False;6/1/2026 7:07:24 PM:392;1780315644392;;
769;494;0.4005508;0.4576833;0.3695363;0.5027217;520.4;0.1445309;False;6/1/2026 7:07:24 PM:445;1780315644445;;
775;491;0.4036708;0.4551038;0.4342042;0.4150896;521.0;0.1562198;False;6/1/2026 7:07:24 PM:493;1780315644493;;
780;489;0.4063122;0.4528492;0.4342197;0.4150927;521.4;0.156222;False;6/1/2026 7:07:24 PM:553;1780315644553;;
776;490;0.4044119;0.4542126;0.3843658;0.4746732;520.5;0.1589557;False;6/1/2026 7:07:24 PM:611;1780315644611;;
777;524;0.4051779;0.4855862;0.4212173;0.6014644;521.1;0.1512356;False;6/1/2026 7:07:24 PM:667;1780315644667;;
784;531;0.4083357;0.4918093;0.4410824;0.5494298;519.8;0.1568425;False;6/1/2026 7:07:24 PM:721;1780315644721;;
785;536;0.4090264;0.4966705;0.4294652;0.554547;520.4;0.155492;False;6/1/2026 7:07:24 PM:772;1780315644772;;
786;540;0.4095678;0.5003304;0.4294651;0.5545464;521.0;0.1554904;False;6/1/2026 7:07:24 PM:827;1780315644827;;
786;546;0.4097899;0.5055576;0.4266725;0.5685119;521.0;0.1630352;False;6/1/2026 7:07:24 PM:889;1780315644889;;
787;556;0.4099255;0.5149035;0.4141133;0.5987349;521.1;0.1340463;False;6/1/2026 7:07:24 PM:948;1780315644948;;
786;563;0.4093913;0.5213444;0.4013138;0.5988903;520.9;0.05672387;False;6/1/2026 7:07:25 PM:7;1780315645007;;
787;563;0.4099326;0.5213962;0.4258828;0.5667018;522.8;0.1426145;False;6/1/2026 7:07:25 PM:69;1780315645069;;
790;563;0.411782;0.5215378;0.4397658;0.5647425;521.1;0.159117;False;6/1/2026 7:07:25 PM:124;1780315645124;;
782;512;0.4077967;0.4745659;0.3783602;0.3460335;520.0;0.1713096;False;6/1/2026 7:07:25 PM:176;1780315645176;;
777;482;0.4050404;0.4466738;0.3782927;0.3461098;519.1;0.1713017;False;6/1/2026 7:07:25 PM:228;1780315645228;;
780;516;0.4065752;0.4780514;0.4270573;0.6047992;519.0;0.1651106;False;6/1/2026 7:07:25 PM:287;1780315645287;;
780;522;0.4065798;0.4835723;0.4068973;0.5481467;517.0;0.1701638;False;6/1/2026 7:07:25 PM:359;1780315645359;;
821;341;0.4276793;0.3163503;0.4962877;0.1110583;516.2;0.1756672;False;6/1/2026 7:07:25 PM:425;1780315645425;;
800;193;0.4167065;0.1794764;0.3990269;0.1148311;513.6;0.1777721;False;6/1/2026 7:07:55 PM:677;1780315675677;;
799;507;0.4163287;0.4700961;0.4055142;0.6490499;514.4;0.1676765;False;6/1/2026 7:07:55 PM:806;1780315675806;;
797;611;0.4151661;0.5661915;0.3926188;0.6677117;511.8;0.1772468;False;6/1/2026 7:07:55 PM:936;1780315675936;;
793;649;0.4132778;0.6016158;0.3852392;0.6696945;511.3;0.17297;False;6/1/2026 7:07:56 PM:59;1780315676059;;
789;666;0.4113752;0.6172931;0.3801553;0.6727238;511.0;0.1687054;False;6/1/2026 7:07:56 PM:171;1780315676171;;
788;669;0.4107131;0.6195915;0.3812327;0.6499922;509.9;0.1646626;False;6/1/2026 7:07:56 PM:238;1780315676238;;
623;629;0.3244932;0.5830159;0.1856508;0.4575026;509.0;0.1694812;False;6/1/2026 7:07:56 PM:294;1780315676294;;
517;530;0.2697345;0.4908604;0.1697885;0.3098623;508.5;0.1663818;False;6/1/2026 7:07:56 PM:354;1780315676354;;
515;435;0.268447;0.4033157;0.2561432;0.2286167;507.8;0.1732451;False;6/1/2026 7:07:56 PM:412;1780315676412;;
511;435;0.2664788;0.4036547;0.2464122;0.4164171;507.0;0.167884;False;6/1/2026 7:07:56 PM:462;1780315676462;;
514;446;0.2679294;0.4129772;0.292124;0.4960202;506.0;0.1707028;False;6/1/2026 7:07:56 PM:514;1780315676514;;
514;446;0.2679763;0.4133674;0.2703215;0.4342231;505.0;0.1707617;False;6/1/2026 7:07:56 PM:567;1780315676567;;
514;365;0.2681247;0.3386282;0.279371;0.1772468;504.4;0.1726702;False;6/1/2026 7:07:56 PM:622;1780315676622;;
515;371;0.2684053;0.3435287;0.282896;0.4157715;502.5;0.1728712;False;6/1/2026 7:07:56 PM:672;1780315676672;;
515;371;0.2684391;0.3439644;0.2788369;0.3518314;502.4;0.1656256;False;6/1/2026 7:07:56 PM:726;1780315676726;;
515;371;0.2684641;0.3442652;0.2788358;0.3518239;502.3;0.1656247;False;6/1/2026 7:07:56 PM:776;1780315676776;;
514;304;0.2681991;0.2820814;0.2626122;0.1293779;502.1;0.1647195;False;6/1/2026 7:07:56 PM:828;1780315676828;;
505;298;0.2632931;0.2763901;0.2287077;0.2337835;501.5;0.1609275;False;6/1/2026 7:07:56 PM:884;1780315676884;;
506;298;0.2636914;0.2767552;0.2744413;0.2995493;501.7;0.1640998;False;6/1/2026 7:07:56 PM:938;1780315676938;;
504;298;0.2625966;0.2767402;0.2447889;0.2761996;501.0;0.1645382;False;6/1/2026 7:07:56 PM:989;1780315676989;;
502;283;0.261863;0.262879;0.2451573;0.1815537;500.3;0.1645173;False;6/1/2026 7:07:57 PM:38;1780315677038;;
519;283;0.270651;0.2628087;0.317744;0.2569884;498.6;0.1732751;False;6/1/2026 7:07:57 PM:93;1780315677093;;
545;308;0.2838927;0.2856292;0.344036;0.3892956;498.8;0.1629487;False;6/1/2026 7:07:57 PM:146;1780315677146;;
572;379;0.2981486;0.3514124;0.3631312;0.5215795;498.6;0.1736198;False;6/1/2026 7:07:57 PM:200;1780315677200;;
647;379;0.3370127;0.3512384;0.4399055;0.3410347;498.3;0.1772335;False;6/1/2026 7:07:57 PM:249;1780315677249;;
665;399;0.3465019;0.3697625;0.3982134;0.46198;498.0;0.1772116;False;6/1/2026 7:07:57 PM:306;1780315677306;;
698;457;0.3639954;0.4234283;0.4354327;0.5790927;496.4;0.1713319;False;6/1/2026 7:07:57 PM:360;1780315677360;;
696;333;0.3627428;0.3088769;0.3481165;0.1061225;496.7;0.17558;False;6/1/2026 7:07:57 PM:416;1780315677416;;
631;342;0.3289671;0.3167627;0.2416248;0.4006698;495.5;0.1723214;False;6/1/2026 7:07:57 PM:469;1780315677469;;
589;342;0.3070227;0.3167078;0.2350238;0.3159688;495.3;0.1778351;False;6/1/2026 7:07:57 PM:522;1780315677522;;
564;375;0.2937854;0.3474889;0.2372008;0.4797916;495.1;0.1778286;False;6/1/2026 7:07:57 PM:579;1780315677579;;
546;306;0.2848307;0.283543;0.2332067;0.1309259;494.1;0.1756964;False;6/1/2026 7:07:57 PM:630;1780315677630;;
546;251;0.2847936;0.2330437;0.2799121;0.09976768;494.4;0.1704655;False;6/1/2026 7:07:57 PM:683;1780315677683;;
532;252;0.2773317;0.2334674;0.2275753;0.2524048;494.9;0.1730361;False;6/1/2026 7:07:57 PM:735;1780315677735;;
522;252;0.2721152;0.2337955;0.2275952;0.2523135;495.4;0.1730323;False;6/1/2026 7:07:57 PM:790;1780315677790;;
505;277;0.2630636;0.2569552;0.2073603;0.3694843;495.3;0.1720363;False;6/1/2026 7:07:57 PM:850;1780315677850;;
501;385;0.2609723;0.3566011;0.2253862;0.5541992;496.4;0.1683907;False;6/1/2026 7:07:57 PM:912;1780315677912;;
500;322;0.2604513;0.2990438;0.2324297;0.1556571;495.6;0.1785977;False;6/1/2026 7:07:57 PM:975;1780315677975;;
529;312;0.2759946;0.2890936;0.3288807;0.2221201;497.7;0.1610443;False;6/1/2026 7:07:58 PM:32;1780315678032;;
612;422;0.3188951;0.39145;0.4062409;0.5759484;498.2;0.05921799;False;6/1/2026 7:07:58 PM:94;1780315678094;;
654;472;0.3410066;0.4376568;0.40544;0.5634228;499.9;0.03666689;True;6/1/2026 7:07:58 PM:153;1780315678153;;
682;499;0.3553927;0.4623383;0.4108485;0.5599135;501.1;0.04121361;True;6/1/2026 7:07:58 PM:211;1780315678211;;
714;499;0.3722377;0.4624888;0.4358821;0.4691371;504.0;0.03199018;True;6/1/2026 7:07:58 PM:266;1780315678266;;
733;499;0.3820194;0.4628809;0.4351209;0.4766326;506.5;0.0319373;True;6/1/2026 7:07:58 PM:317;1780315678317;;
738;511;0.3847322;0.4737395;0.4156401;0.5465663;506.0;0.04640545;False;6/1/2026 7:07:58 PM:376;1780315678376;;
740;520;0.3858315;0.4821033;0.4100643;0.5531075;507.0;0.04122068;True;6/1/2026 7:07:58 PM:431;1780315678431;;
741;528;0.3864573;0.4891164;0.4086362;0.5610442;508.1;0.03862233;True;6/1/2026 7:07:58 PM:482;1780315678482;;
742;541;0.3865997;0.5010229;0.3970147;0.5946975;508.6;0.03697148;True;6/1/2026 7:07:58 PM:534;1780315678534;;
742;553;0.3867278;0.5125891;0.3957654;0.6087919;509.0;0.0369734;True;6/1/2026 7:07:58 PM:584;1780315678584;;
742;570;0.3865536;0.528141;0.3832139;0.634492;507.4;0.05955999;False;6/1/2026 7:07:58 PM:642;1780315678642;;
767;418;0.3996331;0.3876367;0.4636769;0.1767634;510.9;0.1349297;False;6/1/2026 7:07:58 PM:693;1780315678693;;
728;336;0.3793281;0.3113135;0.3132271;0.1694986;511.0;0.1599392;False;6/1/2026 7:07:58 PM:749;1780315678749;;
716;261;0.3733697;0.2422967;0.3347151;0.102505;509.1;0.1654242;False;6/1/2026 7:07:58 PM:801;1780315678801;;
705;251;0.3673595;0.2328868;0.3247905;0.1899421;508.5;0.1649992;False;6/1/2026 7:07:58 PM:852;1780315678852;;
697;244;0.3630965;0.2265606;0.3247963;0.189936;508.0;0.1649972;False;6/1/2026 7:07:58 PM:904;1780315678904;;
693;236;0.3612037;0.2192991;0.3325441;0.1758004;507.3;0.1687397;False;6/1/2026 7:07:58 PM:962;1780315678962;;
693;238;0.3611602;0.2212778;0.3599586;0.2686706;508.1;0.1699528;False;6/1/2026 7:07:59 PM:10;1780315679010;;
649;230;0.338103;0.213008;0.2574797;0.1596404;507.6;0.1654341;False;6/1/2026 7:07:59 PM:66;1780315679066;;
643;229;0.3354048;0.2123946;0.3008634;0.1991322;508.4;0.1631337;False;6/1/2026 7:07:59 PM:119;1780315679119;;
642;238;0.3344646;0.2212207;0.3090192;0.2897999;509.1;0.1631384;False;6/1/2026 7:07:59 PM:177;1780315679177;;
639;239;0.3330583;0.2217691;0.3027928;0.2493281;508.0;0.1674552;False;6/1/2026 7:07:59 PM:234;1780315679234;;
620;326;0.3232879;0.3018893;0.2634237;0.4828472;506.9;0.1580376;False;6/1/2026 7:07:59 PM:293;1780315679293;;
586;326;0.3056206;0.3025543;0.2279218;0.3238844;506.7;0.1622753;False;6/1/2026 7:07:59 PM:349;1780315679349;;
585;327;0.3051456;0.3036789;0.2762818;0.332043;506.5;0.1647429;False;6/1/2026 7:07:59 PM:409;1780315679409;;
545;330;0.2841553;0.3059074;0.2000542;0.3472728;506.4;0.1651065;False;6/1/2026 7:07:59 PM:466;1780315679466;;
593;365;0.3091748;0.3387391;0.3741241;0.4638866;507.8;0.1404027;False;6/1/2026 7:07:59 PM:526;1780315679526;;
619;386;0.3227693;0.3578645;0.3741094;0.4638854;509.1;0.1404008;False;6/1/2026 7:07:59 PM:583;1780315679583;;
656;444;0.3419217;0.4118653;0.4032997;0.5679621;509.7;0.05453596;False;6/1/2026 7:07:59 PM:648;1780315679648;;
676;482;0.352412;0.446618;0.4019271;0.5794562;510.5;0.0446531;False;6/1/2026 7:07:59 PM:708;1780315679708;;
692;496;0.3608359;0.4597898;0.4086508;0.5534846;512.4;0.03305323;True;6/1/2026 7:07:59 PM:770;1780315679770;;
703;507;0.3665861;0.4695255;0.4093727;0.5567397;513.1;0.03821926;True;6/1/2026 7:07:59 PM:834;1780315679834;;
708;517;0.369174;0.478871;0.4032002;0.56825;513.7;0.03574551;True;6/1/2026 7:07:59 PM:902;1780315679902;;
709;543;0.3693347;0.5036671;0.3854988;0.6312781;514.9;0.04930802;False;6/1/2026 7:07:59 PM:966;1780315679966;;
718;546;0.3741532;0.5055882;0.4193011;0.5748113;518.5;0.1253993;False;6/1/2026 7:08:00 PM:26;1780315680026;;
664;547;0.3462328;0.5070512;0.2759109;0.541706;517.3;0.1587204;False;6/1/2026 7:08:00 PM:85;1780315680085;;
636;450;0.3312907;0.4174064;0.2791047;0.2599433;515.9;0.1645456;False;6/1/2026 7:08:00 PM:148;1780315680148;;
594;314;0.3098576;0.2915199;0.2441793;0.1110552;514.4;0.1600761;False;6/1/2026 7:08:00 PM:211;1780315680211;;
594;294;0.3098536;0.2723565;0.3095127;0.2123085;511.6;0.1691003;False;6/1/2026 7:08:00 PM:277;1780315680277;;
595;383;0.3099496;0.3549971;0.3161016;0.5454881;511.2;0.1648406;False;6/1/2026 7:08:00 PM:342;1780315680342;;
587;384;0.306114;0.3564735;0.2759312;0.4042953;510.8;0.1648309;False;6/1/2026 7:08:00 PM:405;1780315680405;;
586;389;0.3056626;0.3609344;0.2927075;0.4269181;510.2;0.1676176;False;6/1/2026 7:08:00 PM:471;1780315680471;;
572;309;0.2980003;0.2866896;0.2518696;0.1412832;509.5;0.163801;False;6/1/2026 7:08:00 PM:535;1780315680535;;
599;353;0.3123783;0.32723;0.36365;0.4687859;509.2;0.1652134;False;6/1/2026 7:08:00 PM:603;1780315680603;;
548;339;0.2855673;0.3143788;0.2116242;0.2589763;509.2;0.1635941;False;6/1/2026 7:08:00 PM:673;1780315680673;;
546;383;0.2848379;0.3548375;0.2674069;0.4879956;508.3;0.1615718;False;6/1/2026 7:08:00 PM:740;1780315680740;;
545;410;0.2842951;0.3799673;0.2674103;0.4879929;507.4;0.1615711;False;6/1/2026 7:08:00 PM:814;1780315680814;;
556;348;0.2899796;0.323086;0.3224549;0.1936895;506.6;0.1682321;False;6/1/2026 7:08:00 PM:880;1780315680880;;
615;419;0.3207471;0.38865;0.398454;0.5510144;507.2;0.1572836;False;6/1/2026 7:08:00 PM:946;1780315680946;;
657;498;0.3421903;0.4612996;0.4074111;0.622142;509.0;0.1365907;False;6/1/2026 7:08:01 PM:19;1780315681019;;
660;593;0.3440557;0.5496026;0.3678696;0.7184917;509.2;0.09189881;False;6/1/2026 7:08:01 PM:93;1780315681093;;
662;638;0.344947;0.5912638;0.3653542;0.7128891;509.2;0.04878355;False;6/1/2026 7:08:01 PM:166;1780315681166;;
666;651;0.3473358;0.6031114;0.3773145;0.6755401;511.1;0.05441384;False;6/1/2026 7:08:01 PM:245;1780315681245;;
669;666;0.3485964;0.6170865;0.3761957;0.7036449;511.1;0.05461694;False;6/1/2026 7:08:01 PM:316;1780315681316;;
670;676;0.3491755;0.6268477;0.3742024;0.7093653;513.6;0.07678154;False;6/1/2026 7:08:01 PM:385;1780315681385;;
670;710;0.3494;0.657504;0.3665834;0.7801607;514.4;0.0856073;False;6/1/2026 7:08:01 PM:462;1780315681462;;
672;718;0.3501051;0.6654745;0.3759044;0.7498292;517.0;0.08824522;False;6/1/2026 7:08:01 PM:534;1780315681534;;
672;732;0.3502665;0.6780471;0.369001;0.774375;517.4;0.09575405;False;6/1/2026 7:08:01 PM:618;1780315681618;;
685;724;0.3569787;0.6709989;0.406785;0.6372871;517.9;0.09526033;False;6/1/2026 7:08:01 PM:688;1780315681688;;
693;719;0.3613259;0.666344;0.4072384;0.6350639;519.1;0.1013887;False;6/1/2026 7:08:01 PM:757;1780315681757;;
698;717;0.3640064;0.6641527;0.4059493;0.6411183;519.5;0.1028758;False;6/1/2026 7:08:01 PM:829;1780315681829;;
700;717;0.3646885;0.6641755;0.399837;0.666256;519.3;0.1025869;False;6/1/2026 7:08:01 PM:896;1780315681896;;
700;717;0.3650993;0.6641781;0.3993176;0.6700059;521.4;0.1033202;False;6/1/2026 7:08:01 PM:962;1780315681962;;
701;718;0.365194;0.6655669;0.3976997;0.6939057;521.6;0.1036584;False;6/1/2026 7:08:02 PM:30;1780315682030;;
701;718;0.3653045;0.6655813;0.3979621;0.6767899;521.1;0.1131549;False;6/1/2026 7:08:02 PM:106;1780315682106;;
703;716;0.3664714;0.6636037;0.4049123;0.6400306;521.3;0.110898;False;6/1/2026 7:08:02 PM:185;1780315682185;;
703;714;0.3666309;0.6611862;0.3987786;0.6297518;521.8;0.09273198;False;6/1/2026 7:08:02 PM:260;1780315682260;;
705;714;0.3675104;0.6612646;0.3897369;0.6644096;524.1;0.05546613;False;6/1/2026 7:08:02 PM:339;1780315682339;;
706;718;0.3680405;0.6657058;0.3732892;0.7040629;525.2;0.06066034;False;6/1/2026 7:08:02 PM:429;1780315682429;;
707;720;0.368396;0.6671021;0.3753399;0.6955963;526.3;0.06756335;False;6/1/2026 7:08:02 PM:508;1780315682508;;
707;721;0.3684555;0.6681286;0.369506;0.6970366;526.7;0.07570717;False;6/1/2026 7:08:02 PM:585;1780315682585;;
707;724;0.3685474;0.6706246;0.3714336;0.7123295;527.2;0.08541234;False;6/1/2026 7:08:02 PM:666;1780315682666;;
708;724;0.3688636;0.6704432;0.3819599;0.6677573;527.3;0.08387953;False;6/1/2026 7:08:02 PM:756;1780315682756;;
708;723;0.3689754;0.6703414;0.3808761;0.6676391;527.4;0.07174389;False;6/1/2026 7:08:02 PM:828;1780315682828;;
708;726;0.3689556;0.6723707;0.3685034;0.7060369;529.4;0.07731621;False;6/1/2026 7:08:02 PM:908;1780315682908;;
708;725;0.369156;0.6715848;0.3801868;0.6593761;529.8;0.07825825;False;6/1/2026 7:08:02 PM:984;1780315682984;;
708;729;0.3690852;0.6754588;0.367303;0.7187039;526.6;0.08953327;False;6/1/2026 7:08:03 PM:63;1780315683063;;
708;729;0.3690687;0.6755811;0.3683575;0.6948035;527.3;0.07257267;False;6/1/2026 7:08:03 PM:146;1780315683146;;
708;732;0.3689922;0.6782421;0.3658938;0.7208303;526.1;0.08025943;False;6/1/2026 7:08:03 PM:224;1780315683224;;
709;731;0.3695098;0.6777514;0.3806866;0.6712198;526.4;0.08844182;False;6/1/2026 7:08:03 PM:312;1780315683312;;
709;734;0.3694963;0.6799086;0.3688253;0.7171387;528.3;0.06739093;False;6/1/2026 7:08:03 PM:389;1780315683389;;
709;731;0.3697846;0.6773772;0.379585;0.6528282;530.0;0.07766268;False;6/1/2026 7:08:03 PM:465;1780315683465;;
710;731;0.370187;0.6772389;0.3821819;0.6725976;529.8;0.08757216;False;6/1/2026 7:08:03 PM:553;1780315683553;;
710;731;0.3701234;0.6776628;0.3683204;0.692872;530.4;0.07709579;False;6/1/2026 7:08:03 PM:629;1780315683629;;
710;732;0.3701401;0.6779153;0.3732327;0.6918457;530.3;0.08215376;False;6/1/2026 7:08:03 PM:713;1780315683713;;
711;731;0.3707613;0.6775355;0.3844938;0.6688716;529.9;0.0996235;False;6/1/2026 7:08:03 PM:800;1780315683800;;
711;736;0.3705942;0.6823225;0.3670754;0.7252421;529.5;0.09744475;False;6/1/2026 7:08:03 PM:892;1780315683892;;
711;738;0.3705696;0.6835375;0.3692289;0.7145495;529.9;0.09819976;False;6/1/2026 7:08:03 PM:968;1780315683968;;
711;741;0.3705727;0.6868985;0.3712025;0.7344636;530.3;0.1034899;False;6/1/2026 7:08:04 PM:44;1780315684044;;
711;745;0.37054;0.6902924;0.368336;0.7421495;528.1;0.1064541;False;6/1/2026 7:08:04 PM:123;1780315684123;;
712;746;0.3710291;0.6907497;0.3817134;0.7144943;527.3;0.1172117;False;6/1/2026 7:08:04 PM:205;1780315684205;;
708;775;0.3689086;0.7179884;0.3500935;0.8215038;525.0;0.1284811;False;6/1/2026 7:08:04 PM:303;1780315684303;;
708;775;0.3688971;0.7183267;0.3679717;0.7548904;523.5;0.1216505;False;6/1/2026 7:08:04 PM:392;1780315684392;;
708;776;0.3689031;0.7191991;0.369298;0.7326711;525.3;0.1219104;False;6/1/2026 7:08:04 PM:492;1780315684492;;
709;772;0.3696108;0.7154895;0.3810659;0.6900624;521.9;0.113377;False;6/1/2026 7:08:04 PM:585;1780315684585;;
706;788;0.3679383;0.7304194;0.3507708;0.8054158;522.1;0.1286947;False;6/1/2026 7:08:04 PM:679;1780315684679;;
705;793;0.3673942;0.7348552;0.3544901;0.7897236;520.4;0.1225885;False;6/1/2026 7:08:04 PM:763;1780315684763;;
706;794;0.3679591;0.7354578;0.3765044;0.749189;518.4;0.1244342;False;6/1/2026 7:08:04 PM:849;1780315684849;;
706;794;0.3679566;0.7356693;0.3669176;0.7567741;517.6;0.1165414;False;6/1/2026 7:08:04 PM:928;1780315684928;;
706;794;0.3679545;0.7359433;0.367312;0.7435121;518.0;0.1083241;False;6/1/2026 7:08:05 PM:5;1780315685005;;
707;793;0.3683479;0.7348431;0.3776933;0.7200547;518.0;0.09779037;False;6/1/2026 7:08:05 PM:79;1780315685079;;
707;793;0.3686399;0.7347967;0.3779866;0.7328848;519.6;0.1042337;False;6/1/2026 7:08:05 PM:157;1780315685157;;
707;796;0.3685468;0.7375721;0.3653758;0.774346;521.1;0.1059669;False;6/1/2026 7:08:05 PM:233;1780315685233;;
707;800;0.3682577;0.7410122;0.3607545;0.7856521;520.6;0.1068562;False;6/1/2026 7:08:05 PM:310;1780315685310;;
707;800;0.3682574;0.741263;0.36818;0.7506118;521.4;0.10192;False;6/1/2026 7:08:05 PM:388;1780315685388;;
706;800;0.3681088;0.7416266;0.3619148;0.7649029;522.6;0.1019267;False;6/1/2026 7:08:05 PM:472;1780315685472;;
706;800;0.3681281;0.7412621;0.3692869;0.7354606;522.3;0.1041228;False;6/1/2026 7:08:05 PM:563;1780315685563;;
706;801;0.3680613;0.7425646;0.3634802;0.7712414;520.4;0.105627;False;6/1/2026 7:08:05 PM:644;1780315685644;;
706;802;0.3681697;0.7426638;0.3720596;0.7459263;521.4;0.101382;False;6/1/2026 7:08:05 PM:734;1780315685734;;
706;801;0.3680912;0.7419621;0.3641171;0.730822;522.6;0.107303;False;6/1/2026 7:08:05 PM:841;1780315685841;;
707;798;0.3686613;0.7391201;0.3789904;0.7077988;522.3;0.1033587;False;6/1/2026 7:08:05 PM:931;1780315685931;;
707;800;0.3683052;0.7414583;0.3612511;0.7652403;522.1;0.1082954;False;6/1/2026 7:08:06 PM:47;1780315686047;;
708;794;0.3691297;0.7357652;0.3816595;0.6926523;521.5;0.1125577;False;6/1/2026 7:08:06 PM:139;1780315686139;;
706;807;0.3681584;0.7479503;0.3554739;0.8070791;521.1;0.1016666;False;6/1/2026 7:08:06 PM:234;1780315686234;;
706;805;0.3681662;0.7462889;0.3687496;0.7256315;519.5;0.1036731;False;6/1/2026 7:08:06 PM:332;1780315686332;;
708;796;0.3687654;0.7377393;0.3795911;0.6822416;519.8;0.1051132;False;6/1/2026 7:08:06 PM:422;1780315686422;;
707;801;0.3682992;0.7423265;0.3593855;0.7771271;519.6;0.1063611;False;6/1/2026 7:08:06 PM:509;1780315686509;;
707;801;0.3683241;0.7423375;0.3701724;0.7439527;523.0;0.1105912;False;6/1/2026 7:08:06 PM:602;1780315686602;;
707;800;0.3684858;0.7410318;0.3742895;0.7193432;521.1;0.1011908;False;6/1/2026 7:08:06 PM:701;1780315686701;;
705;804;0.3674769;0.7451416;0.3543996;0.7790491;521.0;0.1067698;False;6/1/2026 7:08:06 PM:803;1780315686803;;
705;806;0.3671919;0.746436;0.3579051;0.7710026;522.0;0.1089461;False;6/1/2026 7:08:06 PM:904;1780315686904;;
707;800;0.3684654;0.7410247;0.3820335;0.7035481;523.6;0.1115148;False;6/1/2026 7:08:07 PM:3;1780315687003;;
709;791;0.3693851;0.7329149;0.3830741;0.6812344;522.9;0.1030205;False;6/1/2026 7:08:07 PM:113;1780315687113;;
704;806;0.3670082;0.7464088;0.3482863;0.8035218;523.3;0.105206;False;6/1/2026 7:08:07 PM:214;1780315687214;;
707;796;0.3683443;0.7378368;0.3826045;0.6891032;526.0;0.106794;False;6/1/2026 7:08:07 PM:333;1780315687333;;
707;796;0.3682407;0.7379144;0.3652837;0.739651;525.4;0.1041681;False;6/1/2026 7:08:07 PM:443;1780315687443;;
707;796;0.3682862;0.7375324;0.3718961;0.7216201;526.1;0.1062242;False;6/1/2026 7:08:07 PM:549;1780315687549;;
708;790;0.3688428;0.7315615;0.3804072;0.6819617;527.2;0.09720697;False;6/1/2026 7:08:07 PM:652;1780315687652;;
704;800;0.3667019;0.7415993;0.3490193;0.788653;527.9;0.1047145;False;6/1/2026 7:08:07 PM:755;1780315687755;;
705;793;0.3676101;0.7346052;0.3800656;0.685607;527.8;0.1073834;False;6/1/2026 7:08:07 PM:853;1780315687853;;
702;811;0.3656977;0.751767;0.3483444;0.8155039;527.8;0.1137818;False;6/1/2026 7:08:07 PM:966;1780315687966;;
704;804;0.3669761;0.7446789;0.3804211;0.7009385;527.9;0.1101665;False;6/1/2026 7:08:08 PM:75;1780315688075;;
705;801;0.3672685;0.7425022;0.3757209;0.7113281;526.6;0.09915321;False;6/1/2026 7:08:08 PM:192;1780315688192;;
705;800;0.3676428;0.7410951;0.3784078;0.7100327;527.9;0.1006502;False;6/1/2026 7:08:08 PM:315;1780315688315;;
708;790;0.3689111;0.7321979;0.3871745;0.6715468;527.2;0.1098593;False;6/1/2026 7:08:08 PM:448;1780315688448;;
708;771;0.3692485;0.7142164;0.3844075;0.6281884;525.0;0.1123508;False;6/1/2026 7:08:08 PM:575;1780315688575;;
710;770;0.3699769;0.71323;0.3893;0.6749938;527.0;0.103632;False;6/1/2026 7:08:08 PM:695;1780315688695;;
706;762;0.3678941;0.7064711;0.3539023;0.6348649;526.2;0.09832675;False;6/1/2026 7:08:08 PM:799;1780315688799;;
706;762;0.3680699;0.7058655;0.3769424;0.700881;528.0;0.1060877;False;6/1/2026 7:08:08 PM:904;1780315688904;;
706;762;0.3680978;0.7061393;0.3751941;0.7088988;529.2;0.1030629;False;6/1/2026 7:08:09 PM:18;1780315689018;;
707;762;0.3687285;0.7059221;0.3827006;0.6942279;530.4;0.1493744;False;6/1/2026 7:08:09 PM:157;1780315689157;;
708;762;0.3691285;0.7058827;0.3836681;0.7049103;528.9;0.1625917;False;6/1/2026 7:08:09 PM:277;1780315689277;;
711;759;0.3703183;0.703674;0.3908313;0.6739573;527.2;0.1744629;False;6/1/2026 7:08:09 PM:417;1780315689417;;
713;757;0.371554;0.7015476;0.3950305;0.6665548;523.4;0.174761;False;6/1/2026 7:08:09 PM:545;1780315689545;;
719;747;0.3745987;0.6922367;0.4067652;0.6296837;522.7;0.1684241;False;6/1/2026 7:08:09 PM:680;1780315689680;;
719;746;0.3746224;0.6912867;0.3974773;0.6698197;520.6;0.1781042;False;6/1/2026 7:08:09 PM:810;1780315689810;;
720;745;0.3751796;0.690383;0.3908553;0.6538784;517.7;0.179509;False;6/1/2026 7:08:09 PM:933;1780315689933;;
725;738;0.3778887;0.683699;0.4103259;0.6221149;516.4;0.1669602;False;6/1/2026 7:08:10 PM:56;1780315690056;;
726;737;0.3785325;0.6826764;0.393325;0.6702617;516.0;0.1614428;False;6/1/2026 7:08:10 PM:178;1780315690178;;
727;736;0.378911;0.6822159;0.3927748;0.6742017;514.4;0.1605271;False;6/1/2026 7:08:10 PM:297;1780315690297;;
728;736;0.3792192;0.6821057;0.3985869;0.6648772;512.7;0.1645148;False;6/1/2026 7:08:10 PM:421;1780315690421;;
728;736;0.3794821;0.6818694;0.3936892;0.6751008;511.3;0.1613743;False;6/1/2026 7:08:10 PM:549;1780315690549;;
729;736;0.3798141;0.6820877;0.3858774;0.6860555;510.4;0.1541089;False;6/1/2026 7:08:10 PM:686;1780315690686;;
729;735;0.3798909;0.6814191;0.3812504;0.664632;507.7;0.1555238;False;6/1/2026 7:08:10 PM:828;1780315690828;;
728;735;0.3796538;0.6813688;0.3755729;0.6793898;505.4;0.1602542;False;6/1/2026 7:08:10 PM:952;1780315690952;;
693;734;0.361159;0.6804718;0.3139688;0.6608954;504.5;0.159623;False;6/1/2026 7:08:11 PM:98;1780315691098;;
679;714;0.3538434;0.6615501;0.3146326;0.585687;503.0;0.1667631;False;6/1/2026 7:08:11 PM:225;1780315691225;;
678;710;0.3534254;0.6582726;0.3474831;0.6087283;501.7;0.1640796;False;6/1/2026 7:08:11 PM:343;1780315691343;;
616;710;0.3208913;0.6578357;0.2506735;0.6530972;500.3;0.1587309;False;6/1/2026 7:08:11 PM:462;1780315691462;;
615;707;0.3204422;0.6552609;0.3137154;0.6144565;500.3;0.16316;False;6/1/2026 7:08:11 PM:588;1780315691588;;
614;707;0.3200528;0.654688;0.3026037;0.6206058;499.4;0.1631967;False;6/1/2026 7:08:11 PM:708;1780315691708;;
615;706;0.3205994;0.6541963;0.325614;0.6471545;498.2;0.1560007;False;6/1/2026 7:08:11 PM:830;1780315691830;;
664;709;0.3462627;0.6570628;0.4013417;0.6784436;496.0;0.1602113;False;6/1/2026 7:08:11 PM:956;1780315691956;;
682;716;0.3556311;0.6633272;0.3958826;0.7042242;493.9;0.1626013;False;6/1/2026 7:08:12 PM:83;1780315692083;;
675;716;0.3518989;0.6634298;0.3331709;0.6722759;492.7;0.1602099;False;6/1/2026 7:08:12 PM:201;1780315692201;;
680;716;0.3542692;0.6635185;0.3757947;0.6703755;490.5;0.1587837;False;6/1/2026 7:08:12 PM:327;1780315692327;;
696;716;0.3629618;0.6634713;0.4041194;0.6620144;489.9;0.1578503;False;6/1/2026 7:08:12 PM:452;1780315692452;;
708;715;0.3688915;0.6626824;0.4098113;0.6487154;489.1;0.1568961;False;6/1/2026 7:08:12 PM:569;1780315692569;;
709;715;0.3695858;0.66271;0.3784646;0.664606;487.6;0.1656635;False;6/1/2026 7:08:12 PM:685;1780315692685;;
715;715;0.3725502;0.6627477;0.4045756;0.6657448;487.9;0.1630691;False;6/1/2026 7:08:12 PM:811;1780315692811;;
716;715;0.3731303;0.6628365;0.3870747;0.6685687;488.7;0.1640856;False;6/1/2026 7:08:12 PM:932;1780315692932;;
694;714;0.3618037;0.6612564;0.3278789;0.6403235;487.7;0.1729718;False;6/1/2026 7:08:13 PM:54;1780315693054;;
638;707;0.3325739;0.655144;0.273923;0.6107202;486.9;0.1722511;False;6/1/2026 7:08:13 PM:188;1780315693188;;
638;705;0.3324439;0.6529231;0.3286179;0.615778;488.0;0.1676064;False;6/1/2026 7:08:13 PM:325;1780315693325;;
661;704;0.3444889;0.6523551;0.3820218;0.6382121;488.0;0.166767;False;6/1/2026 7:08:13 PM:466;1780315693466;;
663;704;0.3453644;0.6520947;0.3616778;0.6283365;487.7;0.1628942;False;6/1/2026 7:08:13 PM:596;1780315693596;;
623;703;0.324669;0.651471;0.277134;0.6232622;488.8;0.1608994;False;6/1/2026 7:08:13 PM:729;1780315693729;;
642;703;0.3348498;0.6511211;0.3711884;0.6330025;490.3;0.1654209;False;6/1/2026 7:08:13 PM:861;1780315693861;;
640;703;0.3338486;0.6514396;0.3241177;0.6555552;489.5;0.1600145;False;6/1/2026 7:08:13 PM:986;1780315693986;;
668;707;0.3480624;0.655175;0.3932056;0.6837821;490.3;0.1609133;False;6/1/2026 7:08:14 PM:114;1780315694114;;
681;701;0.3549724;0.6498548;0.3943701;0.6123205;490.9;0.1593175;False;6/1/2026 7:08:14 PM:237;1780315694237;;
682;701;0.3552099;0.6498514;0.3772361;0.6497552;491.0;0.1618418;False;6/1/2026 7:08:14 PM:381;1780315694381;;
690;701;0.3597395;0.6491367;0.3981862;0.6312899;491.6;0.1589094;False;6/1/2026 7:08:14 PM:508;1780315694508;;
691;701;0.3603629;0.6499302;0.3897947;0.6612581;494.4;0.07000034;False;6/1/2026 7:08:14 PM:638;1780315694638;;
693;702;0.3609573;0.6500598;0.3826596;0.6559355;495.2;0.1594183;False;6/1/2026 7:08:14 PM:761;1780315694761;;
694;700;0.361471;0.6482705;0.3805397;0.6255309;493.7;0.1639511;False;6/1/2026 7:08:14 PM:884;1780315694884;;
690;699;0.3597071;0.6480042;0.3494531;0.6339724;494.3;0.1615854;False;6/1/2026 7:08:14 PM:999;1780315694999;;
664;704;0.3459873;0.6527126;0.3049802;0.6859107;493.8;0.1730996;False;6/1/2026 7:08:15 PM:119;1780315695119;;
606;704;0.3159801;0.6526505;0.2519868;0.650189;494.2;0.1784307;False;6/1/2026 7:08:15 PM:241;1780315695241;;
606;698;0.3158076;0.6468;0.3009107;0.609194;494.1;0.1682163;False;6/1/2026 7:08:15 PM:399;1780315695399;;
614;696;0.3199767;0.6451905;0.3399566;0.6149859;492.9;0.1729509;False;6/1/2026 7:08:15 PM:530;1780315695530;;
616;696;0.3212416;0.6448825;0.3352747;0.6316313;494.3;0.05433086;False;6/1/2026 7:08:15 PM:663;1780315695663;;
664;684;0.3461393;0.6342327;0.4043465;0.5722234;496.7;0.03854598;True;6/1/2026 7:08:15 PM:796;1780315695796;;
685;684;0.3569973;0.6335716;0.4052134;0.6136403;498.1;0.06204972;False;6/1/2026 7:08:15 PM:915;1780315695915;;
686;693;0.3573761;0.6425086;0.3830113;0.6818991;502.4;0.1281388;False;6/1/2026 7:08:16 PM:44;1780315696044;;
687;694;0.3580689;0.6426885;0.3664154;0.649276;504.3;0.1533618;False;6/1/2026 7:08:16 PM:173;1780315696173;;
686;697;0.357421;0.6454887;0.3523656;0.6744555;504.3;0.152599;False;6/1/2026 7:08:16 PM:315;1780315696315;;
698;697;0.3638717;0.6456241;0.3977848;0.6511179;503.5;0.1566557;False;6/1/2026 7:08:16 PM:455;1780315696455;;
702;698;0.3656363;0.6463977;0.3919391;0.6669749;502.9;0.1584288;False;6/1/2026 7:08:16 PM:589;1780315696589;;
702;698;0.3659857;0.6464613;0.3880861;0.6591992;504.2;0.06161974;False;6/1/2026 7:08:16 PM:724;1780315696724;;
681;691;0.3550213;0.6406568;0.3226507;0.6051486;508.4;0.05655561;False;6/1/2026 7:08:16 PM:848;1780315696848;;
697;687;0.3631111;0.6366842;0.4000005;0.5998726;511.3;0.03306143;True;6/1/2026 7:08:16 PM:973;1780315696973;;
683;687;0.3558768;0.6364731;0.3284774;0.6279437;511.4;0.06437037;False;6/1/2026 7:08:17 PM:103;1780315697103;;
690;696;0.3597469;0.6446483;0.3835415;0.685833;514.5;0.1254843;False;6/1/2026 7:08:17 PM:243;1780315697243;;
678;696;0.3533313;0.6453029;0.3258368;0.6639384;514.1;0.1456123;False;6/1/2026 7:08:17 PM:376;1780315697376;;
696;697;0.3625457;0.6455926;0.3966935;0.6628558;513.6;0.1585988;False;6/1/2026 7:08:17 PM:516;1780315697516;;
671;693;0.3497172;0.6418775;0.31078;0.615064;514.0;0.1475016;False;6/1/2026 7:08:17 PM:646;1780315697646;;
671;693;0.3497354;0.641729;0.3502263;0.6342248;513.2;0.1550465;False;6/1/2026 7:08:17 PM:799;1780315697799;;
679;688;0.3537089;0.6375759;0.3781262;0.5998718;512.5;0.1544693;False;6/1/2026 7:08:17 PM:920;1780315697920;;
640;687;0.3333786;0.6367394;0.2835917;0.6105462;511.0;0.1501294;False;6/1/2026 7:08:18 PM:45;1780315698045;;
647;685;0.3372153;0.6345209;0.3588442;0.5973756;510.7;0.1561323;False;6/1/2026 7:08:18 PM:178;1780315698178;;
649;685;0.3385082;0.6343631;0.3551181;0.6062258;510.4;0.1498382;False;6/1/2026 7:08:18 PM:317;1780315698317;;
658;686;0.3430848;0.6354133;0.3745661;0.6445714;510.0;0.1538499;False;6/1/2026 7:08:18 PM:445;1780315698445;;
599;686;0.3121406;0.6353032;0.2585538;0.6289144;510.5;0.141119;False;6/1/2026 7:08:18 PM:588;1780315698588;;
584;686;0.3046128;0.6352733;0.2714223;0.6255212;507.9;0.1450528;False;6/1/2026 7:08:18 PM:723;1780315698723;;
562;686;0.2931568;0.6352411;0.2476485;0.6339959;508.1;0.1557547;False;6/1/2026 7:08:18 PM:857;1780315698857;;
495;685;0.2579917;0.6349275;0.1859601;0.6221359;506.9;0.1562087;False;6/1/2026 7:08:18 PM:997;1780315698997;;
491;687;0.2561833;0.6362306;0.2222285;0.6524787;505.2;0.1581933;False;6/1/2026 7:08:19 PM:125;1780315699125;;
489;699;0.255078;0.6476693;0.2404154;0.7018014;503.3;0.1520104;False;6/1/2026 7:08:19 PM:274;1780315699274;;
362;699;0.188793;0.6476061;0.09731922;0.646661;499.9;0.1604114;False;6/1/2026 7:08:19 PM:398;1780315699398;;
311;699;0.1619809;0.6472524;0.09801492;0.641031;497.3;0.1616511;False;6/1/2026 7:08:19 PM:533;1780315699533;;
286;696;0.1493947;0.6449267;0.09601617;0.6202811;496.0;0.1638406;False;6/1/2026 7:08:19 PM:664;1780315699664;;
268;675;0.1396431;0.6255498;0.08579306;0.550732;495.2;0.1651661;False;6/1/2026 7:08:19 PM:790;1780315699790;;
262;675;0.1368576;0.6257004;0.09321962;0.6274082;494.8;0.1594389;False;6/1/2026 7:08:19 PM:921;1780315699921;;
261;679;0.1361448;0.6290869;0.09645567;0.654358;492.5;0.1648407;False;6/1/2026 7:08:20 PM:58;1780315700058;;
259;691;0.1349827;0.6404832;0.1281365;0.6960474;492.3;0.1691635;False;6/1/2026 7:08:20 PM:197;1780315700197;;
252;689;0.1314211;0.6382222;0.09443047;0.6203073;491.4;0.1685744;False;6/1/2026 7:08:20 PM:326;1780315700326;;
249;689;0.1299861;0.6379851;0.0968665;0.6317357;489.3;0.1529984;False;6/1/2026 7:08:20 PM:473;1780315700473;;
248;689;0.1295323;0.6382895;0.09837677;0.6474012;488.4;0.1572283;False;6/1/2026 7:08:20 PM:626;1780315700626;;
246;689;0.1285474;0.6382973;0.1096938;0.6390485;487.2;0.1747406;False;6/1/2026 7:08:20 PM:741;1780315700741;;
250;689;0.1303613;0.6381391;0.1401908;0.6320792;487.6;0.1764324;False;6/1/2026 7:08:20 PM:856;1780315700856;;
250;688;0.1302934;0.6373385;0.1289363;0.6205493;488.7;0.1676327;False;6/1/2026 7:08:20 PM:969;1780315700969;;
256;660;0.1336885;0.6113265;0.1548858;0.5245394;489.3;0.1634817;False;6/1/2026 7:08:21 PM:82;1780315701082;;
248;669;0.129231;0.6199371;0.1034091;0.6597499;489.6;0.1680954;False;6/1/2026 7:08:21 PM:203;1780315701203;;
419;722;0.2184066;0.6685486;0.3093194;0.7741234;486.3;0.1643154;False;6/1/2026 7:08:21 PM:326;1780315701326;;
459;722;0.2392675;0.6687638;0.2868063;0.6787338;484.1;0.1623941;False;6/1/2026 7:08:21 PM:448;1780315701448;;
450;748;0.2347856;0.6930166;0.209278;0.7744777;482.9;0.1635184;False;6/1/2026 7:08:21 PM:593;1780315701593;;
438;738;0.2283614;0.6836579;0.1927812;0.6463373;482.0;0.1668622;False;6/1/2026 7:08:21 PM:728;1780315701728;;
413;728;0.2151432;0.674286;0.1619451;0.6245317;481.0;0.1718226;False;6/1/2026 7:08:21 PM:846;1780315701846;;
420;716;0.2189328;0.6633002;0.2344862;0.6027896;480.4;0.1694764;False;6/1/2026 7:08:21 PM:976;1780315701976;;
444;716;0.2317375;0.6630322;0.2708129;0.6593776;480.4;0.1697926;False;6/1/2026 7:08:22 PM:104;1780315702104;;
443;714;0.2308716;0.6617755;0.2206417;0.6317822;478.9;0.1660168;False;6/1/2026 7:08:22 PM:221;1780315702221;;
444;715;0.2315489;0.6624435;0.2419587;0.6697762;480.7;0.05349908;False;6/1/2026 7:08:22 PM:349;1780315702349;;
489;715;0.254784;0.6623809;0.3116311;0.6587695;481.1;0.1406236;False;6/1/2026 7:08:22 PM:476;1780315702476;;
507;714;0.2642697;0.6617916;0.309361;0.6444107;483.1;0.1504193;False;6/1/2026 7:08:22 PM:598;1780315702598;;
555;719;0.2891773;0.6665737;0.3689364;0.706655;482.7;0.1560054;False;6/1/2026 7:08:22 PM:670;1780315702670;;
599;719;0.3124487;0.6659282;0.3993416;0.6478757;484.1;0.1650327;False;6/1/2026 7:08:22 PM:725;1780315702725;;
629;718;0.3281003;0.6652532;0.4037845;0.6442043;485.4;0.165018;False;6/1/2026 7:08:22 PM:777;1780315702777;;
650;717;0.338543;0.6644343;0.402681;0.639964;484.0;0.1620429;False;6/1/2026 7:08:22 PM:834;1780315702834;;
661;718;0.3446258;0.6655343;0.3991035;0.6846236;482.9;0.1600463;False;6/1/2026 7:08:22 PM:893;1780315702893;;
673;717;0.3510311;0.6647255;0.4093767;0.6419793;482.3;0.1566123;False;6/1/2026 7:08:22 PM:950;1780315702950;;
685;714;0.3569762;0.6616229;0.4158035;0.6171551;483.6;0.1642111;False;6/1/2026 7:08:23 PM:4;1780315703004;;
689;714;0.3590283;0.6615245;0.4058759;0.6532305;484.1;0.1682408;False;6/1/2026 7:08:23 PM:59;1780315703059;;
692;714;0.3606797;0.6614423;0.4058759;0.6532378;484.5;0.1682375;False;6/1/2026 7:08:23 PM:123;1780315703123;;
693;714;0.361239;0.6617319;0.3940925;0.6686859;485.7;0.1574079;False;6/1/2026 7:08:23 PM:197;1780315703197;;
696;713;0.362947;0.6605342;0.4092761;0.6314204;486.2;0.1609083;False;6/1/2026 7:08:23 PM:250;1780315703250;;
698;713;0.3637978;0.6602833;0.4063236;0.6421084;486.6;0.1609201;False;6/1/2026 7:08:23 PM:306;1780315703306;;
698;713;0.3640428;0.6602081;0.399734;0.6539246;486.7;0.1545854;False;6/1/2026 7:08:23 PM:367;1780315703367;;
699;712;0.3640878;0.6601589;0.4008572;0.6560024;487.7;0.1563234;False;6/1/2026 7:08:23 PM:422;1780315703422;;
700;712;0.3646542;0.6598576;0.4055213;0.6416625;489.2;0.1543116;False;6/1/2026 7:08:23 PM:475;1780315703475;;
704;697;0.3668393;0.6460564;0.4167719;0.556728;489.8;0.1468365;False;6/1/2026 7:08:23 PM:527;1780315703527;;
709;685;0.369492;0.6344137;0.4229253;0.5454306;490.3;0.1468417;False;6/1/2026 7:08:23 PM:577;1780315703577;;
718;668;0.3743905;0.6189151;0.4347847;0.5205794;491.6;0.1562179;False;6/1/2026 7:08:23 PM:637;1780315703637;;
719;668;0.3747706;0.6185897;0.4135447;0.612142;491.1;0.1478931;False;6/1/2026 7:08:23 PM:692;1780315703692;;
720;668;0.3751749;0.6185234;0.418715;0.5923114;492.1;0.1559383;False;6/1/2026 7:08:23 PM:746;1780315703746;;
726;666;0.3782433;0.6174161;0.4341351;0.5761564;492.6;0.1448704;False;6/1/2026 7:08:23 PM:801;1780315703801;;
728;666;0.3796149;0.6172351;0.4301968;0.5843123;493.1;0.1448639;False;6/1/2026 7:08:23 PM:852;1780315703852;;
729;666;0.3798414;0.616847;0.4215687;0.6012418;494.0;0.1540068;False;6/1/2026 7:08:23 PM:905;1780315703905;;
729;665;0.3798598;0.6164727;0.422825;0.5840859;495.7;0.1589143;False;6/1/2026 7:08:23 PM:962;1780315703962;;
731;665;0.380897;0.6161611;0.4124495;0.6061685;497.1;0.1506788;False;6/1/2026 7:08:24 PM:18;1780315704018;;
732;665;0.3815489;0.6161088;0.4136371;0.5943996;496.5;0.1577315;False;6/1/2026 7:08:24 PM:72;1780315704072;;
734;665;0.3824874;0.6160635;0.4054396;0.6148613;495.9;0.1576985;False;6/1/2026 7:08:24 PM:127;1780315704127;;
736;665;0.3833739;0.6164684;0.4035752;0.6240487;496.5;0.1526115;False;6/1/2026 7:08:24 PM:199;1780315704199;;
736;665;0.3834253;0.6164252;0.4119681;0.6108347;495.9;0.1532394;False;6/1/2026 7:08:24 PM:258;1780315704258;;
737;666;0.384044;0.6174068;0.4011916;0.6356739;497.2;0.1547749;False;6/1/2026 7:08:24 PM:321;1780315704321;;
739;665;0.3853312;0.6157998;0.4199764;0.5862684;498.4;0.143043;False;6/1/2026 7:08:24 PM:379;1780315704379;;
740;665;0.3856765;0.6159236;0.4149934;0.6207216;498.6;0.1479581;False;6/1/2026 7:08:24 PM:445;1780315704445;;
742;662;0.3867224;0.6130766;0.4220995;0.5720034;500.7;0.1510351;False;6/1/2026 7:08:24 PM:500;1780315704500;;
744;659;0.3877717;0.6106568;0.4240546;0.5691127;502.3;0.1597456;False;6/1/2026 7:08:24 PM:557;1780315704557;;
745;658;0.3881089;0.6095731;0.4207339;0.5748945;504.1;0.1617949;False;6/1/2026 7:08:24 PM:611;1780315704611;;
745;658;0.388155;0.6094573;0.4179011;0.5919371;505.0;0.1449543;False;6/1/2026 7:08:24 PM:665;1780315704665;;
746;657;0.3887342;0.6087979;0.4238277;0.5767003;505.9;0.1449592;False;6/1/2026 7:08:24 PM:714;1780315704714;;
745;662;0.3880232;0.6135492;0.3824853;0.6511182;507.0;0.08555176;False;6/1/2026 7:08:24 PM:779;1780315704779;;
745;663;0.3883467;0.6146462;0.3958718;0.6345804;508.3;0.07452951;False;6/1/2026 7:08:24 PM:838;1780315704838;;
755;647;0.3932372;0.5998098;0.4394075;0.5140201;510.2;0.1588863;False;6/1/2026 7:08:24 PM:893;1780315704893;;
760;538;0.3959001;0.498572;0.434721;0.3059149;508.6;0.1647644;False;6/1/2026 7:08:24 PM:953;1780315704953;;
756;541;0.3941885;0.5011497;0.3798988;0.5448672;506.8;0.1624833;False;6/1/2026 7:08:25 PM:5;1780315705005;;
679;309;0.3537048;0.2867315;0.2746157;0.0647141;505.1;0.1659473;False;6/1/2026 7:08:25 PM:79;1780315705079;;
593;172;0.3091908;0.1595826;0.2746883;0.09776965;503.6;0.1674636;False;6/1/2026 7:08:53 PM:200;1780315733200;;
645;496;0.3364524;0.4595025;0.3819708;0.6365801;500.6;0.1709266;False;6/1/2026 7:08:53 PM:338;1780315733338;;
674;604;0.351278;0.5595012;0.3928975;0.6666058;500.3;0.1765753;False;6/1/2026 7:08:53 PM:458;1780315733458;;
684;653;0.356351;0.6047984;0.387268;0.6861273;501.9;0.1813186;False;6/1/2026 7:08:53 PM:570;1780315733570;;
697;659;0.3631136;0.6106269;0.4060025;0.6438531;504.5;0.175812;False;6/1/2026 7:08:53 PM:651;1780315733651;;
705;659;0.3674367;0.6108972;0.4108219;0.6171311;505.2;0.1793995;False;6/1/2026 7:08:53 PM:712;1780315733712;;
702;462;0.366069;0.4285752;0.3538724;0.1838212;506.7;0.1712475;False;6/1/2026 7:08:53 PM:769;1780315733769;;
679;360;0.3537432;0.3334468;0.3010938;0.1609131;508.3;0.1780451;False;6/1/2026 7:08:53 PM:821;1780315733821;;
610;275;0.3181089;0.2551431;0.2268144;0.1007643;507.7;0.1774559;False;6/1/2026 7:08:53 PM:871;1780315733871;;
580;227;0.3025849;0.2106947;0.2430119;0.100517;507.2;0.1774253;False;6/1/2026 7:08:53 PM:925;1780315733925;;
584;208;0.3044444;0.1933527;0.3296174;0.1277552;507.1;0.1740303;False;6/1/2026 7:08:53 PM:983;1780315733983;;
583;190;0.304039;0.1761484;0.2957946;0.09945769;509.3;0.1773576;False;6/1/2026 7:08:54 PM:33;1780315734033;;
566;178;0.2951029;0.1656514;0.2458622;0.1020661;511.1;0.1728827;False;6/1/2026 7:08:54 PM:83;1780315734083;;
566;184;0.295101;0.1704209;0.2944862;0.2293462;511.6;0.17152;False;6/1/2026 7:08:54 PM:133;1780315734133;;
566;187;0.2950995;0.1739726;0.2945112;0.2292348;512.0;0.1715212;False;6/1/2026 7:08:54 PM:185;1780315734185;;
542;288;0.2824832;0.2672381;0.2231166;0.4713715;511.7;0.1681591;False;6/1/2026 7:08:54 PM:238;1780315734238;;
544;288;0.2833818;0.267208;0.2974328;0.2633364;513.8;0.1725761;False;6/1/2026 7:08:54 PM:290;1780315734290;;
436;287;0.2272939;0.2660984;0.1163242;0.2410512;516.4;0.1697228;False;6/1/2026 7:08:54 PM:345;1780315734345;;
415;306;0.2164903;0.2838497;0.1683341;0.3729229;517.5;0.1654137;False;6/1/2026 7:08:54 PM:401;1780315734401;;
433;421;0.2255316;0.3901776;0.2739464;0.576498;518.5;0.1655063;False;6/1/2026 7:08:54 PM:466;1780315734466;;
410;358;0.2135659;0.3321606;0.1616436;0.1684181;519.3;0.1621704;False;6/1/2026 7:08:54 PM:520;1780315734520;;
374;311;0.1952705;0.2887939;0.1264297;0.1416506;521.0;0.1716619;False;6/1/2026 7:08:54 PM:572;1780315734572;;
339;312;0.1769822;0.2891557;0.1050594;0.2996342;522.1;0.158565;False;6/1/2026 7:08:54 PM:619;1780315734619;;
337;265;0.1758012;0.2462038;0.1549375;0.1007274;523.5;0.161999;False;6/1/2026 7:08:54 PM:669;1780315734669;;
336;271;0.1750683;0.2512188;0.1573084;0.2978796;524.7;0.16208;False;6/1/2026 7:08:54 PM:728;1780315734728;;
336;377;0.1750256;0.3494229;0.1682107;0.5355756;524.0;0.1693927;False;6/1/2026 7:08:54 PM:789;1780315734789;;
337;400;0.1756322;0.3708317;0.1856804;0.4624957;522.5;0.1696555;False;6/1/2026 7:08:54 PM:847;1780315734847;;
337;364;0.1755545;0.3373279;0.1685709;0.2155561;521.4;0.1797019;False;6/1/2026 7:08:54 PM:905;1780315734905;;
354;352;0.1845991;0.3260528;0.2329595;0.2450119;520.7;0.1812725;False;6/1/2026 7:08:54 PM:958;1780315734958;;
330;344;0.172364;0.3185875;0.1155799;0.2461903;522.9;0.1678942;False;6/1/2026 7:08:55 PM:11;1780315735011;;
312;343;0.1626882;0.3176701;0.1107153;0.2784938;524.8;0.1679366;False;6/1/2026 7:08:55 PM:69;1780315735069;;
312;391;0.1626515;0.3629217;0.1523445;0.4825868;525.8;0.1678909;False;6/1/2026 7:08:55 PM:133;1780315735133;;
302;449;0.1576325;0.4162435;0.1160242;0.5543639;527.1;0.1645501;False;6/1/2026 7:08:55 PM:191;1780315735191;;
295;418;0.1537992;0.3872916;0.1139771;0.2688788;527.8;0.1693757;False;6/1/2026 7:08:55 PM:252;1780315735252;;
294;411;0.1535452;0.3808125;0.146073;0.3108427;527.5;0.1624746;False;6/1/2026 7:08:55 PM:305;1780315735305;;
288;396;0.15037;0.3674603;0.1116203;0.2714588;527.6;0.1614437;False;6/1/2026 7:08:55 PM:361;1780315735361;;
282;394;0.1468846;0.3650331;0.104199;0.3062653;525.5;0.1700305;False;6/1/2026 7:08:55 PM:414;1780315735414;;
277;392;0.1444654;0.3632887;0.1042063;0.3062005;523.6;0.1700368;False;6/1/2026 7:08:55 PM:466;1780315735466;;
266;432;0.1389966;0.4005759;0.08741457;0.5074832;522.4;0.1672496;False;6/1/2026 7:08:55 PM:526;1780315735526;;
265;482;0.1385384;0.4472143;0.1167134;0.5698189;522.4;0.1651129;False;6/1/2026 7:08:55 PM:588;1780315735588;;
264;461;0.1376801;0.4272339;0.1038961;0.3178098;522.7;0.1637449;False;6/1/2026 7:08:55 PM:640;1780315735640;;
266;409;0.1387968;0.3788027;0.1482487;0.2227502;523.8;0.1614025;False;6/1/2026 7:08:55 PM:695;1780315735695;;
263;404;0.1371184;0.3747754;0.1037026;0.3153734;524.1;0.1568167;False;6/1/2026 7:08:55 PM:749;1780315735749;;
261;393;0.1363566;0.3641318;0.1077288;0.2771157;524.4;0.156803;False;6/1/2026 7:08:55 PM:807;1780315735807;;
261;393;0.1360301;0.3641761;0.1295945;0.3648225;525.8;0.1655241;False;6/1/2026 7:08:55 PM:863;1780315735863;;
258;389;0.1348293;0.360733;0.1056323;0.3042951;526.1;0.1628866;False;6/1/2026 7:08:55 PM:924;1780315735924;;
263;418;0.137187;0.3875588;0.1553617;0.4838848;525.8;0.1590573;False;6/1/2026 7:08:55 PM:980;1780315735980;;
262;391;0.1368476;0.3625464;0.119461;0.2496726;526.7;0.1611679;False;6/1/2026 7:08:56 PM:41;1780315736041;;
251;413;0.1307796;0.3826766;0.08260119;0.4700198;527.4;0.1592421;False;6/1/2026 7:08:56 PM:94;1780315736094;;
251;381;0.1307482;0.3533926;0.1137576;0.2310118;529.8;0.1668841;False;6/1/2026 7:08:56 PM:149;1780315736149;;
249;379;0.1298841;0.3515666;0.1032502;0.3102911;531.9;0.1669618;False;6/1/2026 7:08:56 PM:205;1780315736205;;
248;416;0.1294795;0.3852741;0.1061259;0.4876952;532.6;0.1657254;False;6/1/2026 7:08:56 PM:274;1780315736274;;
242;430;0.1264824;0.3987167;0.08588234;0.4757324;531.9;0.1598152;False;6/1/2026 7:08:56 PM:330;1780315736330;;
243;411;0.1268242;0.3807808;0.1307236;0.2909861;532.7;0.1582879;False;6/1/2026 7:08:56 PM:387;1780315736387;;
274;458;0.1428156;0.424239;0.200925;0.5601138;531.7;0.1695091;False;6/1/2026 7:08:56 PM:441;1780315736441;;
276;461;0.1441416;0.4276777;0.1597287;0.4677486;530.6;0.1771161;False;6/1/2026 7:08:56 PM:498;1780315736498;;Started calibration 
