X Filtered Pixel; Y Filtered Pixel; X Filtered Normalized; Y Filtered Normalized; X Raw Normalized; Y Raw Normalized; Distance to Camera in mm; Eye Aspect Ratio (Height/Width); Blinking; Timestamp With Milliseconds; Unix Timestamp In Milliseconds; AOI List; Additional Notes
342;52;0.2328379;0.09856517;0.2328379;0.09856517;395.8;0.1695564;False;5/31/2026 6:33:06 PM:794;1780227186794;;
482;122;0.3272873;0.2292219;0.4367385;0.4625962;394.0;0.1478753;False;5/31/2026 6:33:06 PM:923;1780227186923;;
559;154;0.3800564;0.2890781;0.4704471;0.4791622;400.8;0.1147195;True;5/31/2026 6:33:07 PM:46;1780227187046;;
581;167;0.3945797;0.3130234;0.4656955;0.4945756;406.9;0.1130676;True;5/31/2026 6:33:07 PM:110;1780227187110;;
583;171;0.3959375;0.3211948;0.4268683;0.4573223;407.5;0.1162246;True;5/31/2026 6:33:07 PM:177;1780227187177;;
554;176;0.3763546;0.3297541;0.3076892;0.475899;410.0;0.1152801;True;5/31/2026 6:33:07 PM:241;1780227187241;;
539;178;0.3659903;0.3333995;0.3105742;0.4629241;412.2;0.1155135;True;5/31/2026 6:33:07 PM:300;1780227187300;;
505;174;0.3433994;0.3257116;0.2632681;0.2787265;412.2;0.1249531;True;5/31/2026 6:33:07 PM:368;1780227187368;;
486;171;0.3305165;0.3210123;0.263244;0.2787337;412.3;0.1249477;True;5/31/2026 6:33:07 PM:433;1780227187433;;
515;165;0.3501619;0.3096943;0.4184467;0.2251928;412.6;0.1247616;True;5/31/2026 6:33:07 PM:500;1780227187500;;
422;151;0.2869083;0.2823335;0.1608642;0.1338685;414.8;0.1307829;True;5/31/2026 6:33:07 PM:567;1780227187567;;
375;142;0.2551836;0.2658647;0.1613841;0.1338729;416.7;0.131211;True;5/31/2026 6:33:07 PM:629;1780227187629;;
375;135;0.2550628;0.254037;0.2479016;0.1300027;419.2;0.1356374;False;5/31/2026 6:33:07 PM:693;1780227187693;;
376;117;0.2554125;0.2198248;0.2656019;0.01735499;416.1;0.1353944;False;5/31/2026 6:33:07 PM:754;1780227187754;;
377;106;0.2560165;0.1990565;0.2714774;0.02096572;413.3;0.135694;False;5/31/2026 6:33:07 PM:812;1780227187812;;
373;99;0.2533642;0.1856223;0.2246082;0.02576211;411.5;0.1608743;False;5/31/2026 6:33:07 PM:875;1780227187875;;
357;95;0.2426373;0.1790451;0.1822287;0.04029017;416.8;0.1943081;False;5/31/2026 6:33:07 PM:937;1780227187937;;
347;93;0.2361356;0.1746145;0.1826121;0.04009192;421.6;0.1948319;False;5/31/2026 6:33:07 PM:996;1780227187996;;
345;116;0.2344521;0.2185979;0.1996657;0.37032;425.1;0.173417;False;5/31/2026 6:33:08 PM:58;1780227188058;;
343;130;0.2333297;0.2436022;0.1995762;0.3703061;428.3;0.1732821;False;5/31/2026 6:33:08 PM:116;1780227188116;;
345;112;0.2345881;0.2100569;0.2471567;0.02332635;429.6;0.1671043;False;5/31/2026 6:33:08 PM:180;1780227188180;;
370;107;0.251319;0.2013677;0.3168201;0.08200365;430.5;0.1469878;False;5/31/2026 6:33:08 PM:244;1780227188244;;
390;105;0.2651544;0.1973641;0.3305412;0.09446084;431.4;0.1477311;False;5/31/2026 6:33:08 PM:304;1780227188304;;
547;101;0.371895;0.1906288;0.5278797;0.06810386;437.3;0.1643587;False;5/31/2026 6:33:08 PM:368;1780227188368;;
622;99;0.4225484;0.1860601;0.5278816;0.06810411;442.6;0.1643301;False;5/31/2026 6:33:08 PM:430;1780227188430;;
659;97;0.4479449;0.1827241;0.5216698;0.06820592;448.1;0.1575441;False;5/31/2026 6:33:08 PM:497;1780227188497;;
681;96;0.4626541;0.1804325;0.5241888;0.06762242;455.0;0.1385685;False;5/31/2026 6:33:08 PM:561;1780227188561;;
694;95;0.4714308;0.178818;0.5237432;0.06756329;461.2;0.1393431;False;5/31/2026 6:33:08 PM:623;1780227188623;;
706;95;0.4794402;0.1777667;0.5331424;0.06879975;465.4;0.1717839;False;5/31/2026 6:33:08 PM:688;1780227188688;;
710;94;0.4822596;0.1768651;0.5212606;0.06722824;474.9;0.1374097;False;5/31/2026 6:33:08 PM:749;1780227188749;;
713;94;0.4840989;0.1762386;0.5211994;0.06722011;483.5;0.1379726;False;5/31/2026 6:33:08 PM:806;1780227188806;;
718;94;0.488014;0.1761705;0.5370763;0.07140259;485.2;0.1613048;False;5/31/2026 6:33:08 PM:867;1780227188867;;
719;96;0.4882948;0.1804826;0.5101085;0.2131133;483.7;0.1427149;False;5/31/2026 6:33:08 PM:928;1780227188928;;
719;98;0.4885116;0.1834588;0.5099699;0.2134633;482.3;0.1436476;False;5/31/2026 6:33:08 PM:992;1780227188992;;
720;105;0.4888341;0.1969326;0.5057684;0.2883151;479.0;0.1324807;True;5/31/2026 6:33:09 PM:59;1780227189059;;
720;107;0.488902;0.2014938;0.5093893;0.2640914;476.1;0.1342358;True;5/31/2026 6:33:09 PM:117;1780227189117;;
724;99;0.4916825;0.1863962;0.5349374;0.06905306;478.2;0.1392917;False;5/31/2026 6:33:09 PM:179;1780227189179;;
724;99;0.4920154;0.1863107;0.5212957;0.1743306;479.6;0.1252128;True;5/31/2026 6:33:09 PM:244;1780227189244;;
725;99;0.4922332;0.1862529;0.5212576;0.1744291;480.9;0.1254271;True;5/31/2026 6:33:09 PM:300;1780227189300;;
725;103;0.4926885;0.1938159;0.503424;0.2710177;479.5;0.1471629;False;5/31/2026 6:33:09 PM:365;1780227189365;;
726;106;0.4930036;0.1988413;0.5033487;0.2709602;478.2;0.1470754;False;5/31/2026 6:33:09 PM:430;1780227189430;;
729;99;0.4950329;0.1852173;0.5319248;0.08270796;480.9;0.1454851;False;5/31/2026 6:33:09 PM:493;1780227189493;;
729;94;0.4955179;0.1773348;0.5237004;0.08791032;484.9;0.1533386;False;5/31/2026 6:33:09 PM:556;1780227189556;;
730;92;0.4958555;0.1721206;0.5236795;0.0879625;488.6;0.153483;False;5/31/2026 6:33:09 PM:616;1780227189616;;
730;93;0.4962456;0.1753659;0.5073618;0.2167273;487.3;0.1378229;False;5/31/2026 6:33:09 PM:681;1780227189681;;
732;91;0.4972311;0.1706685;0.5286489;0.09417762;492.9;0.1436409;False;5/31/2026 6:33:09 PM:741;1780227189741;;
733;88;0.4980587;0.1662858;0.5301348;0.08342762;498.0;0.1442185;False;5/31/2026 6:33:09 PM:800;1780227189800;;
733;94;0.4982475;0.1772197;0.501647;0.2615635;495.6;0.1421303;False;5/31/2026 6:33:09 PM:863;1780227189863;;
734;99;0.498452;0.1865592;0.5059157;0.277186;493.4;0.1424233;False;5/31/2026 6:33:09 PM:923;1780227189923;;
734;92;0.4984612;0.1730084;0.5137096;0.06493024;490.9;0.1367757;False;5/31/2026 6:33:09 PM:987;1780227189987;;
732;92;0.4974486;0.17287;0.4843693;0.1513751;489.4;0.1389002;False;5/31/2026 6:33:10 PM:49;1780227190049;;
731;92;0.4964148;0.1728407;0.4804871;0.1546282;488.1;0.1390759;False;5/31/2026 6:33:10 PM:111;1780227190111;;
615;93;0.4177024;0.1751437;0.2838952;0.2142823;483.8;0.129424;True;5/31/2026 6:33:10 PM:177;1780227190177;;
606;94;0.4117096;0.1768598;0.3740298;0.2173466;483.9;0.1326225;True;5/31/2026 6:33:10 PM:241;1780227190241;;
598;95;0.4063626;0.1780679;0.3656627;0.2181032;483.9;0.1332705;True;5/31/2026 6:33:10 PM:300;1780227190300;;
599;95;0.4069178;0.1788297;0.4199441;0.21578;480.9;0.1365056;False;5/31/2026 6:33:10 PM:361;1780227190361;;
599;95;0.4073069;0.1793613;0.4202051;0.2159879;478.1;0.1367987;False;5/31/2026 6:33:10 PM:420;1780227190420;;
620;95;0.4214669;0.1783809;0.4897285;0.1570636;480.5;0.1407772;False;5/31/2026 6:33:10 PM:483;1780227190483;;
598;107;0.4062888;0.2002008;0.3432034;0.345993;478.7;0.1247432;True;5/31/2026 6:33:10 PM:547;1780227190547;;
586;112;0.3982047;0.2104502;0.3467914;0.3282352;477.1;0.1250063;True;5/31/2026 6:33:10 PM:609;1780227190609;;
636;110;0.4320553;0.2062195;0.525499;0.1624891;475.8;0.1335227;True;5/31/2026 6:33:10 PM:674;1780227190674;;
663;108;0.4502237;0.2035788;0.5254419;0.1626317;474.8;0.1338669;True;5/31/2026 6:33:10 PM:733;1780227190733;;
666;109;0.4526393;0.203779;0.484531;0.223536;472.1;0.1292484;True;5/31/2026 6:33:10 PM:797;1780227190797;;
674;110;0.458001;0.2066905;0.505047;0.2651797;470.8;0.1403739;False;5/31/2026 6:33:10 PM:866;1780227190866;;
682;110;0.4630862;0.2067248;0.5135321;0.231949;473.1;0.1331931;True;5/31/2026 6:33:10 PM:931;1780227190931;;
686;110;0.4658684;0.2070721;0.5114378;0.2418036;475.2;0.1338307;True;5/31/2026 6:33:10 PM:991;1780227190991;;
690;110;0.4688493;0.2072542;0.5094178;0.2371328;476.7;0.1479906;False;5/31/2026 6:33:11 PM:152;1780227191152;;
692;110;0.4700157;0.2074396;0.5125228;0.2208508;478.0;0.1388882;False;5/31/2026 6:33:11 PM:212;1780227191212;;
692;119;0.470196;0.2225219;0.4721734;0.3488194;474.2;0.1434958;False;5/31/2026 6:33:11 PM:280;1780227191280;;
645;134;0.4380901;0.2519589;0.352911;0.4342252;470.3;0.121795;True;5/31/2026 6:33:11 PM:343;1780227191343;;
617;144;0.4192891;0.2707739;0.3498123;0.4357729;466.9;0.1229628;True;5/31/2026 6:33:11 PM:406;1780227191406;;
630;148;0.4279721;0.2777546;0.4842905;0.4061317;464.3;0.1349492;True;5/31/2026 6:33:11 PM:468;1780227191468;;
638;151;0.43343;0.282451;0.4842121;0.4060747;461.9;0.1357701;False;5/31/2026 6:33:11 PM:528;1780227191528;;
641;152;0.4355232;0.2841622;0.4734814;0.3497384;462.3;0.1535666;False;5/31/2026 6:33:11 PM:593;1780227191593;;
642;147;0.4365028;0.2764194;0.4693973;0.2243682;460.9;0.1342258;True;5/31/2026 6:33:11 PM:662;1780227191662;;
644;144;0.4378424;0.2708651;0.4760755;0.2150911;459.6;0.1335756;True;5/31/2026 6:33:11 PM:721;1780227191721;;
537;157;0.3652276;0.293931;0.2407094;0.4508072;458.8;0.1381334;False;5/31/2026 6:33:11 PM:783;1780227191783;;
502;165;0.3410053;0.309628;0.2700046;0.4544372;457.2;0.1342497;True;5/31/2026 6:33:11 PM:844;1780227191844;;
481;171;0.3271438;0.3200192;0.270083;0.4544278;455.8;0.1343443;True;5/31/2026 6:33:11 PM:904;1780227191904;;
581;139;0.3948741;0.2603652;0.5291985;0.06991349;459.0;0.1411889;False;5/31/2026 6:33:11 PM:968;1780227191968;;
625;130;0.424979;0.2442577;0.5177099;0.139605;458.5;0.1466091;False;5/31/2026 6:33:12 PM:31;1780227192031;;
651;125;0.4421188;0.2341035;0.5176654;0.1397103;458.1;0.1469843;False;5/31/2026 6:33:12 PM:93;1780227192093;;
669;113;0.4544784;0.2125957;0.5228204;0.06742882;463.4;0.1390325;False;5/31/2026 6:33:12 PM:155;1780227192155;;
680;106;0.4616702;0.1995909;0.5222837;0.06735759;468.1;0.1405529;False;5/31/2026 6:33:12 PM:211;1780227192211;;
688;101;0.4671096;0.1904528;0.523121;0.07020152;469.2;0.1838749;False;5/31/2026 6:33:12 PM:275;1780227192275;;
688;104;0.46774;0.1945739;0.5032414;0.2345671;471.5;0.1600394;False;5/31/2026 6:33:12 PM:338;1780227192338;;
689;105;0.4678826;0.1970984;0.4966392;0.234116;473.7;0.1614373;False;5/31/2026 6:33:12 PM:395;1780227192395;;
696;98;0.4730202;0.1844882;0.53062;0.06845396;471.3;0.1747133;False;5/31/2026 6:33:12 PM:461;1780227192461;;
701;94;0.4762559;0.176875;0.531119;0.06852016;469.1;0.1736319;False;5/31/2026 6:33:12 PM:520;1780227192520;;
702;108;0.4767689;0.2019781;0.5184426;0.329311;468.9;0.1856579;False;5/31/2026 6:33:12 PM:584;1780227192584;;
708;113;0.4808582;0.2114209;0.5410284;0.2978472;471.3;0.1746088;False;5/31/2026 6:33:12 PM:647;1780227192647;;
712;116;0.4834724;0.2172774;0.5410064;0.2976298;473.3;0.1750722;False;5/31/2026 6:33:12 PM:703;1780227192703;;
713;105;0.4842825;0.196718;0.5335334;0.06884941;471.4;0.1928711;False;5/31/2026 6:33:12 PM:767;1780227192767;;
714;98;0.4848437;0.1838656;0.5335337;0.06884946;469.6;0.1928684;False;5/31/2026 6:33:12 PM:827;1780227192827;;
715;93;0.4860021;0.1756311;0.5385215;0.07330792;466.5;0.1778472;False;5/31/2026 6:33:12 PM:891;1780227192891;;
717;106;0.4872341;0.1998954;0.5165338;0.3305487;468.4;0.1836984;False;5/31/2026 6:33:12 PM:952;1780227192952;;
719;122;0.488224;0.2293208;0.5090373;0.3908771;470.2;0.18486;False;5/31/2026 6:33:13 PM:10;1780227193010;;
720;138;0.4889327;0.2597028;0.5112486;0.4285328;470.4;0.1862343;False;5/31/2026 6:33:13 PM:73;1780227193073;;
721;120;0.4901525;0.2260918;0.5310786;0.06852433;473.4;0.1945268;False;5/31/2026 6:33:13 PM:135;1780227193135;;
723;109;0.4909935;0.2055123;0.5310469;0.06852009;476.2;0.1950083;False;5/31/2026 6:33:13 PM:195;1780227193195;;
724;102;0.4917727;0.1910204;0.5320745;0.06816197;469.2;0.141912;False;5/31/2026 6:33:13 PM:261;1780227193261;;
725;97;0.492318;0.1817948;0.5321787;0.06818113;462.9;0.1420262;False;5/31/2026 6:33:13 PM:325;1780227193325;;
685;115;0.4652886;0.2154804;0.3910093;0.3641358;462.8;0.1577175;False;5/31/2026 6:33:13 PM:389;1780227193389;;
533;93;0.3619117;0.1753914;0.2628916;0.0307039;460.0;0.1711663;False;5/31/2026 6:33:13 PM:546;1780227193546;;
504;93;0.3422182;0.1756606;0.2690398;0.1800941;457.5;0.1604251;False;5/31/2026 6:33:13 PM:605;1780227193605;;
383;90;0.2602278;0.1691706;0.1224368;0.06623061;455.6;0.1718449;False;5/31/2026 6:33:13 PM:668;1780227193668;;
366;85;0.2487823;0.1606152;0.1978879;0.03937333;455.6;0.1784197;False;5/31/2026 6:33:13 PM:731;1780227193731;;
356;82;0.2421645;0.1550859;0.198296;0.03932338;455.5;0.1790336;False;5/31/2026 6:33:13 PM:789;1780227193789;;
287;81;0.1949843;0.1528736;0.1254829;0.06649757;453.5;0.1893249;False;5/31/2026 6:33:14 PM:53;1780227194053;;
275;81;0.187104;0.1526004;0.1211724;0.06760368;451.6;0.1822962;False;5/31/2026 6:33:14 PM:111;1780227194111;;
360;134;0.2448961;0.2522935;0.3552561;0.4962762;446.7;0.1893006;False;5/31/2026 6:33:14 PM:174;1780227194174;;
403;163;0.2736177;0.3047237;0.3554341;0.4963265;442.2;0.1895669;False;5/31/2026 6:33:14 PM:232;1780227194232;;
478;190;0.3248423;0.3554807;0.3718384;0.4440596;434.0;0.1848213;False;5/31/2026 6:33:17 PM:732;1780227197732;;
479;190;0.3253005;0.3556214;0.33033;0.3575701;426.6;0.1724581;False;5/31/2026 6:33:17 PM:791;1780227197791;;
456;143;0.3098093;0.2682508;0.2527399;0.0292658;424.6;0.1733433;False;5/31/2026 6:33:17 PM:853;1780227197853;;
442;117;0.3006494;0.2188711;0.2530583;0.02920592;422.7;0.1737911;False;5/31/2026 6:33:17 PM:915;1780227197915;;
446;99;0.3033069;0.1859499;0.3366256;0.02178785;420.0;0.1438676;False;5/31/2026 6:33:17 PM:978;1780227197978;;
457;99;0.3105946;0.1860001;0.3656502;0.1887147;416.7;0.1236371;True;5/31/2026 6:33:18 PM:42;1780227198042;;
471;99;0.3200101;0.1863371;0.386151;0.2006046;413.7;0.12366;True;5/31/2026 6:33:18 PM:101;1780227198101;;
555;136;0.37726;0.2556594;0.5091777;0.4900657;412.0;0.1180766;True;5/31/2026 6:33:18 PM:164;1780227198164;;
600;157;0.407548;0.2952424;0.5091587;0.490057;410.5;0.1180587;True;5/31/2026 6:33:18 PM:224;1780227198224;;
537;217;0.3652252;0.4064077;0.265078;0.709608;411.1;0.1141364;True;5/31/2026 6:33:18 PM:288;1780227198288;;
435;248;0.2955285;0.4636069;0.1688232;0.6964831;412.3;0.1221413;True;5/31/2026 6:33:18 PM:351;1780227198351;;
385;265;0.2613854;0.4967526;0.1692331;0.6964851;413.4;0.122281;True;5/31/2026 6:33:18 PM:410;1780227198410;;
327;268;0.2224963;0.5023234;0.1264284;0.6131452;414.2;0.1283438;True;5/31/2026 6:33:18 PM:473;1780227198473;;
305;269;0.207114;0.5031989;0.1435764;0.5607308;414.5;0.1322617;True;5/31/2026 6:33:18 PM:536;1780227198536;;
292;269;0.1983122;0.5038912;0.1439815;0.5580069;414.7;0.132348;True;5/31/2026 6:33:18 PM:594;1780227198594;;
331;267;0.2247988;0.5008052;0.310481;0.4682043;413.8;0.134541;True;5/31/2026 6:33:18 PM:657;1780227198657;;
341;267;0.2317891;0.500251;0.2816386;0.4883875;413.0;0.1344353;True;5/31/2026 6:33:18 PM:715;1780227198715;;
349;267;0.2373364;0.5002045;0.2849254;0.4984549;412.2;0.143622;False;5/31/2026 6:33:18 PM:777;1780227198777;;
311;266;0.2116248;0.4973751;0.1311162;0.452592;409.8;0.1533188;False;5/31/2026 6:33:18 PM:840;1780227198840;;
290;265;0.1969597;0.4954796;0.1311451;0.4525842;407.7;0.1533487;False;5/31/2026 6:33:18 PM:900;1780227198900;;
610;150;0.4143418;0.2808303;0.5191068;0.06280197;405.7;0.1759964;False;5/31/2026 6:33:19 PM:254;1780227199254;;
652;137;0.442639;0.2578246;0.5345079;0.06843964;404.0;0.1694342;False;5/31/2026 6:33:19 PM:317;1780227199317;;
675;136;0.4587176;0.2553631;0.5294529;0.1389287;403.5;0.1724321;False;5/31/2026 6:33:19 PM:390;1780227199390;;
681;136;0.4623784;0.2542806;0.5064085;0.1429226;402.4;0.1671795;False;5/31/2026 6:33:19 PM:456;1780227199456;;
693;133;0.4707206;0.2492264;0.535114;0.1108621;401.5;0.168249;False;5/31/2026 6:33:19 PM:517;1780227199517;;
695;132;0.4724298;0.2478146;0.5146153;0.2312987;400.0;0.1810465;False;5/31/2026 6:33:19 PM:577;1780227199577;;
538;138;0.3652795;0.2580807;0.218795;0.3258836;399.4;0.1739677;False;5/31/2026 6:33:19 PM:639;1780227199639;;
465;141;0.3157325;0.2645808;0.2188902;0.3258848;398.9;0.1741201;False;5/31/2026 6:33:19 PM:697;1780227199697;;
452;161;0.3070396;0.3025613;0.272161;0.4753494;398.5;0.1747723;False;5/31/2026 6:33:19 PM:758;1780227199758;;
444;174;0.3017638;0.3261358;0.272269;0.4753383;398.2;0.1749414;False;5/31/2026 6:33:19 PM:819;1780227199819;;
414;180;0.2816816;0.3370486;0.2128839;0.4513343;400.3;0.1713677;False;5/31/2026 6:33:19 PM:883;1780227199883;;
341;181;0.2316089;0.3400241;0.1187923;0.4202697;400.0;0.1854945;False;5/31/2026 6:33:19 PM:944;1780227199944;;
300;182;0.20393;0.3414761;0.1161957;0.4137938;399.7;0.1864686;False;5/31/2026 6:33:20 PM:2;1780227200002;;
303;183;0.2059124;0.3425971;0.235148;0.4139652;400.0;0.1666267;False;5/31/2026 6:33:20 PM:65;1780227200065;;
311;187;0.2113173;0.3513488;0.2591742;0.4754638;402.0;0.1636639;False;5/31/2026 6:33:20 PM:128;1780227200128;;
316;191;0.2148007;0.3571415;0.2592065;0.4754579;403.8;0.1637083;False;5/31/2026 6:33:20 PM:189;1780227200189;;
316;191;0.2150595;0.3578043;0.2309808;0.4279675;405.4;0.1676697;False;5/31/2026 6:33:20 PM:251;1780227200251;;
317;191;0.2152347;0.3582785;0.2312223;0.4279208;406.8;0.1680264;False;5/31/2026 6:33:20 PM:311;1780227200311;;
313;184;0.2127346;0.34402;0.1906819;0.2577892;406.5;0.1700818;False;5/31/2026 6:33:20 PM:372;1780227200372;;
304;182;0.2065158;0.3405254;0.1646576;0.2975754;409.0;0.169328;False;5/31/2026 6:33:20 PM:434;1780227200434;;
294;180;0.2000045;0.336522;0.1649513;0.297545;411.2;0.1697163;False;5/31/2026 6:33:20 PM:584;1780227200584;;
324;188;0.219966;0.3523735;0.2926895;0.4715729;411.6;0.1669866;False;5/31/2026 6:33:20 PM:645;1780227200645;;
337;190;0.2289487;0.3552522;0.282833;0.4188907;411.9;0.1741831;False;5/31/2026 6:33:20 PM:703;1780227200703;;
667;124;0.4529733;0.2321678;0.5357778;0.1002657;414.3;0.123965;True;5/31/2026 6:33:24 PM:446;1780227204446;;
667;122;0.4534681;0.22902;0.5259864;0.1628871;416.5;0.1204165;True;5/31/2026 6:33:24 PM:505;1780227204505;;
671;119;0.4559211;0.2229971;0.5061218;0.08237044;417.4;0.1288493;True;5/31/2026 6:33:24 PM:571;1780227204571;;
673;117;0.4574816;0.2191415;0.506153;0.08236136;418.1;0.1288832;True;5/31/2026 6:33:24 PM:630;1780227204630;;
664;119;0.4513775;0.2227997;0.425667;0.2491836;416.6;0.1413792;False;5/31/2026 6:33:24 PM:693;1780227204693;;
527;147;0.3579487;0.2755632;0.2235525;0.4553601;415.6;0.130422;True;5/31/2026 6:33:24 PM:756;1780227204756;;
461;164;0.3132725;0.3068333;0.223647;0.4553345;414.7;0.130526;True;5/31/2026 6:33:24 PM:817;1780227204817;;
460;145;0.3128482;0.2723629;0.3106702;0.1270195;415.9;0.1444428;False;5/31/2026 6:33:24 PM:931;1780227204931;;
461;145;0.3131931;0.2722353;0.320266;0.2282794;416.9;0.1410228;False;5/31/2026 6:33:24 PM:989;1780227204989;;
461;181;0.3132593;0.3396629;0.3354527;0.518702;415.2;0.1387099;False;5/31/2026 6:33:25 PM:88;1780227205088;;
504;188;0.34249;0.3515774;0.4411219;0.4532562;415.1;0.1285356;True;5/31/2026 6:33:25 PM:156;1780227205156;;
531;188;0.3605691;0.3529013;0.4399979;0.3981825;415.0;0.1297517;True;5/31/2026 6:33:25 PM:236;1780227205236;;
554;192;0.3762621;0.359422;0.4620375;0.4541028;415.4;0.14461;False;5/31/2026 6:33:25 PM:298;1780227205298;;
624;199;0.4242052;0.3721227;0.5197947;0.4748694;414.9;0.1614314;False;5/31/2026 6:33:25 PM:456;1780227205456;;
648;194;0.4399564;0.3634275;0.5322741;0.296975;414.4;0.1546291;False;5/31/2026 6:33:25 PM:517;1780227205517;;
649;190;0.4409101;0.3553737;0.4721278;0.2824706;412.9;0.1561946;False;5/31/2026 6:33:25 PM:579;1780227205579;;
664;153;0.4510194;0.2869202;0.5064712;0.1572742;417.2;0.1577399;False;5/31/2026 6:33:26 PM:47;1780227206047;;
664;153;0.4514291;0.2860582;0.5029535;0.2260063;421.0;0.1483835;False;5/31/2026 6:33:26 PM:105;1780227206105;;
669;142;0.4544835;0.2662659;0.5182358;0.09648127;424.1;0.1488959;False;5/31/2026 6:33:26 PM:171;1780227206171;;
672;135;0.4567523;0.2527141;0.5198256;0.09016497;426.9;0.1484454;False;5/31/2026 6:33:26 PM:231;1780227206231;;
676;195;0.4595203;0.3646084;0.4671491;0.4782184;424.9;0.1459443;False;5/31/2026 6:33:27 PM:650;1780227207650;;
676;192;0.4595805;0.3590364;0.4730822;0.3127438;423.2;0.1426577;False;5/31/2026 6:33:27 PM:708;1780227207708;;
695;185;0.4721996;0.3473639;0.5425844;0.2618493;421.5;0.1553954;False;5/31/2026 6:33:27 PM:769;1780227207769;;
706;185;0.4793202;0.3466027;0.539413;0.3267641;420.0;0.1556342;False;5/31/2026 6:33:27 PM:826;1780227207826;;
714;180;0.4849912;0.3377506;0.5418567;0.2511917;418.9;0.1503478;False;5/31/2026 6:33:27 PM:889;1780227207889;;
729;161;0.4951363;0.3020463;0.5481875;0.1829301;418.8;0.1394363;False;5/31/2026 6:33:28 PM:140;1780227208140;;
731;155;0.496516;0.2907434;0.5459728;0.1518431;418.6;0.1373895;False;5/31/2026 6:33:28 PM:201;1780227208201;;
732;141;0.4974763;0.2647697;0.511476;0.07101768;417.6;0.1415314;False;5/31/2026 6:33:28 PM:262;1780227208262;;
733;132;0.4981405;0.2476821;0.5117115;0.0710134;416.7;0.1418494;False;5/31/2026 6:33:28 PM:322;1780227208322;;
729;132;0.494987;0.247004;0.4724533;0.1538429;416.7;0.1369956;False;5/31/2026 6:33:28 PM:384;1780227208384;;
701;125;0.476444;0.235231;0.4071455;0.07220115;414.0;0.1403543;False;5/31/2026 6:33:28 PM:447;1780227208447;;
678;121;0.4603698;0.2280147;0.3906776;0.07608224;411.5;0.1404974;False;5/31/2026 6:33:28 PM:507;1780227208507;;
625;160;0.4247961;0.2993041;0.3509628;0.4337719;409.2;0.1423087;False;5/31/2026 6:33:28 PM:660;1780227208660;;
613;164;0.4166558;0.3082635;0.3537018;0.3899427;407.1;0.1408231;False;5/31/2026 6:33:28 PM:719;1780227208719;;
592;228;0.4023253;0.427973;0.3383925;0.6505346;402.9;0.1401973;False;5/31/2026 6:33:28 PM:856;1780227208856;;
591;254;0.401549;0.4760099;0.3596039;0.6971697;399.1;0.1315857;True;5/31/2026 6:33:28 PM:916;1780227208916;;
615;268;0.4179641;0.5026881;0.4751714;0.6835635;397.0;0.0984798;True;5/31/2026 6:33:28 PM:977;1780227208977;;
629;277;0.4275212;0.5196169;0.4751313;0.6835468;395.1;0.09864209;True;5/31/2026 6:33:29 PM:38;1780227209038;;
639;279;0.4341325;0.5225073;0.4757059;0.6289489;397.4;0.08656447;True;5/31/2026 6:33:29 PM:104;1780227209104;;
651;284;0.4425311;0.531862;0.4954149;0.6774381;397.0;0.1044261;True;5/31/2026 6:33:29 PM:166;1780227209166;;
659;287;0.4479202;0.5382663;0.4953896;0.6774291;396.6;0.1045356;True;5/31/2026 6:33:29 PM:228;1780227209228;;
656;288;0.4456589;0.5387231;0.423854;0.5436315;394.7;0.1346319;True;5/31/2026 6:33:29 PM:289;1780227209289;;
635;281;0.4317565;0.5264069;0.3686302;0.4486049;392.0;0.1347754;True;5/31/2026 6:33:29 PM:352;1780227209352;;
616;277;0.4187494;0.5183015;0.3522927;0.4464372;389.6;0.134922;True;5/31/2026 6:33:29 PM:413;1780227209413;;
609;277;0.4139579;0.5183416;0.3683909;0.5317349;388.3;0.1245891;True;5/31/2026 6:33:29 PM:477;1780227209477;;
600;277;0.4079995;0.5187144;0.3539393;0.5472001;386.2;0.1255053;True;5/31/2026 6:33:29 PM:538;1780227209538;;
597;277;0.405758;0.5192552;0.3640453;0.5536984;384.2;0.1256454;True;5/31/2026 6:33:29 PM:600;1780227209600;;
606;275;0.4119516;0.5143046;0.4459178;0.4561008;383.7;0.1215906;True;5/31/2026 6:33:29 PM:666;1780227209666;;
612;273;0.415588;0.5112066;0.4458393;0.4561008;383.2;0.1215479;True;5/31/2026 6:33:29 PM:726;1780227209726;;
612;233;0.41599;0.4361591;0.4263727;0.1831958;381.7;0.1249868;True;5/31/2026 6:33:29 PM:787;1780227209787;;
632;190;0.4290794;0.3564425;0.4938248;0.0914491;382.6;0.1090799;True;5/31/2026 6:33:29 PM:848;1780227209848;;
644;169;0.4378613;0.3163466;0.4972034;0.1082491;383.4;0.1091358;True;5/31/2026 6:33:29 PM:907;1780227209907;;
645;157;0.4379632;0.2949175;0.4503372;0.1285881;382.8;0.1072349;True;5/31/2026 6:33:29 PM:968;1780227209968;;
645;146;0.4383536;0.2731909;0.459868;0.09165738;382.2;0.1072335;True;5/31/2026 6:33:30 PM:25;1780227210025;;
648;133;0.4400065;0.2499053;0.4732083;0.06232568;382.6;0.1064153;True;5/31/2026 6:33:30 PM:88;1780227210088;;
628;122;0.4266979;0.2290277;0.3696158;0.03848654;383.6;0.1049081;True;5/31/2026 6:33:30 PM:149;1780227210149;;
616;115;0.4183541;0.215448;0.368509;0.03898291;384.6;0.1049882;True;5/31/2026 6:33:30 PM:208;1780227210208;;
549;117;0.3727893;0.2187197;0.2619962;0.2423988;385.6;0.09379565;True;5/31/2026 6:33:30 PM:273;1780227210273;;
614;168;0.4172069;0.3145311;0.5237562;0.5492511;386.6;0.1015394;True;5/31/2026 6:33:30 PM:341;1780227210341;;
651;195;0.4421461;0.36449;0.5296163;0.5516823;387.5;0.1013247;True;5/31/2026 6:33:30 PM:401;1780227210401;;
585;203;0.3974501;0.3810364;0.2914292;0.4925979;386.1;0.09870613;True;5/31/2026 6:33:30 PM:466;1780227210466;;
411;170;0.2795258;0.3187987;0.1201277;0.09426771;432.3;0.1188262;True;5/31/2026 6:33:30 PM:528;1780227210528;;
332;148;0.2257509;0.2773107;0.1208303;0.07780106;473.9;0.1191334;True;5/31/2026 6:33:30 PM:589;1780227210589;;
270;148;0.183975;0.2770008;0.09228443;0.2580039;483.4;0.0954223;True;5/31/2026 6:33:30 PM:650;1780227210650;;
239;148;0.1623559;0.2767915;0.09228025;0.2580034;491.9;0.0952521;True;5/31/2026 6:33:30 PM:708;1780227210708;;
225;124;0.1531851;0.231866;0.1202124;0.0708603;513.4;0.1533837;False;5/31/2026 6:33:30 PM:846;1780227210846;;
222;116;0.1508335;0.2185354;0.1221664;0.06883381;532.8;0.1616663;False;5/31/2026 6:33:30 PM:905;1780227210905;;
213;121;0.1450716;0.2270153;0.09867651;0.2873507;542.5;0.1398484;False;5/31/2026 6:33:30 PM:968;1780227210968;;
206;134;0.1398993;0.251364;0.09066547;0.3838562;551.2;0.1393963;False;5/31/2026 6:33:31 PM:27;1780227211027;;
206;121;0.1398859;0.2263167;0.1211538;0.0699411;573.3;0.1345768;True;5/31/2026 6:33:31 PM:90;1780227211090;;
205;112;0.1393699;0.2105034;0.1137304;0.07064419;559.6;0.1364286;False;5/31/2026 6:33:31 PM:154;1780227211154;;
204;107;0.1389867;0.2001298;0.1134775;0.07069986;547.2;0.1350644;False;5/31/2026 6:33:31 PM:216;1780227211216;;
560;181;0.3804678;0.3393302;0.5203735;0.5519035;531.1;0.138297;False;5/31/2026 6:33:31 PM:353;1780227211353;;
597;191;0.4054454;0.3575722;0.467202;0.4849328;516.6;0.1311768;True;5/31/2026 6:33:31 PM:411;1780227211411;;
634;204;0.4308406;0.3828;0.4950301;0.5365819;505.6;0.09950311;True;5/31/2026 6:33:31 PM:476;1780227211476;;
634;209;0.4307585;0.3922989;0.3909429;0.5061498;494.6;0.1193953;True;5/31/2026 6:33:31 PM:537;1780227211537;;
633;210;0.4298255;0.3925354;0.3827595;0.4462801;484.7;0.1196096;True;5/31/2026 6:33:31 PM:596;1780227211596;;
633;159;0.4303183;0.298845;0.4345171;0.0440967;476.5;0.1178148;True;5/31/2026 6:33:31 PM:656;1780227211656;;
632;130;0.429685;0.2437626;0.3939283;0.03608694;469.1;0.1178451;True;5/31/2026 6:33:31 PM:714;1780227211714;;
629;110;0.4274911;0.20744;0.3809722;0.03290249;462.5;0.1145025;True;5/31/2026 6:33:31 PM:775;1780227211775;;
627;99;0.4260265;0.1856464;0.3809399;0.03289292;456.5;0.1144955;True;5/31/2026 6:33:31 PM:832;1780227211832;;
626;92;0.4252278;0.1723919;0.408912;0.04407793;452.4;0.112802;True;5/31/2026 6:33:31 PM:896;1780227211896;;
626;91;0.4251303;0.171962;0.3947798;0.1129869;448.3;0.1140296;True;5/31/2026 6:33:31 PM:959;1780227211959;;
626;88;0.4250667;0.1646895;0.3962802;0.04962722;444.6;0.1140178;True;5/31/2026 6:33:32 PM:19;1780227212019;;
626;84;0.4256375;0.1570438;0.4317426;0.03385764;440.0;0.1094435;True;5/31/2026 6:33:32 PM:80;1780227212080;;
627;81;0.4260392;0.1515141;0.4317229;0.03385352;435.9;0.1093821;True;5/31/2026 6:33:32 PM:147;1780227212147;;
628;79;0.4266016;0.1483907;0.4361649;0.03749837;432.8;0.1140489;True;5/31/2026 6:33:32 PM:207;1780227212207;;
627;78;0.4263349;0.1458447;0.4124053;0.03484457;428.6;0.1267966;True;5/31/2026 6:33:32 PM:268;1780227212268;;
628;76;0.426385;0.1434761;0.4282542;0.02982326;424.8;0.126783;True;5/31/2026 6:33:32 PM:328;1780227212328;;
627;76;0.4258243;0.1433689;0.4085421;0.04552568;424.4;0.1137711;True;5/31/2026 6:33:32 PM:392;1780227212392;;
573;75;0.3895752;0.1408873;0.2851214;0.02416337;423.1;0.1141838;True;5/31/2026 6:33:32 PM:455;1780227212455;;
555;75;0.3772291;0.1402016;0.3077435;0.03308455;422.0;0.1141369;True;5/31/2026 6:33:32 PM:513;1780227212513;;
501;74;0.3402008;0.1383422;0.2320674;0.02193581;420.9;0.1112931;True;5/31/2026 6:33:32 PM:577;1780227212577;;
482;73;0.327565;0.1372836;0.2543382;0.02351184;419.9;0.1112831;True;5/31/2026 6:33:32 PM:636;1780227212636;;
485;72;0.3297098;0.1363204;0.3484341;0.04092258;418.2;0.1182867;True;5/31/2026 6:33:32 PM:698;1780227212698;;
489;71;0.3322289;0.1341861;0.3568006;0.1002284;416.2;0.114307;True;5/31/2026 6:33:32 PM:761;1780227212761;;
491;71;0.3338702;0.132739;0.3566579;0.1000071;414.4;0.1142144;True;5/31/2026 6:33:32 PM:819;1780227212819;;
492;75;0.3346001;0.1414422;0.3519168;0.2060393;412.5;0.1162079;True;5/31/2026 6:33:32 PM:882;1780227212882;;
491;75;0.3334808;0.1413329;0.3160271;0.1378301;412.1;0.1164616;True;5/31/2026 6:33:32 PM:946;1780227212946;;
488;74;0.3318682;0.1391329;0.3071646;0.07577752;411.7;0.1163837;True;5/31/2026 6:33:33 PM:3;1780227213003;;
521;115;0.3539191;0.2157782;0.4333133;0.4501164;410.7;0.1122978;True;5/31/2026 6:33:33 PM:65;1780227213065;;
540;138;0.3667749;0.259266;0.4332472;0.4500831;409.9;0.1122843;True;5/31/2026 6:33:33 PM:125;1780227213125;;
531;116;0.3607655;0.2186221;0.3207508;0.03663648;409.5;0.1048508;True;5/31/2026 6:33:33 PM:187;1780227213187;;
618;116;0.4202271;0.2181833;0.5439822;0.1879245;408.8;0.1102101;True;5/31/2026 6:33:33 PM:250;1780227213250;;
664;118;0.450932;0.220648;0.5450114;0.262964;408.0;0.1101623;True;5/31/2026 6:33:33 PM:309;1780227213309;;
691;119;0.4691625;0.2237334;0.5435035;0.2771295;410.0;0.1159018;True;5/31/2026 6:33:33 PM:371;1780227213371;;
707;120;0.48006;0.2258131;0.5435032;0.2771153;411.8;0.1158917;True;5/31/2026 6:33:33 PM:430;1780227213430;;
714;108;0.4851748;0.2019817;0.5333343;0.06462372;414.7;0.1202028;True;5/31/2026 6:33:33 PM:492;1780227213492;;
722;102;0.4907319;0.1919075;0.5445184;0.08929741;416.0;0.1180203;True;5/31/2026 6:33:33 PM:555;1780227213555;;
727;97;0.4935522;0.1826256;0.5398086;0.07277332;417.3;0.1182744;True;5/31/2026 6:33:33 PM:614;1780227213614;;
719;152;0.4883991;0.2842701;0.4588911;0.5391976;423.8;0.08668111;True;5/31/2026 6:33:33 PM:682;1780227213682;;
718;151;0.4877279;0.2840967;0.4778855;0.2523402;425.1;0.1105048;True;5/31/2026 6:33:33 PM:745;1780227213745;;
703;147;0.4779091;0.2753504;0.4238168;0.1673327;426.2;0.1103757;True;5/31/2026 6:33:33 PM:804;1780227213804;;
623;125;0.4229746;0.2348738;0.3016817;0.0260886;423.7;0.1211941;True;5/31/2026 6:33:33 PM:866;1780227213866;;
576;112;0.3910469;0.2095826;0.2952935;0.02493294;421.4;0.121108;True;5/31/2026 6:33:33 PM:925;1780227213925;;
400;119;0.2720937;0.2225443;0.1092989;0.3036896;421.5;0.1057767;True;5/31/2026 6:33:33 PM:987;1780227213987;;
286;156;0.1948395;0.2927366;0.07174906;0.5151145;419.4;0.1178954;True;5/31/2026 6:33:34 PM:49;1780227214049;;
228;186;0.1554307;0.3494416;0.06801841;0.5626682;417.5;0.1178379;True;5/31/2026 6:33:34 PM:108;1780227214108;;
209;186;0.1420174;0.3490667;0.09277728;0.3317847;415.4;0.1235696;True;5/31/2026 6:33:34 PM:172;1780227214172;;
198;185;0.1347995;0.3463381;0.09485595;0.2924062;413.6;0.1235055;True;5/31/2026 6:33:34 PM:230;1780227214230;;
185;190;0.1259842;0.3559202;0.07771754;0.4454587;410.5;0.124284;True;5/31/2026 6:33:34 PM:293;1780227214293;;
178;193;0.1214095;0.3620099;0.08248744;0.4437409;407.5;0.1269291;True;5/31/2026 6:33:34 PM:354;1780227214354;;
175;195;0.1188284;0.3650445;0.08539326;0.4336118;404.8;0.1269061;True;5/31/2026 6:33:34 PM:416;1780227214416;;
176;198;0.1199454;0.370108;0.1351217;0.4593478;407.0;0.1214151;True;5/31/2026 6:33:34 PM:478;1780227214478;;
177;200;0.1205321;0.3750157;0.1331474;0.4714988;409.0;0.1213861;True;5/31/2026 6:33:34 PM:537;1780227214537;;
186;198;0.1268131;0.3712636;0.1721929;0.3320341;406.3;0.1467815;False;5/31/2026 6:33:34 PM:602;1780227214602;;
592;162;0.4019023;0.3041845;0.6227817;0.08026318;402.3;0.1332806;True;5/31/2026 6:33:34 PM:662;1780227214662;;
751;141;0.5105032;0.2640431;0.629721;0.07861745;398.6;0.1331335;True;5/31/2026 6:33:34 PM:722;1780227214722;;
851;126;0.5781838;0.2360281;0.6648139;0.07167634;394.5;0.1467017;False;5/31/2026 6:33:34 PM:784;1780227214784;;
956;119;0.6495423;0.2234083;0.7426205;0.09614043;392.4;0.1293623;True;5/31/2026 6:33:34 PM:847;1780227214847;;
1004;115;0.6819297;0.2151685;0.7425539;0.09613169;390.4;0.1292643;True;5/31/2026 6:33:34 PM:909;1780227214909;;
1000;111;0.6790994;0.2079956;0.663754;0.08676446;390.8;0.1297549;True;5/31/2026 6:33:34 PM:970;1780227214970;;
997;108;0.6773415;0.2031849;0.6636287;0.0867423;391.1;0.1295347;True;5/31/2026 6:33:35 PM:30;1780227215030;;
548;175;0.372459;0.3281406;0.1355816;0.6006761;387.8;0.1405157;False;5/31/2026 6:33:35 PM:92;1780227215092;;
386;234;0.2623272;0.4375969;0.1399313;0.6996387;387.3;0.1406382;False;5/31/2026 6:33:35 PM:155;1780227215155;;
317;265;0.215337;0.4962798;0.1397831;0.6996244;386.8;0.1405183;False;5/31/2026 6:33:35 PM:212;1780227215212;;
233;275;0.1588224;0.515334;0.07218177;0.6346109;386.7;0.139475;False;5/31/2026 6:33:35 PM:275;1780227215275;;
194;282;0.1319935;0.5271295;0.0721665;0.6345351;386.6;0.1393722;False;5/31/2026 6:33:35 PM:333;1780227215333;;
175;304;0.1193615;0.5687657;0.08067879;0.765635;386.6;0.1424777;False;5/31/2026 6:33:35 PM:397;1780227215397;;
162;306;0.1103022;0.5728233;0.07381503;0.6583046;384.8;0.1442858;False;5/31/2026 6:33:35 PM:459;1780227215459;;
154;307;0.1049099;0.5755602;0.07379144;0.65821;383.1;0.1441;False;5/31/2026 6:33:35 PM:520;1780227215520;;
149;306;0.1016775;0.5728331;0.07576645;0.5414252;383.2;0.1360547;False;5/31/2026 6:33:35 PM:582;1780227215582;;
145;306;0.09887708;0.572437;0.07103148;0.5628756;382.9;0.09742186;True;5/31/2026 6:33:35 PM:644;1780227215644;;
143;306;0.09708446;0.5721691;0.07102492;0.562766;382.7;0.09726109;True;5/31/2026 6:33:35 PM:701;1780227215701;;
369;301;0.251097;0.5643263;0.4297037;0.4827281;386.8;0.05400336;True;5/31/2026 6:33:35 PM:762;1780227215762;;
469;299;0.3187758;0.5591119;0.4296138;0.4826771;390.4;0.05399347;True;5/31/2026 6:33:35 PM:820;1780227215820;;
506;252;0.3440413;0.4728101;0.4060151;0.2025792;393.7;0.04767993;True;5/31/2026 6:33:35 PM:883;1780227215883;;
515;248;0.3497033;0.4638535;0.3765732;0.3548943;396.7;0.05581431;True;5/31/2026 6:33:35 PM:944;1780227215944;;
520;244;0.3531757;0.4578565;0.3765242;0.3548131;399.4;0.05581563;True;5/31/2026 6:33:36 PM:4;1780227216004;;
527;244;0.3578025;0.45739;0.3895673;0.446613;401.1;0.0422853;True;5/31/2026 6:33:36 PM:65;1780227216065;;
531;244;0.3606715;0.4570725;0.3892991;0.4464561;402.7;0.042303;True;5/31/2026 6:33:36 PM:124;1780227216124;;
531;238;0.360995;0.4461794;0.3716207;0.3260979;405.9;0.06035291;True;5/31/2026 6:33:36 PM:185;1780227216185;;
575;211;0.3906827;0.3944358;0.4844594;0.1615339;408.4;0.05057615;True;5/31/2026 6:33:36 PM:248;1780227216248;;
600;194;0.407445;0.3634758;0.4843772;0.161396;410.7;0.0505787;True;5/31/2026 6:33:36 PM:307;1780227216307;;
617;194;0.4191663;0.3639186;0.4870405;0.3693908;412.4;0.05426085;True;5/31/2026 6:33:36 PM:369;1780227216369;;
622;194;0.4225886;0.3641463;0.4685289;0.3682124;413.9;0.05426439;True;5/31/2026 6:33:36 PM:429;1780227216429;;
627;199;0.4259613;0.3727783;0.4747335;0.4485484;415.0;0.04818441;True;5/31/2026 6:33:36 PM:490;1780227216490;;
581;198;0.3944778;0.3705054;0.3108274;0.3154112;416.5;0.04993971;True;5/31/2026 6:33:36 PM:551;1780227216551;;
564;187;0.3834845;0.3508174;0.3308617;0.2015099;417.9;0.04993107;True;5/31/2026 6:33:36 PM:611;1780227216611;;
564;188;0.383378;0.3520687;0.3800086;0.3719963;418.4;0.04917547;True;5/31/2026 6:33:36 PM:674;1780227216674;;
573;188;0.3892965;0.3524306;0.436699;0.3627768;418.9;0.04764131;True;5/31/2026 6:33:36 PM:736;1780227216736;;
573;190;0.3896676;0.3563403;0.4091997;0.4120114;419.4;0.0476201;True;5/31/2026 6:33:36 PM:796;1780227216796;;
506;201;0.3440911;0.3763415;0.2417666;0.5083848;420.0;0.0503936;True;5/31/2026 6:33:36 PM:863;1780227216863;;
470;204;0.3191599;0.3828602;0.2365962;0.4768666;420.6;0.05034008;True;5/31/2026 6:33:36 PM:923;1780227216923;;
466;205;0.3164543;0.3837399;0.2876478;0.438682;421.8;0.05039932;True;5/31/2026 6:33:36 PM:987;1780227216987;;
465;208;0.3159088;0.3893622;0.2999423;0.4877904;421.4;0.05395307;True;5/31/2026 6:33:37 PM:47;1780227217047;;
457;210;0.3109251;0.3937128;0.2650298;0.4929762;421.1;0.05389751;True;5/31/2026 6:33:37 PM:104;1780227217104;;
457;211;0.3105742;0.3948164;0.2913002;0.4708613;422.4;0.04905925;True;5/31/2026 6:33:37 PM:172;1780227217172;;
472;211;0.3207007;0.3958098;0.3718893;0.4239281;422.1;0.04790418;True;5/31/2026 6:33:37 PM:234;1780227217234;;
477;212;0.3239053;0.3962914;0.3558278;0.4082963;421.8;0.04790268;True;5/31/2026 6:33:37 PM:296;1780227217296;;
477;216;0.3240623;0.4039537;0.3339737;0.5133765;421.1;0.0489182;True;5/31/2026 6:33:37 PM:357;1780227217357;;
477;216;0.3244947;0.4049802;0.3403018;0.4750355;420.5;0.04879294;True;5/31/2026 6:33:37 PM:416;1780227217416;;
481;217;0.3268625;0.4068483;0.3601316;0.4880207;419.9;0.04863599;True;5/31/2026 6:33:37 PM:477;1780227217477;;
481;196;0.3269242;0.3680235;0.3382665;0.2109119;419.5;0.04989274;True;5/31/2026 6:33:37 PM:539;1780227217539;;
481;184;0.326971;0.3449217;0.3381486;0.2106971;419.1;0.04984365;True;5/31/2026 6:33:37 PM:601;1780227217601;;
486;147;0.33058;0.2757628;0.3721724;0.03932893;436.0;0.3891402;False;5/31/2026 6:33:37 PM:663;1780227217663;;
483;176;0.3279946;0.3294185;0.3042873;0.5419186;432.3;0.05356171;True;5/31/2026 6:33:37 PM:721;1780227217721;;
521;183;0.3540164;0.3438399;0.4459017;0.4626139;430.5;0.05157246;True;5/31/2026 6:33:37 PM:783;1780227217783;;
529;184;0.3597582;0.3454144;0.4106355;0.4001466;427.9;0.05526391;True;5/31/2026 6:33:37 PM:845;1780227217845;;
613;155;0.4166766;0.2908667;0.5509678;0.08443322;444.9;0.3771318;False;5/31/2026 6:33:37 PM:902;1780227217902;;
558;131;0.3788785;0.2450698;0.2799864;0.05196409;441.6;0.0574788;True;5/31/2026 6:33:37 PM:965;1780227217965;;
527;116;0.3583366;0.2180454;0.2799577;0.05190949;438.7;0.05745815;True;5/31/2026 6:33:38 PM:25;1780227218025;;
485;219;0.32929;0.4105973;0.2367716;0.7587551;434.9;0.08287413;True;5/31/2026 6:33:38 PM:89;1780227218089;;
445;268;0.3021813;0.5024539;0.210207;0.7434574;428.7;0.1047571;True;5/31/2026 6:33:38 PM:152;1780227218152;;
451;268;0.306653;0.5017629;0.3415249;0.4457464;445.5;0.3965537;False;5/31/2026 6:33:38 PM:210;1780227218210;;
477;250;0.3244204;0.4674272;0.3976272;0.2703231;461.4;0.3905244;False;5/31/2026 6:33:38 PM:272;1780227218272;;
477;229;0.3244149;0.4289789;0.3240708;0.2128631;475.6;0.3913285;False;5/31/2026 6:33:38 PM:333;1780227218333;;
404;237;0.2744531;0.4445312;0.1615036;0.5331008;464.3;0.1258925;True;5/31/2026 6:33:38 PM:397;1780227218397;;
387;200;0.2628257;0.3740919;0.2045217;0.1159976;473.8;0.3923432;False;5/31/2026 6:33:38 PM:459;1780227218459;;
384;162;0.2610064;0.3032482;0.2329215;0.03079717;482.3;0.3945739;False;5/31/2026 6:33:38 PM:518;1780227218518;;
300;187;0.2041202;0.3512621;0.08065481;0.5260859;471.6;0.134122;True;5/31/2026 6:33:38 PM:582;1780227218582;;
257;203;0.1747547;0.38058;0.0833365;0.5285056;462.1;0.1361657;False;5/31/2026 6:33:38 PM:647;1780227218647;;
236;207;0.1602969;0.3879515;0.08814762;0.4762572;453.6;0.1359322;False;5/31/2026 6:33:38 PM:706;1780227218706;;
220;213;0.1496702;0.3986229;0.08470331;0.5093917;444.8;0.1316789;True;5/31/2026 6:33:38 PM:771;1780227218771;;
210;216;0.1431348;0.4054732;0.08470335;0.5093938;436.9;0.1316824;True;5/31/2026 6:33:38 PM:831;1780227218831;;
202;217;0.1375797;0.407052;0.0799465;0.4801417;430.5;0.1334331;True;5/31/2026 6:33:38 PM:894;1780227218894;;
198;218;0.1345394;0.4081472;0.08305965;0.4802487;423.5;0.1308216;True;5/31/2026 6:33:38 PM:954;1780227218954;;
195;218;0.1324586;0.4089239;0.0830563;0.4802347;417.3;0.1307655;True;5/31/2026 6:33:39 PM:13;1780227219013;;
193;225;0.1310959;0.4207942;0.08420587;0.5612566;414.1;0.1314339;True;5/31/2026 6:33:39 PM:75;1780227219075;;
190;225;0.1292278;0.422031;0.07827216;0.5110384;409.8;0.126671;True;5/31/2026 6:33:39 PM:137;1780227219137;;
188;226;0.1283044;0.422703;0.08078014;0.4904655;406.0;0.1265886;True;5/31/2026 6:33:39 PM:198;1780227219198;;
651;226;0.4422185;0.4230861;0.6541618;0.5026248;402.4;0.1114242;True;5/31/2026 6:33:39 PM:260;1780227219260;;
701;173;0.476146;0.3242939;0.5255287;0.06798432;418.2;0.3726644;False;5/31/2026 6:33:39 PM:318;1780227219318;;
803;182;0.5455331;0.340649;0.6302883;0.4948727;412.1;0.1084595;True;5/31/2026 6:33:39 PM:380;1780227219380;;
827;188;0.5615454;0.3524416;0.5953097;0.5014756;406.2;0.1100412;True;5/31/2026 6:33:39 PM:441;1780227219441;;
839;192;0.5700268;0.360413;0.5951243;0.5014476;401.0;0.1098246;True;5/31/2026 6:33:39 PM:500;1780227219500;;
485;225;0.3293673;0.4209372;0.09458539;0.6946523;402.6;0.06084162;True;5/31/2026 6:33:39 PM:561;1780227219561;;
487;224;0.3310393;0.4201131;0.3668747;0.4117402;416.9;0.3380312;False;5/31/2026 6:33:39 PM:618;1780227219618;;
518;245;0.3522531;0.4589659;0.457642;0.6786663;417.5;0.05409337;True;5/31/2026 6:33:39 PM:681;1780227219681;;
524;259;0.3558483;0.4850025;0.4236226;0.6871885;418.0;0.05409286;True;5/31/2026 6:33:39 PM:739;1780227219739;;
563;259;0.3826473;0.485884;0.4977857;0.4966109;418.7;0.04304443;True;5/31/2026 6:33:39 PM:801;1780227219801;;
579;260;0.3934243;0.4861778;0.4799801;0.4905941;419.5;0.04232015;True;5/31/2026 6:33:39 PM:865;1780227219865;;
591;258;0.401453;0.4838953;0.4845201;0.4548437;420.3;0.04231923;True;5/31/2026 6:33:39 PM:925;1780227219925;;
610;227;0.4143526;0.4250351;0.5086854;0.2189723;421.0;0.04229115;True;5/31/2026 6:33:39 PM:989;1780227219989;;
613;245;0.4163239;0.4587986;0.4404058;0.6346883;422.2;0.05065249;True;5/31/2026 6:33:40 PM:51;1780227220051;;
615;258;0.4175449;0.483212;0.4471978;0.6470199;423.2;0.05064482;True;5/31/2026 6:33:40 PM:112;1780227220112;;
616;262;0.4183086;0.4909151;0.4274542;0.6030371;423.4;0.03803035;True;5/31/2026 6:33:40 PM:176;1780227220176;;
615;265;0.4179499;0.4958482;0.4138968;0.6035698;423.5;0.03802645;True;5/31/2026 6:33:40 PM:235;1780227220235;;
625;264;0.4245468;0.4950718;0.4834706;0.4849226;423.5;0.04676274;True;5/31/2026 6:33:40 PM:296;1780227220296;;
623;264;0.4232441;0.4951737;0.4111811;0.5454457;423.8;0.04107141;True;5/31/2026 6:33:40 PM:359;1780227220359;;
622;264;0.422416;0.4952471;0.4111668;0.5454291;424.1;0.04107045;True;5/31/2026 6:33:40 PM:418;1780227220418;;
605;247;0.4109011;0.4633267;0.3548509;0.3170626;423.2;0.0510615;True;5/31/2026 6:33:40 PM:482;1780227220482;;
534;180;0.3628272;0.3365314;0.2443508;0.02337324;435.6;0.3454469;False;5/31/2026 6:33:40 PM:539;1780227220539;;
355;194;0.2415721;0.3626515;0.08107952;0.5257459;430.0;0.08931316;True;5/31/2026 6:33:40 PM:602;1780227220602;;
278;196;0.1889279;0.3672287;0.08819601;0.4585389;424.4;0.1256339;True;5/31/2026 6:33:40 PM:666;1780227220666;;
242;196;0.164615;0.3679024;0.09343655;0.3950388;419.4;0.1254937;True;5/31/2026 6:33:40 PM:725;1780227220725;;
220;196;0.1493877;0.36807;0.09167621;0.4107518;418.1;0.1322542;True;5/31/2026 6:33:40 PM:788;1780227220788;;
184;202;0.1253373;0.3793259;0.0805508;0.4670753;414.5;0.137178;False;5/31/2026 6:33:41 PM:156;1780227221156;;
181;205;0.123513;0.3848086;0.08648951;0.5010594;411.3;0.1390854;False;5/31/2026 6:33:41 PM:218;1780227221218;;
180;206;0.1228457;0.3861306;0.09207035;0.4129136;406.2;0.1391569;False;5/31/2026 6:33:41 PM:279;1780227221279;;
180;205;0.1227678;0.3836352;0.09687681;0.3544333;401.6;0.1389996;False;5/31/2026 6:33:41 PM:337;1780227221337;;
180;205;0.1224591;0.3840465;0.09378033;0.4041818;398.4;0.1327813;True;5/31/2026 6:33:41 PM:401;1780227221401;;
179;206;0.1221894;0.3854483;0.1173803;0.4434264;396.5;0.1365786;False;5/31/2026 6:33:41 PM:466;1780227221466;;
179;207;0.1221253;0.3870867;0.1014747;0.4529956;394.7;0.1364538;False;5/31/2026 6:33:41 PM:525;1780227221525;;
178;208;0.121078;0.3900765;0.08997211;0.4706663;391.9;0.1304754;True;5/31/2026 6:33:41 PM:591;1780227221591;;
178;206;0.1208737;0.3863427;0.102791;0.3467463;389.2;0.1298388;True;5/31/2026 6:33:41 PM:654;1780227221654;;
178;206;0.1208578;0.3854045;0.1000145;0.3653094;386.8;0.1296941;True;5/31/2026 6:33:41 PM:713;1780227221713;;
482;165;0.3278885;0.3095049;0.5211767;0.06568924;384.8;0.1078998;True;5/31/2026 6:33:41 PM:774;1780227221774;;
651;143;0.4420234;0.2689592;0.5702425;0.07773285;383.0;0.1077855;True;5/31/2026 6:33:41 PM:833;1780227221833;;
717;127;0.4873408;0.2383118;0.5570897;0.0642631;382.0;0.1083192;True;5/31/2026 6:33:41 PM:896;1780227221896;;
729;132;0.4949792;0.2479852;0.5170328;0.3266391;382.4;0.07330018;True;5/31/2026 6:33:41 PM:957;1780227221957;;
737;132;0.5005361;0.2485202;0.5219947;0.2654355;382.7;0.07334647;True;5/31/2026 6:33:42 PM:17;1780227222017;;
995;158;0.6757532;0.2966041;0.8436083;0.4943999;389.8;0.1075154;True;5/31/2026 6:33:42 PM:80;1780227222080;;
1096;179;0.7444633;0.334641;0.8368565;0.5213246;396.2;0.1074317;True;5/31/2026 6:33:42 PM:145;1780227222145;;
1001;143;0.6799477;0.2686026;0.5025248;0.05334952;411.9;0.1161863;True;5/31/2026 6:33:42 PM:209;1780227222209;;
949;125;0.6444079;0.234158;0.503284;0.06482644;471.3;0.1213882;True;5/31/2026 6:33:42 PM:269;1780227222269;;
917;113;0.6231984;0.212988;0.503284;0.06482644;524.7;0.1220344;True;5/31/2026 6:33:42 PM:328;1780227222328;;
897;106;0.6091107;0.1986072;0.5032551;0.06481282;580.4;0.07512704;True;5/31/2026 6:33:42 PM:390;1780227222390;;
882;98;0.5994288;0.1835036;0.5018489;0.03701581;634.8;0.0808746;True;5/31/2026 6:33:42 PM:451;1780227222451;;
873;92;0.5930453;0.1735697;0.5018486;0.03700584;683.8;0.0809117;True;5/31/2026 6:33:42 PM:510;1780227222510;;
867;91;0.5889564;0.1705976;0.503291;0.06481359;741.5;0.08928355;True;5/31/2026 6:33:42 PM:568;1780227222568;;
863;90;0.5860069;0.1684185;0.503291;0.06481359;793.4;0.08949883;True;5/31/2026 6:33:42 PM:629;1780227222629;;
860;89;0.5838461;0.1667967;0.5033166;0.06482445;872.3;0.08971941;True;5/31/2026 6:33:42 PM:693;1780227222693;;
857;88;0.5823705;0.1656806;0.503284;0.06481095;918.7;0.08189481;True;5/31/2026 6:33:42 PM:754;1780227222754;;
856;88;0.5813036;0.1648649;0.503284;0.06481095;960.5;0.08178052;True;5/31/2026 6:33:42 PM:815;1780227222815;;
855;87;0.5805067;0.1642474;0.5032896;0.06480817;999.2;0.1220663;True;5/31/2026 6:33:42 PM:878;1780227222878;;
854;87;0.5799646;0.1638222;0.5032896;0.06480817;1034.1;0.121487;True;5/31/2026 6:33:42 PM:936;1780227222936;;
853;87;0.5795743;0.1635009;0.503372;0.06483212;1059.0;0.1092872;True;5/31/2026 6:33:42 PM:997;1780227222997;;
840;126;0.5709068;0.2357049;0.4708828;0.4429801;1112.2;0.08834403;True;5/31/2026 6:33:43 PM:57;1780227223057;;
834;133;0.5662817;0.2502731;0.4750307;0.3438324;1160.0;0.08840023;True;5/31/2026 6:33:43 PM:116;1780227223116;;
819;178;0.5563267;0.3336496;0.4527493;0.5794992;1180.4;0.05789117;True;5/31/2026 6:33:43 PM:176;1780227223176;;
814;149;0.5531331;0.2802996;0.5032784;0.06478388;1199.9;0.09349816;True;5/31/2026 6:33:43 PM:242;1780227223242;;
811;134;0.5511487;0.2505856;0.5032784;0.06478388;1217.4;0.09342563;True;5/31/2026 6:33:43 PM:298;1780227223298;;
802;144;0.5447396;0.26967;0.4609145;0.3815688;1226.1;0.1530975;False;5/31/2026 6:33:43 PM:360;1780227223360;;
795;150;0.5403865;0.2818528;0.4609046;0.3816543;1233.9;0.1529554;False;5/31/2026 6:33:43 PM:417;1780227223417;;
792;130;0.5379765;0.2445519;0.5034501;0.06484149;1262.1;0.1913695;False;5/31/2026 6:33:43 PM:480;1780227223480;;
782;95;0.5312239;0.1779305;0.5034227;0.06482946;1214.3;0.1276064;True;5/31/2026 6:33:54 PM:442;1780227234442;;
782;95;0.5308992;0.177863;0.5089754;0.06680772;1171.4;0.1254067;True;5/31/2026 6:33:54 PM:501;1780227234501;;
781;94;0.5305427;0.1768326;0.5033751;0.06482738;1124.2;0.1355433;False;5/31/2026 6:33:55 PM:59;1780227235059;;
781;93;0.530296;0.1746389;0.5079678;0.1438594;1081.7;0.1300061;True;5/31/2026 6:33:55 PM:117;1780227235117;;
780;97;0.5296287;0.1829639;0.497205;0.2393848;1045.3;0.1264583;True;5/31/2026 6:33:55 PM:181;1780227235181;;
754;222;0.5120063;0.4152767;0.44755;0.6595099;1018.4;0.172315;False;5/31/2026 6:33:55 PM:363;1780227235363;;
752;255;0.5111093;0.4774192;0.4905281;0.7086293;994.2;0.1641108;False;5/31/2026 6:33:55 PM:422;1780227235422;;
742;255;0.5039315;0.4774261;0.4367254;0.4927156;975.4;0.1434642;False;5/31/2026 6:33:55 PM:483;1780227235483;;
751;279;0.5098975;0.5232735;0.5228164;0.6329949;948.7;0.1253738;True;5/31/2026 6:33:56 PM:562;1780227236562;;
750;275;0.5095672;0.5143259;0.5042319;0.4802668;924.7;0.1271293;True;5/31/2026 6:33:56 PM:779;1780227236779;;
750;275;0.509796;0.5146489;0.5185962;0.5470545;897.0;0.1479157;False;5/31/2026 6:33:56 PM:844;1780227236844;;
751;281;0.5099024;0.5269915;0.5172123;0.6475692;872.1;0.1437463;False;5/31/2026 6:33:56 PM:907;1780227236907;;
660;281;0.4483259;0.5259143;0.3259067;0.5082398;833.1;0.1635897;False;5/31/2026 6:33:56 PM:972;1780227236972;;
615;280;0.4178838;0.5252318;0.3258271;0.5082275;798.0;0.1635539;False;5/31/2026 6:33:57 PM:30;1780227237030;;
480;271;0.3261643;0.5073521;0.179994;0.3849302;767.4;0.1427959;False;5/31/2026 6:33:57 PM:92;1780227237092;;
435;271;0.2956934;0.507378;0.2182646;0.5093576;736.7;0.1495112;False;5/31/2026 6:33:57 PM:163;1780227237163;;
410;271;0.2785184;0.5077339;0.2152122;0.5232982;709.2;0.1497856;False;5/31/2026 6:33:57 PM:230;1780227237230;;
358;271;0.2431685;0.5082672;0.1482763;0.5308799;681.5;0.1663517;False;5/31/2026 6:33:57 PM:298;1780227237298;;
338;267;0.2296691;0.4998281;0.1633269;0.4112475;656.8;0.1547743;False;5/31/2026 6:33:57 PM:358;1780227237358;;
321;261;0.2179264;0.4893799;0.150524;0.3795343;634.6;0.1547444;False;5/31/2026 6:33:57 PM:415;1780227237415;;
327;260;0.2224699;0.4870814;0.255739;0.4212359;618.0;0.1465203;False;5/31/2026 6:33:57 PM:476;1780227237476;;
319;269;0.2170142;0.5036427;0.1715158;0.6110888;599.9;0.1509989;False;5/31/2026 6:33:57 PM:539;1780227237539;;
318;272;0.2159962;0.5100705;0.1895243;0.5860047;583.6;0.1509327;False;5/31/2026 6:33:57 PM:597;1780227237597;;
353;280;0.2400973;0.5250549;0.3167028;0.6451759;571.4;0.1581684;False;5/31/2026 6:33:57 PM:663;1780227237663;;
372;285;0.253197;0.5341239;0.3167374;0.6451114;560.3;0.1581231;False;5/31/2026 6:33:57 PM:722;1780227237722;;
331;282;0.224737;0.5276655;0.1789355;0.5001563;551.7;0.1431043;False;5/31/2026 6:33:58 PM:657;1780227238657;;
330;282;0.2244006;0.5284249;0.2199435;0.5498714;543.9;0.1431915;False;5/31/2026 6:33:58 PM:717;1780227238717;;
343;291;0.2330548;0.5441981;0.2642462;0.6352301;547.7;0.1518835;False;5/31/2026 6:33:58 PM:849;1780227238849;;
380;298;0.2582105;0.5581433;0.3448092;0.6900206;551.2;0.1468243;False;5/31/2026 6:33:58 PM:908;1780227238908;;
345;299;0.2342863;0.5603321;0.1864915;0.6188251;554.5;0.1173459;True;5/31/2026 6:33:59 PM:350;1780227239350;;
345;298;0.2343991;0.5578315;0.2358814;0.52698;557.4;0.1199967;True;5/31/2026 6:33:59 PM:410;1780227239410;;
416;279;0.282542;0.5228233;0.3316224;0.4447004;548.0;0.1783518;False;5/31/2026 6:34:00 PM:744;1780227240744;;
479;293;0.3253547;0.547963;0.4548169;0.6782261;539.6;0.1749129;False;5/31/2026 6:34:00 PM:801;1780227240801;;
439;294;0.2983173;0.5496565;0.2202309;0.5790035;529.2;0.1619493;False;5/31/2026 6:34:00 PM:862;1780227240862;;
417;294;0.2832709;0.5507798;0.2202485;0.5789716;519.9;0.1619461;False;5/31/2026 6:34:00 PM:919;1780227240919;;
405;295;0.2753125;0.5527343;0.2278777;0.5947704;512.3;0.1561829;False;5/31/2026 6:34:00 PM:982;1780227240982;;
442;295;0.3002863;0.55323;0.3866802;0.5798236;508.7;0.1575132;False;5/31/2026 6:34:01 PM:44;1780227241044;;
463;296;0.3149658;0.553579;0.3866756;0.5798265;505.5;0.1575112;False;5/31/2026 6:34:01 PM:102;1780227241102;;
462;294;0.3137966;0.5500098;0.2981577;0.497562;506.3;0.1433545;False;5/31/2026 6:34:01 PM:164;1780227241164;;
457;293;0.3105356;0.5481986;0.2782522;0.5041084;507.0;0.1434577;False;5/31/2026 6:34:01 PM:222;1780227241222;;
532;291;0.3618025;0.5457777;0.44718;0.5021977;513.3;0.1497384;False;5/31/2026 6:34:01 PM:360;1780227241360;;
548;288;0.3725133;0.5400862;0.4386606;0.4501662;519.0;0.1426798;False;5/31/2026 6:34:01 PM:418;1780227241418;;
590;288;0.4008007;0.5384017;0.5009422;0.474211;527.4;0.1302679;True;5/31/2026 6:34:01 PM:479;1780227241479;;
597;287;0.4053641;0.5374181;0.4553889;0.4775834;537.1;0.1239671;True;5/31/2026 6:34:01 PM:540;1780227241540;;
602;287;0.4089208;0.536853;0.458827;0.4792984;545.8;0.1237792;True;5/31/2026 6:34:01 PM:600;1780227241600;;
624;286;0.4240461;0.5362678;0.507462;0.5128745;560.6;0.09187913;True;5/31/2026 6:34:01 PM:663;1780227241663;;
638;286;0.4334024;0.5358649;0.5074495;0.5128739;573.8;0.09185013;True;5/31/2026 6:34:01 PM:722;1780227241722;;
648;213;0.4402536;0.3996406;0.5094261;0.06562945;590.7;0.110045;True;5/31/2026 6:34:01 PM:784;1780227241784;;
657;173;0.4464804;0.3236335;0.5160823;0.06654907;606.0;0.1269012;True;5/31/2026 6:34:01 PM:846;1780227241846;;
663;148;0.4507658;0.2778449;0.5160708;0.06654754;619.8;0.1270689;True;5/31/2026 6:34:01 PM:911;1780227241911;;
670;143;0.4550835;0.2688057;0.5221687;0.1495097;635.8;0.09734979;True;5/31/2026 6:34:01 PM:977;1780227241977;;
655;169;0.445233;0.3174197;0.4102345;0.4808378;669.0;0.1230541;True;5/31/2026 6:34:02 PM:51;1780227242051;;
626;180;0.425088;0.3378154;0.3570925;0.4661133;698.8;0.1236761;True;5/31/2026 6:34:02 PM:111;1780227242111;;
590;182;0.4006239;0.3404909;0.3232003;0.3924951;715.3;0.1208294;True;5/31/2026 6:34:02 PM:173;1780227242173;;
586;183;0.398475;0.3438016;0.3752531;0.4068909;730.2;0.1204371;True;5/31/2026 6:34:02 PM:240;1780227242240;;
541;151;0.3676499;0.282908;0.274276;0.07080244;742.4;0.1100234;True;5/31/2026 6:34:02 PM:303;1780227242303;;
542;142;0.3680882;0.2655086;0.3790553;0.1377084;750.4;0.1715661;False;5/31/2026 6:34:02 PM:363;1780227242363;;
541;139;0.3673431;0.2612728;0.3504732;0.1844316;757.7;0.1710814;False;5/31/2026 6:34:02 PM:424;1780227242424;;
543;134;0.3690528;0.2512619;0.3919005;0.1357433;759.0;0.1174458;True;5/31/2026 6:34:02 PM:485;1780227242485;;
561;127;0.3811525;0.2375415;0.4437463;0.0994788;757.4;0.1478939;False;5/31/2026 6:34:02 PM:549;1780227242549;;
572;122;0.3883646;0.2286313;0.4430733;0.09929099;756.0;0.1462925;False;5/31/2026 6:34:02 PM:611;1780227242611;;
571;155;0.3877709;0.2903926;0.3794322;0.4837533;759.0;0.1591122;False;5/31/2026 6:34:02 PM:675;1780227242675;;
570;174;0.3873667;0.3257831;0.3793298;0.4837329;761.6;0.1588435;False;5/31/2026 6:34:02 PM:737;1780227242737;;
570;143;0.3873693;0.2687145;0.3930841;0.04435042;764.7;0.1506338;False;5/31/2026 6:34:02 PM:799;1780227242799;;
572;144;0.3884211;0.2692951;0.4111049;0.2830965;767.2;0.1556942;False;5/31/2026 6:34:02 PM:859;1780227242859;;
573;144;0.389113;0.2696866;0.4108646;0.2830255;769.4;0.1551196;False;5/31/2026 6:34:02 PM:917;1780227242917;;
573;144;0.3892042;0.2696841;0.3936632;0.2694361;767.8;0.1654546;False;5/31/2026 6:34:02 PM:978;1780227242978;;
569;144;0.3868501;0.2707592;0.3616928;0.3010523;766.4;0.1649305;False;5/31/2026 6:34:03 PM:36;1780227243036;;
583;141;0.3959775;0.2637133;0.4514571;0.1824188;767.4;0.1432486;False;5/31/2026 6:34:03 PM:99;1780227243099;;
632;126;0.4292643;0.2358075;0.5322844;0.06869296;765.3;0.1568971;False;5/31/2026 6:34:03 PM:160;1780227243160;;
660;116;0.4482144;0.2183752;0.5323119;0.0686966;763.4;0.1563634;False;5/31/2026 6:34:03 PM:219;1780227243219;;
673;115;0.4570474;0.2156931;0.520637;0.1294438;760.1;0.1339525;True;5/31/2026 6:34:03 PM:280;1780227243280;;
681;114;0.4627448;0.2138164;0.520533;0.1294136;757.1;0.1338037;True;5/31/2026 6:34:03 PM:339;1780227243339;;
686;114;0.465893;0.213177;0.5159192;0.2005341;754.7;0.1415552;False;5/31/2026 6:34:03 PM:400;1780227243400;;
690;107;0.4684729;0.2012282;0.5183438;0.06734497;742.2;0.1274855;True;5/31/2026 6:34:03 PM:462;1780227243462;;
692;106;0.4701164;0.1990262;0.5176577;0.1091036;731.0;0.1268848;True;5/31/2026 6:34:03 PM:521;1780227243521;;
689;156;0.4681635;0.2932014;0.4545017;0.5325166;722.9;0.1228315;True;5/31/2026 6:34:03 PM:586;1780227243586;;
685;180;0.4651477;0.3382697;0.4415496;0.5187955;707.4;0.1303353;True;5/31/2026 6:34:03 PM:645;1780227243645;;
681;201;0.4628206;0.3767914;0.4398962;0.5513529;693.4;0.13006;True;5/31/2026 6:34:03 PM:708;1780227243708;;
542;205;0.3682889;0.3833308;0.2239299;0.4658537;678.6;0.1320447;True;5/31/2026 6:34:03 PM:772;1780227243772;;
477;207;0.3239545;0.3875265;0.2236722;0.4658875;665.4;0.1319659;True;5/31/2026 6:34:03 PM:833;1780227243833;;
476;219;0.3236417;0.4101582;0.3195469;0.5730549;644.5;0.1494476;False;5/31/2026 6:34:03 PM:895;1780227243895;;
480;238;0.3259418;0.4457612;0.3643025;0.6515674;623.9;0.1589661;False;5/31/2026 6:34:03 PM:955;1780227243955;;
482;250;0.3275178;0.4681994;0.3643819;0.6514342;605.4;0.1590174;False;5/31/2026 6:34:04 PM:14;1780227244014;;
434;251;0.2952147;0.4698371;0.2082739;0.5089334;584.2;0.1587146;False;5/31/2026 6:34:04 PM:75;1780227244075;;
409;251;0.2776823;0.4709226;0.2082518;0.5088604;565.1;0.1586687;False;5/31/2026 6:34:04 PM:132;1780227244132;;
380;252;0.2583018;0.4717344;0.1848279;0.4929895;545.7;0.1670524;False;5/31/2026 6:34:04 PM:195;1780227244195;;
373;251;0.2534123;0.4699614;0.2116598;0.4454914;529.7;0.1635416;False;5/31/2026 6:34:04 PM:258;1780227244258;;
368;251;0.2504815;0.469672;0.2131512;0.4616193;515.2;0.1634264;False;5/31/2026 6:34:04 PM:320;1780227244320;;
350;251;0.2379305;0.4697652;0.1675289;0.4804976;500.4;0.1592842;False;5/31/2026 6:34:04 PM:383;1780227244383;;
350;251;0.2376503;0.4708909;0.2119119;0.5138372;488.1;0.1722134;False;5/31/2026 6:34:04 PM:445;1780227244445;;
347;253;0.2359848;0.4736201;0.1981028;0.5383836;477.1;0.172207;False;5/31/2026 6:34:04 PM:508;1780227244508;;
328;254;0.222679;0.4754516;0.1456023;0.5370362;466.3;0.1672883;False;5/31/2026 6:34:04 PM:573;1780227244573;;
314;254;0.2136181;0.4760495;0.1414041;0.5278423;456.5;0.1672544;False;5/31/2026 6:34:04 PM:632;1780227244632;;
295;255;0.2003611;0.4767489;0.1171081;0.5318307;449.4;0.1599333;False;5/31/2026 6:34:04 PM:694;1780227244694;;
306;254;0.2078747;0.4750734;0.2431055;0.4504579;444.8;0.1655402;False;5/31/2026 6:34:04 PM:755;1780227244755;;
315;254;0.2138673;0.4749992;0.2498113;0.4723359;440.6;0.1656179;False;5/31/2026 6:34:04 PM:815;1780227244815;;
310;240;0.2110897;0.4495691;0.1736896;0.3074313;439.8;0.1255621;True;5/31/2026 6:34:04 PM:879;1780227244879;;
308;232;0.2092792;0.4339515;0.1737786;0.3073309;439.0;0.1256338;True;5/31/2026 6:34:04 PM:938;1780227244938;;
416;233;0.282874;0.4356546;0.4105401;0.4652417;439.7;0.06617671;True;5/31/2026 6:34:05 PM:0;1780227245000;;
444;231;0.3020197;0.4329864;0.3661567;0.3738038;445.5;0.06454401;True;5/31/2026 6:34:05 PM:62;1780227245062;;
453;230;0.3078098;0.4315169;0.3446032;0.3785498;450.6;0.06459686;True;5/31/2026 6:34:05 PM:122;1780227245122;;
479;228;0.3255071;0.4277526;0.3947835;0.3505026;459.4;0.06057471;True;5/31/2026 6:34:05 PM:187;1780227245187;;
545;230;0.3703518;0.4300811;0.4825577;0.4624127;460.3;0.06558798;True;5/31/2026 6:34:05 PM:248;1780227245248;;
582;231;0.3954508;0.4317964;0.4817296;0.4635646;461.1;0.06553409;True;5/31/2026 6:34:05 PM:311;1780227245311;;
616;223;0.4182794;0.4174806;0.502897;0.2987835;461.9;0.06258109;True;5/31/2026 6:34:05 PM:375;1780227245375;;
633;220;0.429947;0.4130754;0.4979502;0.3302717;462.7;0.06252217;True;5/31/2026 6:34:05 PM:436;1780227245436;;
638;226;0.4333333;0.4235301;0.4778823;0.5046521;464.2;0.06465769;True;5/31/2026 6:34:05 PM:500;1780227245500;;
639;226;0.434192;0.4237468;0.4673951;0.4333118;467.6;0.07186408;True;5/31/2026 6:34:05 PM:561;1780227245561;;
639;226;0.4344144;0.4237334;0.4632576;0.4205847;470.7;0.0718818;True;5/31/2026 6:34:05 PM:621;1780227245621;;
642;232;0.4362628;0.4340464;0.4778605;0.5297558;472.4;0.07204367;True;5/31/2026 6:34:05 PM:684;1780227245684;;
645;232;0.4381045;0.4340891;0.4818689;0.4515855;472.9;0.07711136;True;5/31/2026 6:34:05 PM:747;1780227245747;;
646;232;0.4389066;0.4345087;0.4784811;0.4650142;473.4;0.07710715;True;5/31/2026 6:34:05 PM:805;1780227245805;;
646;233;0.4391896;0.4359406;0.4754082;0.4847416;471.5;0.06962232;True;5/31/2026 6:34:05 PM:867;1780227245867;;
647;233;0.4393888;0.4369162;0.4754155;0.4847187;469.9;0.06959798;True;5/31/2026 6:34:05 PM:925;1780227245925;;
652;233;0.4430272;0.4370368;0.4984596;0.4644555;468.4;0.07441241;True;5/31/2026 6:34:05 PM:990;1780227245990;;
652;233;0.4432789;0.4370959;0.4782702;0.465564;470.7;0.08274493;True;5/31/2026 6:34:06 PM:49;1780227246049;;
653;234;0.4435779;0.4375159;0.4767495;0.4779664;472.8;0.08271189;True;5/31/2026 6:34:06 PM:108;1780227246108;;
656;231;0.4454173;0.4334528;0.4937204;0.383873;471.3;0.07364127;True;5/31/2026 6:34:06 PM:171;1780227246171;;
656;231;0.4455866;0.433466;0.4849476;0.4447119;469.9;0.07361411;True;5/31/2026 6:34:06 PM:229;1780227246229;;
656;230;0.4456714;0.4315746;0.4844693;0.3934459;469.1;0.06668331;True;5/31/2026 6:34:06 PM:292;1780227246292;;
656;230;0.4460199;0.4315746;0.4870491;0.4315364;472.8;0.06478172;True;5/31/2026 6:34:06 PM:355;1780227246355;;
657;231;0.4461509;0.4318687;0.4835719;0.4493863;476.1;0.06477119;True;5/31/2026 6:34:06 PM:413;1780227246413;;
658;231;0.4469816;0.4318774;0.4915342;0.4371775;476.3;0.08593835;True;5/31/2026 6:34:06 PM:475;1780227246475;;
659;231;0.4474189;0.4320203;0.4904097;0.4466158;476.4;0.0859345;True;5/31/2026 6:34:06 PM:534;1780227246534;;
654;229;0.4442323;0.4298616;0.4251487;0.3872279;477.6;0.0932648;True;5/31/2026 6:34:06 PM:598;1780227246598;;
633;230;0.4301864;0.4299067;0.373336;0.4344138;480.1;0.07643697;True;5/31/2026 6:34:06 PM:659;1780227246659;;
624;230;0.424015;0.4301313;0.3831613;0.4440916;482.3;0.07642262;True;5/31/2026 6:34:06 PM:718;1780227246718;;
624;230;0.4240153;0.4302168;0.4240563;0.4403127;480.7;0.08408606;True;5/31/2026 6:34:06 PM:779;1780227246779;;
618;229;0.4200485;0.4293269;0.3837138;0.4009522;477.5;0.06417025;True;5/31/2026 6:34:06 PM:841;1780227246841;;
614;229;0.4174246;0.4287039;0.3836725;0.4009093;474.7;0.06414441;True;5/31/2026 6:34:06 PM:901;1780227246901;;
601;227;0.4083422;0.4257735;0.3478575;0.3662445;474.3;0.06793497;True;5/31/2026 6:34:06 PM:963;1780227246963;;
592;226;0.4024691;0.4237422;0.3478736;0.3662585;474.0;0.06793733;True;5/31/2026 6:34:07 PM:24;1780227247024;;
603;227;0.4100002;0.4250087;0.4497531;0.4487166;472.7;0.08650046;True;5/31/2026 6:34:07 PM:87;1780227247087;;
619;226;0.4203408;0.4226722;0.4734868;0.3658039;469.2;0.08585379;True;5/31/2026 6:34:07 PM:149;1780227247149;;
628;226;0.4265397;0.4225087;0.4710979;0.4088976;466.1;0.08581516;True;5/31/2026 6:34:07 PM:214;1780227247214;;
638;227;0.4335884;0.4251081;0.4856576;0.4661803;465.7;0.09975488;True;5/31/2026 6:34:07 PM:278;1780227247278;;
644;228;0.437205;0.427815;0.479131;0.4746239;465.4;0.09962247;True;5/31/2026 6:34:07 PM:348;1780227247348;;
646;227;0.4387648;0.4259303;0.4748567;0.3861452;466.6;0.09166534;True;5/31/2026 6:34:07 PM:410;1780227247410;;
650;228;0.4415726;0.4263079;0.4857975;0.4436238;466.1;0.09170069;True;5/31/2026 6:34:07 PM:478;1780227247478;;
652;228;0.4430135;0.4266591;0.4831897;0.4466067;466.2;0.09746292;True;5/31/2026 6:34:07 PM:541;1780227247541;;
654;228;0.4440772;0.4269231;0.4831901;0.4466065;466.4;0.09746172;True;5/31/2026 6:34:07 PM:609;1780227247609;;
655;221;0.4450566;0.4132128;0.4857583;0.3031243;464.5;0.08417121;True;5/31/2026 6:34:07 PM:669;1780227247669;;
656;216;0.4457088;0.4044584;0.4855993;0.3030304;462.7;0.0841377;True;5/31/2026 6:34:07 PM:726;1780227247726;;
587;209;0.3988653;0.3919181;0.2991807;0.267875;460.4;0.05903503;True;5/31/2026 6:34:07 PM:787;1780227247787;;
575;199;0.3906088;0.3723706;0.3506193;0.2143508;461.4;0.06659829;True;5/31/2026 6:34:07 PM:849;1780227247849;;
552;194;0.375039;0.3631586;0.3099002;0.2304856;462.3;0.06655798;True;5/31/2026 6:34:07 PM:906;1780227247906;;
576;181;0.3912056;0.3393838;0.4662276;0.151672;462.1;0.05577101;True;5/31/2026 6:34:07 PM:967;1780227247967;;
587;172;0.3987169;0.3216506;0.4572391;0.1408845;461.9;0.05575907;True;5/31/2026 6:34:08 PM:24;1780227248024;;
589;171;0.4000198;0.3197951;0.4339325;0.2492391;462.0;0.05150503;True;5/31/2026 6:34:08 PM:84;1780227248084;;
604;170;0.4107018;0.3181186;0.4822321;0.2601509;463.7;0.05777644;True;5/31/2026 6:34:08 PM:145;1780227248145;;
610;169;0.4144809;0.3167155;0.4677751;0.2720928;465.3;0.05783743;True;5/31/2026 6:34:08 PM:203;1780227248203;;
612;185;0.416058;0.3474275;0.4605475;0.4855578;467.0;0.06049851;True;5/31/2026 6:34:08 PM:263;1780227248263;;
614;196;0.4171365;0.3663607;0.4603551;0.4854675;468.5;0.06050602;True;5/31/2026 6:34:08 PM:323;1780227248323;;
458;235;0.3110201;0.440303;0.1690607;0.6811126;467.0;0.06813528;True;5/31/2026 6:34:08 PM:386;1780227248386;;
452;235;0.3074998;0.4400652;0.2906971;0.4288001;468.3;0.06594529;True;5/31/2026 6:34:08 PM:447;1780227248447;;
447;236;0.3037505;0.4415177;0.2822274;0.4825452;469.6;0.06599341;True;5/31/2026 6:34:08 PM:507;1780227248507;;
493;219;0.3347049;0.4094347;0.4417196;0.2473118;473.6;0.06235785;True;5/31/2026 6:34:08 PM:571;1780227248571;;
506;205;0.3436479;0.3842146;0.413361;0.2241732;477.3;0.06242947;True;5/31/2026 6:34:08 PM:630;1780227248630;;
564;191;0.3830045;0.3571844;0.5032594;0.1836287;477.6;0.06945685;True;5/31/2026 6:34:08 PM:691;1780227248691;;
521;197;0.3537233;0.3687829;0.2719672;0.4523362;479.3;0.06533054;True;5/31/2026 6:34:08 PM:752;1780227248752;;
496;201;0.3373399;0.3761527;0.2717865;0.452329;480.8;0.06536554;True;5/31/2026 6:34:08 PM:810;1780227248810;;
497;217;0.337983;0.4061551;0.357869;0.5662376;485.0;0.06357881;True;5/31/2026 6:34:08 PM:874;1780227248874;;
498;226;0.3384096;0.4240754;0.3578946;0.5662498;488.7;0.06357401;True;5/31/2026 6:34:08 PM:934;1780227248934;;
449;243;0.3051749;0.4545146;0.2118338;0.6419389;487.5;0.06787714;True;5/31/2026 6:34:08 PM:995;1780227248995;;
421;244;0.2860468;0.4578319;0.2121563;0.5521771;486.0;0.06136049;True;5/31/2026 6:34:09 PM:55;1780227249055;;
404;246;0.2747065;0.4600962;0.2120163;0.5521632;484.6;0.06136551;True;5/31/2026 6:34:09 PM:113;1780227249113;;
407;246;0.2763702;0.4604099;0.2966744;0.5278481;480.0;0.07354816;True;5/31/2026 6:34:09 PM:177;1780227249177;;
460;219;0.3125572;0.4107011;0.4114278;0.2368606;478.8;0.0650756;True;5/31/2026 6:34:09 PM:242;1780227249242;;
476;209;0.3237;0.3917903;0.3851462;0.2736081;477.6;0.06510708;True;5/31/2026 6:34:09 PM:302;1780227249302;;
533;239;0.3624321;0.4468119;0.4690666;0.6614771;474.0;0.07410237;True;5/31/2026 6:34:09 PM:366;1780227249366;;
543;254;0.3686807;0.4750207;0.4206876;0.6507051;470.7;0.07411916;True;5/31/2026 6:34:09 PM:426;1780227249426;;
522;259;0.3544246;0.484376;0.2945962;0.6043147;470.4;0.07587821;True;5/31/2026 6:34:09 PM:487;1780227249487;;
532;259;0.3614258;0.4852276;0.4129769;0.5176002;468.4;0.07012045;True;5/31/2026 6:34:09 PM:548;1780227249548;;
535;259;0.3634777;0.4857676;0.398368;0.5027186;466.6;0.07021748;True;5/31/2026 6:34:09 PM:607;1780227249607;;
502;277;0.3413261;0.5187982;0.2677763;0.7085208;465.3;0.05988805;True;5/31/2026 6:34:09 PM:671;1780227249671;;
484;288;0.3289843;0.5385495;0.2676575;0.7085204;464.1;0.05991136;True;5/31/2026 6:34:09 PM:730;1780227249730;;
474;304;0.3221205;0.5695288;0.2732474;0.7739007;461.9;0.0688348;True;5/31/2026 6:34:09 PM:792;1780227249792;;
543;298;0.3692629;0.5584584;0.4769275;0.4905121;463.1;0.06900982;True;5/31/2026 6:34:09 PM:856;1780227249856;;
568;292;0.3862301;0.5459054;0.4553872;0.4575831;464.2;0.06914285;True;5/31/2026 6:34:09 PM:916;1780227249916;;
593;290;0.4027261;0.5437219;0.4744848;0.5065882;462.6;0.0639706;True;5/31/2026 6:34:09 PM:978;1780227249978;;
608;290;0.4128596;0.5422105;0.4743279;0.50655;461.0;0.06399587;True;5/31/2026 6:34:10 PM:38;1780227250038;;
619;280;0.4208769;0.523544;0.4793412;0.3924391;462.5;0.0693363;True;5/31/2026 6:34:10 PM:103;1780227250103;;
624;293;0.4242391;0.5481587;0.4709064;0.6873158;461.7;0.0653729;True;5/31/2026 6:34:10 PM:164;1780227250164;;
628;301;0.4265264;0.5637293;0.4709485;0.6873058;460.9;0.06542413;True;5/31/2026 6:34:10 PM:222;1780227250222;;
628;309;0.4266464;0.578353;0.4283502;0.7086583;460.6;0.07070264;True;5/31/2026 6:34:10 PM:283;1780227250283;;
586;309;0.3984693;0.5789818;0.3159271;0.6322377;459.8;0.07261747;True;5/31/2026 6:34:10 PM:344;1780227250344;;
563;309;0.3825721;0.57942;0.3158576;0.6322047;459.1;0.07257795;True;5/31/2026 6:34:10 PM:402;1780227250402;;
448;315;0.3046368;0.5895225;0.1668335;0.7128229;457.6;0.07619293;True;5/31/2026 6:34:10 PM:463;1780227250463;;
399;317;0.2710712;0.594351;0.1775106;0.700923;456.3;0.07605197;True;5/31/2026 6:34:10 PM:521;1780227250521;;
398;319;0.2705141;0.5978165;0.2617175;0.6994616;455.8;0.08256476;True;5/31/2026 6:34:10 PM:581;1780227250581;;
416;319;0.282706;0.5972079;0.3497209;0.5895088;454.4;0.08767207;True;5/31/2026 6:34:10 PM:643;1780227250643;;
417;314;0.2837468;0.588265;0.312886;0.5161652;453.1;0.08759953;True;5/31/2026 6:34:10 PM:703;1780227250703;;
415;314;0.2822235;0.5871183;0.2661023;0.5628691;452.4;0.08910893;True;5/31/2026 6:34:10 PM:765;1780227250765;;
414;313;0.2812127;0.5863287;0.2660594;0.5627488;451.8;0.08901049;True;5/31/2026 6:34:10 PM:823;1780227250823;;
377;317;0.2561704;0.5940763;0.1726292;0.6812544;449.4;0.08727524;True;5/31/2026 6:34:10 PM:887;1780227250887;;
345;352;0.2342575;0.6584123;0.1518763;0.8976275;448.3;0.09404846;True;5/31/2026 6:34:10 PM:949;1780227250949;;
322;371;0.2190621;0.694097;0.1431089;0.894692;447.2;0.09390405;True;5/31/2026 6:34:11 PM:7;1780227251007;;
307;380;0.2085782;0.7110441;0.142342;0.8645437;443.5;0.09127069;True;5/31/2026 6:34:11 PM:70;1780227251070;;
297;386;0.2022429;0.7215908;0.1423346;0.8645425;440.1;0.0912627;True;5/31/2026 6:34:11 PM:127;1780227251127;;
296;386;0.2013028;0.7231098;0.1648189;0.757569;440.5;0.07136039;True;5/31/2026 6:34:11 PM:189;1780227251189;;
296;386;0.2012492;0.7225508;0.1711272;0.7146909;441.4;0.08048837;True;5/31/2026 6:34:11 PM:252;1780227251252;;
294;384;0.2000116;0.7189978;0.1591754;0.6758937;442.1;0.08033594;True;5/31/2026 6:34:11 PM:309;1780227251309;;
289;389;0.1966017;0.7274617;0.1435364;0.8311904;442.3;0.07543336;True;5/31/2026 6:34:11 PM:370;1780227251370;;
286;392;0.194331;0.7330284;0.14353;0.8311887;442.4;0.0754282;True;5/31/2026 6:34:11 PM:429;1780227251429;;
263;392;0.1791108;0.7336637;0.09094793;0.7958061;443.3;0.09043173;True;5/31/2026 6:34:11 PM:491;1780227251491;;
262;403;0.1784236;0.7538686;0.1704026;0.9173712;443.3;0.07958101;True;5/31/2026 6:34:11 PM:554;1780227251554;;
261;405;0.1778674;0.7575198;0.1585233;0.8627856;443.4;0.07950215;True;5/31/2026 6:34:11 PM:614;1780227251614;;
260;406;0.1768596;0.7588839;0.1400233;0.8042753;444.6;0.07478852;True;5/31/2026 6:34:11 PM:677;1780227251677;;
259;406;0.1764863;0.7590032;0.1536149;0.7609628;445.7;0.07472345;True;5/31/2026 6:34:11 PM:737;1780227251737;;
338;406;0.2296706;0.7593292;0.3370847;0.767594;445.8;0.07305656;True;5/31/2026 6:34:11 PM:800;1780227251800;;
491;396;0.3337204;0.740796;0.4810593;0.6243385;448.2;0.07108334;True;5/31/2026 6:34:11 PM:860;1780227251860;;
563;389;0.3828669;0.7289141;0.4807296;0.6242433;450.3;0.07112725;True;5/31/2026 6:34:11 PM:919;1780227251919;;
541;382;0.3676571;0.7147357;0.2711808;0.591667;454.9;0.06846657;True;5/31/2026 6:34:11 PM:979;1780227251979;;
527;377;0.3579378;0.7054384;0.2711054;0.5916457;459.1;0.06847275;True;5/31/2026 6:34:12 PM:37;1780227252037;;
532;377;0.3617949;0.7052603;0.3811636;0.6615372;460.4;0.06710952;True;5/31/2026 6:34:12 PM:99;1780227252099;;
530;377;0.3604379;0.7048377;0.3141821;0.6720833;463.0;0.07817804;True;5/31/2026 6:34:12 PM:160;1780227252160;;
530;376;0.3603225;0.7045953;0.3212723;0.6969495;465.4;0.07818852;True;5/31/2026 6:34:12 PM:219;1780227252219;;
531;376;0.3606279;0.7030857;0.3634446;0.6448122;467.0;0.06727153;True;5/31/2026 6:34:12 PM:281;1780227252281;;
458;376;0.3112924;0.7038909;0.1832008;0.7194535;469.6;0.06130123;True;5/31/2026 6:34:12 PM:343;1780227252343;;
416;376;0.2829731;0.7044619;0.1830563;0.7194479;471.9;0.06128474;True;5/31/2026 6:34:12 PM:404;1780227252404;;
431;376;0.2931461;0.7030095;0.3415609;0.6575222;470.2;0.07090494;True;5/31/2026 6:34:12 PM:467;1780227252467;;
442;375;0.3003139;0.7014387;0.3458647;0.6491728;468.6;0.07091033;True;5/31/2026 6:34:12 PM:528;1780227252528;;
442;375;0.300512;0.7012393;0.3094353;0.6889385;465.6;0.07229947;True;5/31/2026 6:34:12 PM:591;1780227252591;;
460;367;0.3125815;0.6866419;0.3769342;0.5564626;468.8;0.06883185;True;5/31/2026 6:34:12 PM:651;1780227252651;;
460;364;0.3125861;0.6816965;0.3237293;0.5863224;471.6;0.06880917;True;5/31/2026 6:34:12 PM:709;1780227252709;;
504;360;0.3424557;0.6732567;0.4396514;0.5548677;472.4;0.06520748;True;5/31/2026 6:34:12 PM:773;1780227252773;;
528;357;0.3590005;0.6678512;0.4395718;0.5548018;473.2;0.06520684;True;5/31/2026 6:34:12 PM:831;1780227252831;;
525;354;0.3566991;0.6627475;0.3363777;0.5476314;473.3;0.07089131;True;5/31/2026 6:34:12 PM:895;1780227252895;;
575;348;0.3910073;0.6505174;0.4934093;0.4974994;472.5;0.0702111;True;5/31/2026 6:34:12 PM:959;1780227252959;;
604;343;0.4103956;0.6424292;0.4934424;0.4974604;471.9;0.07022829;True;5/31/2026 6:34:13 PM:20;1780227253020;;
600;346;0.4078599;0.648245;0.3852323;0.6894096;469.0;0.0699411;True;5/31/2026 6:34:13 PM:83;1780227253083;;
530;349;0.3598268;0.6536298;0.2471294;0.702375;469.1;0.06343997;True;5/31/2026 6:34:13 PM:142;1780227253142;;
489;351;0.33253;0.6573518;0.2469687;0.7023777;469.3;0.06341639;True;5/31/2026 6:34:13 PM:203;1780227253203;;
475;351;0.3229899;0.6568272;0.2692492;0.623475;467.7;0.07607058;True;5/31/2026 6:34:13 PM:268;1780227253268;;
467;351;0.3173631;0.6564825;0.2690884;0.6234232;466.3;0.07602942;True;5/31/2026 6:34:13 PM:325;1780227253325;;
501;351;0.3404195;0.6567498;0.4175342;0.6650518;464.4;0.07182463;True;5/31/2026 6:34:13 PM:389;1780227253389;;
502;351;0.341245;0.6562849;0.3565702;0.6257191;465.1;0.07289411;True;5/31/2026 6:34:13 PM:450;1780227253450;;
503;350;0.3417622;0.6559733;0.3563782;0.6256332;465.8;0.07285707;True;5/31/2026 6:34:13 PM:508;1780227253508;;
449;348;0.3054352;0.6520212;0.2063116;0.5781434;463.6;0.07376652;True;5/31/2026 6:34:13 PM:572;1780227253572;;
420;347;0.2856268;0.6494197;0.2062384;0.5781291;461.6;0.07374909;True;5/31/2026 6:34:13 PM:630;1780227253630;;
435;345;0.2959425;0.646556;0.3510523;0.5688038;462.8;0.06795453;True;5/31/2026 6:34:13 PM:693;1780227253693;;
441;345;0.299713;0.6461614;0.3377692;0.6067387;461.1;0.07482785;True;5/31/2026 6:34:13 PM:754;1780227253754;;
445;345;0.3022685;0.645873;0.337749;0.6067297;459.7;0.07482684;True;5/31/2026 6:34:13 PM:816;1780227253816;;
474;345;0.3220526;0.6464421;0.4072561;0.6571887;458.0;0.06763323;True;5/31/2026 6:34:13 PM:878;1780227253878;;
474;348;0.3221182;0.6515595;0.3233253;0.7078696;459.6;0.06929389;True;5/31/2026 6:34:13 PM:945;1780227253945;;
474;350;0.3221545;0.6547592;0.3231455;0.7077478;461.1;0.06920454;True;5/31/2026 6:34:14 PM:6;1780227254006;;
462;352;0.3138017;0.658671;0.2661169;0.7243621;459.7;0.06899036;True;5/31/2026 6:34:14 PM:69;1780227254069;;
454;353;0.3085286;0.6613122;0.2658901;0.7243451;458.5;0.0689114;True;5/31/2026 6:34:14 PM:129;1780227254129;;
463;355;0.314975;0.6648359;0.3581088;0.7404673;456.0;0.07102155;True;5/31/2026 6:34:14 PM:193;1780227254193;;
464;360;0.3156458;0.67298;0.3324939;0.7838577;454.4;0.06607973;True;5/31/2026 6:34:14 PM:253;1780227254253;;
466;367;0.3166354;0.6861183;0.3389511;0.8283594;453.0;0.06590321;True;5/31/2026 6:34:14 PM:313;1780227254313;;
446;372;0.3029338;0.6959642;0.2421734;0.8297707;450.5;0.06396751;True;5/31/2026 6:34:14 PM:378;1780227254378;;
411;375;0.2792131;0.7027761;0.1925951;0.8333418;448.2;0.06382948;True;5/31/2026 6:34:14 PM:437;1780227254437;;
415;376;0.2821666;0.703696;0.3111711;0.7165298;447.1;0.06917717;True;5/31/2026 6:34:14 PM:499;1780227254499;;
422;377;0.2866446;0.7047238;0.3265577;0.7366335;447.3;0.06859683;True;5/31/2026 6:34:14 PM:560;1780227254560;;
426;377;0.2896141;0.7054442;0.3265941;0.7366498;447.4;0.0686135;True;5/31/2026 6:34:14 PM:621;1780227254621;;
418;377;0.2839348;0.7059123;0.2457153;0.7208389;447.2;0.06937285;True;5/31/2026 6:34:14 PM:681;1780227254681;;
401;372;0.2728706;0.6961328;0.2140463;0.614966;448.0;0.06438226;True;5/31/2026 6:34:14 PM:742;1780227254742;;
391;368;0.265829;0.6896749;0.2138399;0.6149784;448.8;0.06429078;True;5/31/2026 6:34:14 PM:800;1780227254800;;
309;368;0.2103192;0.6881422;0.08399623;0.6458198;447.2;0.07603687;True;5/31/2026 6:34:14 PM:863;1780227254863;;
264;366;0.1798528;0.6848214;0.08088619;0.6180236;445.7;0.07585346;True;5/31/2026 6:34:14 PM:920;1780227254920;;
241;366;0.1640287;0.6851485;0.09129807;0.6943994;443.5;0.1125925;True;5/31/2026 6:34:14 PM:986;1780227254986;;
241;334;0.1636606;0.6256424;0.1423633;0.3940458;441.9;0.1216055;True;5/31/2026 6:34:15 PM:46;1780227255046;;
230;316;0.1567484;0.5917795;0.09977374;0.4013303;440.4;0.1214824;True;5/31/2026 6:34:15 PM:108;1780227255108;;
222;310;0.1512959;0.5797938;0.09639415;0.4461722;438.0;0.128722;True;5/31/2026 6:34:15 PM:171;1780227255171;;
218;302;0.1483796;0.5650399;0.09987223;0.4103634;435.9;0.1285749;True;5/31/2026 6:34:15 PM:231;1780227255231;;
216;273;0.1469491;0.5104963;0.104492;0.2609627;433.5;0.1327336;True;5/31/2026 6:34:15 PM:296;1780227255296;;
216;222;0.1468501;0.4164976;0.1142606;0.1110813;434.0;0.1407066;False;5/31/2026 6:34:15 PM:362;1780227255362;;
216;187;0.1466672;0.3501672;0.1157281;0.07346522;434.4;0.1405907;False;5/31/2026 6:34:15 PM:425;1780227255425;;
215;164;0.1464905;0.306733;0.1161973;0.07021815;432.3;0.1392096;False;5/31/2026 6:34:15 PM:490;1780227255490;;
214;163;0.1458239;0.3051029;0.1082396;0.2844798;430.7;0.149448;False;5/31/2026 6:34:15 PM:553;1780227255553;;
214;156;0.1455643;0.2924104;0.1162791;0.1371297;429.3;0.1493273;False;5/31/2026 6:34:15 PM:612;1780227255612;;
214;142;0.1454515;0.2660057;0.1127027;0.06764048;427.0;0.1401796;False;5/31/2026 6:34:15 PM:679;1780227255679;;
214;133;0.1453745;0.2500785;0.1127027;0.06764045;425.0;0.1401791;False;5/31/2026 6:34:15 PM:739;1780227255739;;
213;127;0.1448501;0.2386825;0.1223265;0.06554186;423.2;0.1495554;False;5/31/2026 6:34:15 PM:798;1780227255798;;
383;148;0.2600315;0.2770512;0.4121197;0.4155337;422.2;0.1469248;False;5/31/2026 6:34:15 PM:860;1780227255860;;
454;147;0.3088914;0.2762055;0.4037471;0.2611561;421.4;0.1468165;False;5/31/2026 6:34:15 PM:918;1780227255918;;
570;179;0.3874046;0.3360374;0.5081723;0.5371981;422.1;0.1607998;False;5/31/2026 6:34:15 PM:978;1780227255978;;
607;182;0.4127246;0.3415786;0.4788723;0.4038245;422.7;0.1606102;False;5/31/2026 6:34:16 PM:36;1780227256036;;
577;193;0.3920153;0.361686;0.2883996;0.4924307;422.0;0.1497867;False;5/31/2026 6:34:16 PM:99;1780227256099;;
541;202;0.3673341;0.3789823;0.2569965;0.5131013;425.0;0.1431899;False;5/31/2026 6:34:16 PM:161;1780227256161;;
519;208;0.3524144;0.3900517;0.2569363;0.5130489;427.7;0.1430951;False;5/31/2026 6:34:16 PM:220;1780227256220;;
367;208;0.2493083;0.3904441;0.07268841;0.4483978;425.5;0.1255465;True;5/31/2026 6:34:16 PM:280;1780227256280;;
290;212;0.1972238;0.396884;0.07438856;0.5060956;423.1;0.1225567;True;5/31/2026 6:34:16 PM:341;1780227256341;;
247;214;0.1680529;0.4014221;0.07439068;0.506056;421.0;0.1225429;True;5/31/2026 6:34:16 PM:404;1780227256404;;
234;187;0.1590568;0.3503011;0.1009866;0.1726979;418.7;0.1285927;True;5/31/2026 6:34:16 PM:467;1780227256467;;
222;183;0.1507384;0.3428375;0.08961558;0.2728725;416.6;0.1284943;True;5/31/2026 6:34:16 PM:527;1780227256527;;
224;207;0.1523361;0.3884773;0.1676551;0.5908188;417.1;0.1300438;True;5/31/2026 6:34:16 PM:591;1780227256591;;
227;212;0.1543313;0.3980713;0.1753214;0.5111645;419.8;0.1197899;True;5/31/2026 6:34:16 PM:656;1780227256656;;
228;215;0.1551083;0.4029841;0.1700505;0.5017798;422.2;0.1197176;True;5/31/2026 6:34:16 PM:716;1780227256716;;
251;220;0.1708027;0.4126742;0.2409779;0.541934;423.2;0.1162189;True;5/31/2026 6:34:16 PM:778;1780227256778;;
281;221;0.1911732;0.413387;0.2767649;0.4948727;424.1;0.1161775;True;5/31/2026 6:34:16 PM:835;1780227256835;;
374;221;0.2543206;0.4145089;0.3831842;0.4359337;427.6;0.09943724;True;5/31/2026 6:34:16 PM:903;1780227256903;;
455;222;0.3094892;0.4161833;0.4308924;0.4944624;435.1;0.06881883;True;5/31/2026 6:34:16 PM:965;1780227256965;;
507;228;0.3447889;0.4266975;0.4450402;0.5621043;441.9;0.06876149;True;5/31/2026 6:34:17 PM:26;1780227257026;;
538;232;0.3655731;0.4337556;0.4453624;0.5603959;440.3;0.07822077;True;5/31/2026 6:34:17 PM:88;1780227257088;;
561;231;0.3809665;0.4333317;0.4539254;0.4283757;443.8;0.09820329;True;5/31/2026 6:34:17 PM:151;1780227257151;;
586;232;0.3984452;0.4338929;0.4803379;0.4471619;447.0;0.09816978;True;5/31/2026 6:34:17 PM:210;1780227257210;;
544;246;0.3695558;0.4603122;0.2884508;0.6338227;448.4;0.1290067;True;5/31/2026 6:34:17 PM:277;1780227257277;;
522;254;0.3545021;0.4757158;0.2884408;0.6338028;449.7;0.1289952;True;5/31/2026 6:34:17 PM:335;1780227257335;;
492;257;0.3344752;0.4815356;0.2571895;0.6039832;449.2;0.126085;True;5/31/2026 6:34:17 PM:398;1780227257398;;
490;264;0.3329059;0.4944052;0.3058048;0.6539688;449.4;0.1305169;True;5/31/2026 6:34:17 PM:459;1780227257459;;
488;269;0.3318396;0.5029769;0.3057722;0.6539242;449.6;0.1304819;True;5/31/2026 6:34:17 PM:518;1780227257518;;
457;268;0.3106882;0.5014931;0.2245632;0.4886809;450.3;0.1077575;True;5/31/2026 6:34:17 PM:582;1780227257582;;
447;267;0.3040923;0.5005837;0.2452654;0.4887352;451.0;0.1077079;True;5/31/2026 6:34:17 PM:639;1780227257639;;
334;272;0.2271983;0.5085667;0.07924135;0.6245067;454.0;0.05675581;True;5/31/2026 6:34:17 PM:702;1780227257702;;
276;278;0.1876127;0.5200166;0.07931565;0.6602944;456.5;0.09578452;True;5/31/2026 6:34:17 PM:762;1780227257762;;
241;279;0.164154;0.5230482;0.07554256;0.6284536;458.8;0.09559946;True;5/31/2026 6:34:17 PM:819;1780227257819;;
246;280;0.1670105;0.5240499;0.1944661;0.5402531;459.3;0.09283821;True;5/31/2026 6:34:17 PM:881;1780227257881;;
277;280;0.1884903;0.5241463;0.2697228;0.5879689;465.5;0.09990872;True;5/31/2026 6:34:17 PM:942;1780227257942;;
293;280;0.1989223;0.5249026;0.2604923;0.5691034;471.0;0.09986287;True;5/31/2026 6:34:18 PM:3;1780227258003;;
294;281;0.1996706;0.5254943;0.2239711;0.568583;474.9;0.09924247;True;5/31/2026 6:34:18 PM:69;1780227258069;;
294;281;0.2001497;0.5258808;0.2239552;0.5685806;478.3;0.09923365;True;5/31/2026 6:34:18 PM:128;1780227258128;;
380;281;0.2584525;0.5264387;0.3884362;0.5850955;477.8;0.09111036;True;5/31/2026 6:34:18 PM:192;1780227258192;;
467;281;0.3173485;0.5270604;0.4431591;0.5573817;477.1;0.09023949;True;5/31/2026 6:34:18 PM:255;1780227258255;;
529;282;0.3593951;0.5275398;0.4673889;0.5500327;476.4;0.09023856;True;5/31/2026 6:34:18 PM:317;1780227258317;;
562;282;0.3818202;0.5271214;0.4623211;0.5182617;474.8;0.09069056;True;5/31/2026 6:34:18 PM:383;1780227258383;;
580;281;0.3943844;0.5263478;0.4628682;0.5073792;473.4;0.09066451;True;5/31/2026 6:34:18 PM:441;1780227258441;;
591;282;0.4014711;0.5271121;0.4567364;0.5621325;473.4;0.09196605;True;5/31/2026 6:34:18 PM:506;1780227258506;;
446;295;0.302947;0.5514899;0.1623109;0.7068298;470.6;0.08887839;True;5/31/2026 6:34:18 PM:571;1780227258571;;
380;302;0.2585461;0.5660287;0.1622297;0.7068052;468.2;0.08884941;True;5/31/2026 6:34:18 PM:629;1780227258629;;
329;304;0.2233818;0.5693306;0.1388753;0.6610458;468.4;0.09912881;True;5/31/2026 6:34:18 PM:693;1780227258693;;
306;304;0.2079509;0.5695255;0.1506059;0.6313815;467.0;0.09415053;True;5/31/2026 6:34:18 PM:756;1780227258756;;
303;304;0.2059583;0.5700294;0.1852365;0.6234915;465.7;0.09399474;True;5/31/2026 6:34:18 PM:815;1780227258815;;
285;305;0.1936038;0.570165;0.1340251;0.6326113;466.8;0.09820772;True;5/31/2026 6:34:18 PM:878;1780227258878;;
286;305;0.194266;0.5702521;0.208705;0.6323848;467.7;0.09811398;True;5/31/2026 6:34:18 PM:937;1780227258937;;
423;306;0.287368;0.572624;0.4340423;0.6594304;468.4;0.08749995;True;5/31/2026 6:34:19 PM:2;1780227259002;;
435;304;0.2955727;0.5694059;0.3386325;0.5360413;471.5;0.08810484;True;5/31/2026 6:34:19 PM:63;1780227259063;;
453;302;0.3077073;0.5658908;0.366317;0.5227863;474.3;0.0880589;True;5/31/2026 6:34:19 PM:122;1780227259122;;
435;300;0.295667;0.5612305;0.2342714;0.503951;474.4;0.08374909;True;5/31/2026 6:34:19 PM:187;1780227259187;;
433;298;0.2943877;0.5583745;0.2673718;0.5050048;474.6;0.08373511;True;5/31/2026 6:34:19 PM:248;1780227259248;;
440;287;0.29883;0.5367996;0.3321939;0.390425;476.1;0.09743354;True;5/31/2026 6:34:19 PM:310;1780227259310;;
385;303;0.2618338;0.5664949;0.1579901;0.7150307;471.6;0.1127115;True;5/31/2026 6:34:19 PM:372;1780227259372;;
355;312;0.2413315;0.5845186;0.1579928;0.7150324;467.5;0.1127141;True;5/31/2026 6:34:19 PM:429;1780227259429;;
323;312;0.2193042;0.5840786;0.1315864;0.5700396;465.1;0.09746152;True;5/31/2026 6:34:19 PM:490;1780227259490;;
438;265;0.2975432;0.4958183;0.4277959;0.2396675;469.2;0.08518209;True;5/31/2026 6:34:19 PM:555;1780227259555;;
493;239;0.3352246;0.447437;0.427895;0.2398088;472.9;0.08524276;True;5/31/2026 6:34:19 PM:615;1780227259615;;
553;221;0.3757043;0.4139601;0.4733584;0.2289238;473.3;0.09875759;True;5/31/2026 6:34:19 PM:676;1780227259676;;
564;210;0.3834165;0.3929321;0.4274518;0.2275534;473.7;0.09860592;True;5/31/2026 6:34:19 PM:733;1780227259733;;
565;209;0.3835911;0.3924037;0.3887019;0.342286;472.4;0.09965775;True;5/31/2026 6:34:19 PM:795;1780227259795;;
596;209;0.4052607;0.3921916;0.4850219;0.3381722;470.8;0.09895083;True;5/31/2026 6:34:19 PM:856;1780227259856;;
615;209;0.4181657;0.3920421;0.4849493;0.3380317;469.2;0.09886666;True;5/31/2026 6:34:19 PM:914;1780227259914;;
650;194;0.4416935;0.3643958;0.5307996;0.1787124;467.9;0.0949259;True;5/31/2026 6:34:19 PM:977;1780227259977;;
671;185;0.4556822;0.3467495;0.5307962;0.1787446;466.7;0.09494495;True;5/31/2026 6:34:20 PM:37;1780227260037;;
671;206;0.4557087;0.3859625;0.4561755;0.536513;465.5;0.09583139;True;5/31/2026 6:34:20 PM:99;1780227260099;;
684;202;0.4646085;0.3789341;0.5263255;0.2707499;466.5;0.07823421;True;5/31/2026 6:34:20 PM:162;1780227260162;;
692;200;0.4700997;0.3743435;0.5263519;0.2705167;467.4;0.07812772;True;5/31/2026 6:34:20 PM:222;1780227260222;;
630;201;0.4282713;0.3774954;0.3323908;0.4092483;467.2;0.07866155;True;5/31/2026 6:34:20 PM:284;1780227260284;;
577;294;0.3917576;0.5511161;0.2990122;0.8858269;464.5;0.1228101;True;5/31/2026 6:34:20 PM:347;1780227260347;;
569;355;0.3865522;0.6640816;0.3505487;0.9400004;462.1;0.1225483;True;5/31/2026 6:34:20 PM:406;1780227260406;;
560;350;0.380534;0.6555209;0.3383825;0.5362972;458.5;0.1381249;False;5/31/2026 6:34:20 PM:468;1780227260468;;
560;350;0.3804938;0.6550623;0.3746555;0.5833482;455.3;0.1380519;False;5/31/2026 6:34:20 PM:528;1780227260528;;
565;364;0.3841618;0.6818542;0.4176701;0.8080745;454.1;0.1450323;False;5/31/2026 6:34:20 PM:591;1780227260591;;
570;368;0.3873497;0.6896344;0.4223886;0.7620249;452.6;0.1555096;False;5/31/2026 6:34:20 PM:655;1780227260655;;
585;368;0.3976205;0.6897072;0.4617867;0.6957918;451.3;0.1554031;False;5/31/2026 6:34:20 PM:715;1780227260715;;
596;364;0.4046255;0.6818574;0.4616345;0.5940194;450.6;0.1558371;False;5/31/2026 6:34:20 PM:779;1780227260779;;
599;363;0.4071253;0.6790382;0.4512189;0.6131729;449.9;0.1558894;False;5/31/2026 6:34:20 PM:837;1780227260837;;
623;362;0.4235019;0.6775968;0.5085449;0.6209321;448.0;0.151661;False;5/31/2026 6:34:20 PM:899;1780227260899;;
649;247;0.4409599;0.4632186;0.530183;0.06839479;443.3;0.130511;True;5/31/2026 6:34:20 PM:962;1780227260962;;
654;188;0.4444742;0.3518176;0.5009641;0.06176005;439.0;0.1305057;True;5/31/2026 6:34:21 PM:22;1780227261022;;
655;178;0.4449298;0.3336578;0.4781504;0.2100544;436.3;0.1452884;False;5/31/2026 6:34:21 PM:85;1780227261085;;
661;150;0.4493575;0.2804774;0.5093455;0.06561493;435.1;0.1339276;True;5/31/2026 6:34:21 PM:149;1780227261149;;
664;133;0.4513151;0.248926;0.5039831;0.06492014;434.0;0.1339253;True;5/31/2026 6:34:21 PM:210;1780227261210;;
669;122;0.4547609;0.2286869;0.5152151;0.06640773;431.8;0.1440726;False;5/31/2026 6:34:21 PM:274;1780227261274;;
673;115;0.4573233;0.2154897;0.5162976;0.06655137;429.9;0.144023;False;5/31/2026 6:34:21 PM:337;1780227261337;;
675;110;0.458294;0.2058754;0.49422;0.06248625;426.1;0.1436147;False;5/31/2026 6:34:21 PM:399;1780227261399;;
627;104;0.4258678;0.1947025;0.3455982;0.03793618;425.1;0.1216331;True;5/31/2026 6:34:21 PM:459;1780227261459;;
582;103;0.3955539;0.1936072;0.3128864;0.1054282;424.2;0.1214765;True;5/31/2026 6:34:21 PM:520;1780227261520;;
463;99;0.3146414;0.1855441;0.1827329;0.03831475;424.5;0.08209419;True;5/31/2026 6:34:21 PM:583;1780227261583;;
388;97;0.2637834;0.1820498;0.1596129;0.05110444;424.9;0.08202226;True;5/31/2026 6:34:21 PM:642;1780227261642;;
352;97;0.239282;0.1814061;0.1675631;0.07808889;432.5;0.07051597;True;5/31/2026 6:34:21 PM:703;1780227261703;;
482;115;0.327428;0.2159638;0.4836503;0.3504839;442.5;0.05878682;True;5/31/2026 6:34:21 PM:765;1780227261765;;
520;148;0.3532063;0.2776005;0.4421178;0.484854;451.5;0.0587523;True;5/31/2026 6:34:21 PM:822;1780227261822;;
486;147;0.3305462;0.2765278;0.2771105;0.2278501;460.2;0.06342764;True;5/31/2026 6:34:22 PM:49;1780227262049;;
593;132;0.4027839;0.2475797;0.5262517;0.06787786;465.3;0.06761477;True;5/31/2026 6:34:22 PM:114;1780227262114;;
567;134;0.3851238;0.2505348;0.2947061;0.2831775;470.0;0.07404698;True;5/31/2026 6:34:22 PM:173;1780227262173;;
550;135;0.373895;0.2525471;0.2946869;0.2831643;474.1;0.07404859;True;5/31/2026 6:34:22 PM:232;1780227262232;;
482;135;0.3273498;0.2538372;0.201643;0.2798288;476.8;0.07649074;True;5/31/2026 6:34:22 PM:299;1780227262299;;
393;131;0.2671143;0.245788;0.1288024;0.1534417;479.3;0.08862978;True;5/31/2026 6:34:22 PM:362;1780227262362;;
346;122;0.2355697;0.2290243;0.1300786;0.08878852;481.4;0.08870528;True;5/31/2026 6:34:22 PM:420;1780227262420;;
340;116;0.2309874;0.2174952;0.1823199;0.09173762;481.3;0.08924843;True;5/31/2026 6:34:22 PM:487;1780227262487;;
456;106;0.3102004;0.1998857;0.4370808;0.04305831;479.5;0.07894639;True;5/31/2026 6:34:22 PM:553;1780227262553;;
532;102;0.3615885;0.1916811;0.467876;0.05677703;477.8;0.07898599;True;5/31/2026 6:34:22 PM:611;1780227262611;;
554;98;0.3764912;0.1845855;0.4305241;0.05072231;479.8;0.07322986;True;5/31/2026 6:34:22 PM:675;1780227262675;;
556;95;0.3775996;0.1788686;0.3903799;0.04388173;481.6;0.07314599;True;5/31/2026 6:34:22 PM:734;1780227262734;;
568;94;0.3856972;0.1762204;0.432171;0.05476515;475.2;0.1143565;True;5/31/2026 6:34:22 PM:797;1780227262797;;
555;95;0.3768781;0.1779687;0.3221723;0.1931041;469.2;0.1251141;True;5/31/2026 6:34:22 PM:858;1780227262858;;
555;119;0.3768256;0.2238853;0.3693271;0.3955619;463.9;0.1249564;True;5/31/2026 6:34:22 PM:919;1780227262919;;
615;119;0.4176553;0.2235816;0.519814;0.2120695;458.4;0.1306903;True;5/31/2026 6:34:22 PM:982;1780227262982;;
566;122;0.3846216;0.2280878;0.2849558;0.2810205;454.8;0.1382421;False;5/31/2026 6:34:23 PM:45;1780227263045;;
566;120;0.3849064;0.2255158;0.3916186;0.1684751;451.5;0.1380886;False;5/31/2026 6:34:23 PM:103;1780227263103;;
589;134;0.4004561;0.25218;0.4681773;0.3984668;447.7;0.1452565;False;5/31/2026 6:34:23 PM:166;1780227263166;;
602;152;0.4089218;0.2845451;0.4654187;0.4629487;444.3;0.1452224;False;5/31/2026 6:34:23 PM:222;1780227263222;;
616;165;0.4186204;0.3092033;0.4797488;0.4703282;442.2;0.1459885;False;5/31/2026 6:34:23 PM:287;1780227263287;;
611;165;0.41514;0.3092439;0.3881956;0.3582346;439.0;0.1335362;True;5/31/2026 6:34:23 PM:350;1780227263350;;
605;160;0.4110898;0.2993806;0.3767338;0.2208487;436.0;0.1334426;True;5/31/2026 6:34:23 PM:409;1780227263409;;
583;147;0.3961855;0.276166;0.3268485;0.1389377;432.7;0.1335596;True;5/31/2026 6:34:23 PM:470;1780227263470;;
570;139;0.3869834;0.2614501;0.3266869;0.1387745;429.6;0.133503;True;5/31/2026 6:34:23 PM:529;1780227263529;;
562;154;0.3821464;0.2889967;0.3336853;0.4329085;440.0;0.06796452;True;5/31/2026 6:34:23 PM:593;1780227263593;;
571;148;0.3876818;0.2782215;0.4222734;0.1776871;449.8;0.06358407;True;5/31/2026 6:34:23 PM:654;1780227263654;;
568;161;0.3856193;0.302411;0.352675;0.4457711;458.6;0.06363582;True;5/31/2026 6:34:23 PM:713;1780227263713;;
529;169;0.3594875;0.3175292;0.2648423;0.4401622;465.1;0.06143226;True;5/31/2026 6:34:23 PM:775;1780227263775;;
523;170;0.3553141;0.3177794;0.307032;0.3537417;471.0;0.0614435;True;5/31/2026 6:34:23 PM:835;1780227263835;;
453;136;0.3080348;0.2554888;0.1858119;0.04340782;466.7;0.09156676;True;5/31/2026 6:34:23 PM:898;1780227263898;;
453;136;0.3078317;0.2554139;0.2968176;0.2492189;460.2;0.1319388;True;5/31/2026 6:34:23 PM:963;1780227263963;;
453;141;0.3076938;0.264834;0.3024582;0.3633257;454.3;0.1319017;True;5/31/2026 6:34:24 PM:21;1780227264021;;
529;151;0.3593185;0.2826357;0.4712596;0.4211849;449.4;0.1371484;False;5/31/2026 6:34:24 PM:84;1780227264084;;
379;151;0.2574906;0.2837373;0.09949784;0.3432285;449.3;0.1015789;True;5/31/2026 6:34:24 PM:147;1780227264147;;
314;151;0.2132061;0.2830144;0.1070151;0.2697126;449.3;0.1015056;True;5/31/2026 6:34:24 PM:206;1780227264206;;
369;144;0.2510084;0.2697001;0.3617738;0.170758;458.6;0.05705901;True;5/31/2026 6:34:24 PM:267;1780227264267;;
382;144;0.2595527;0.2703018;0.3221382;0.2977643;466.9;0.05702748;True;5/31/2026 6:34:24 PM:325;1780227264325;;
473;123;0.3213974;0.2309471;0.4534829;0.05461815;467.7;0.0865823;True;5/31/2026 6:34:24 PM:391;1780227264391;;
505;129;0.3429652;0.24156;0.4279853;0.3335989;477.5;0.06687205;True;5/31/2026 6:34:24 PM:454;1780227264454;;
520;153;0.3532703;0.2859999;0.4204517;0.4884886;486.3;0.06679918;True;5/31/2026 6:34:24 PM:513;1780227264513;;
581;178;0.3946706;0.33329;0.5126261;0.5485255;483.5;0.09784835;True;5/31/2026 6:34:24 PM:575;1780227264575;;
616;193;0.4182284;0.3624238;0.5125126;0.54848;481.0;0.09777805;True;5/31/2026 6:34:24 PM:635;1780227264635;;
600;147;0.4078058;0.2756154;0.3587932;0.03747165;478.1;0.07409631;True;5/31/2026 6:34:24 PM:695;1780227264695;;
579;166;0.3932802;0.310925;0.3299198;0.5068482;471.8;0.1013574;True;5/31/2026 6:34:24 PM:759;1780227264759;;
562;183;0.3815474;0.3439217;0.3199544;0.544254;466.0;0.1013454;True;5/31/2026 6:34:24 PM:821;1780227264821;;
597;182;0.4055378;0.3408017;0.4857878;0.3108015;466.8;0.06467685;True;5/31/2026 6:34:24 PM:884;1780227264884;;
610;187;0.4146187;0.3505892;0.4697483;0.4739452;467.6;0.06446518;True;5/31/2026 6:34:24 PM:943;1780227264943;;
402;196;0.2730038;0.3664528;0.1037987;0.5197663;463.8;0.1163051;True;5/31/2026 6:34:25 PM:7;1780227265007;;
347;200;0.2357272;0.3756788;0.1542038;0.5136187;458.9;0.1241906;True;5/31/2026 6:34:25 PM:67;1780227265067;;
306;211;0.2079477;0.3944157;0.1354826;0.5728887;454.4;0.1241016;True;5/31/2026 6:34:25 PM:130;1780227265130;;
493;177;0.3349414;0.3316133;0.5133575;0.1430844;452.8;0.1192175;True;5/31/2026 6:34:25 PM:193;1780227265193;;
486;200;0.3304014;0.3749158;0.2829591;0.5950211;453.2;0.1121666;True;5/31/2026 6:34:25 PM:258;1780227265258;;
483;213;0.3281398;0.3990943;0.2868735;0.5888225;453.6;0.1120723;True;5/31/2026 6:34:25 PM:319;1780227265319;;
482;198;0.3277423;0.3707268;0.3111369;0.2482833;454.6;0.1110159;True;5/31/2026 6:34:25 PM:383;1780227265383;;
528;199;0.3591118;0.3732123;0.4432117;0.4530303;457.7;0.1112279;True;5/31/2026 6:34:25 PM:447;1780227265447;;
543;204;0.3687804;0.3816026;0.4204837;0.5056498;460.4;0.1113042;True;5/31/2026 6:34:25 PM:505;1780227265505;;
544;164;0.3698933;0.3067654;0.3881497;0.0900948;473.2;0.09973419;True;5/31/2026 6:34:25 PM:569;1780227265569;;
545;141;0.3706307;0.2650351;0.3881301;0.09008731;484.6;0.09973639;True;5/31/2026 6:34:25 PM:630;1780227265630;;
596;123;0.4047292;0.2308501;0.5052662;0.06346412;500.1;0.1049863;True;5/31/2026 6:34:25 PM:692;1780227265692;;
635;112;0.431573;0.2106135;0.5240322;0.06759621;522.3;0.1168862;True;5/31/2026 6:34:25 PM:754;1780227265754;;
658;105;0.4470047;0.1978976;0.5240696;0.06760121;542.2;0.1164953;True;5/31/2026 6:34:25 PM:814;1780227265814;;
666;107;0.452288;0.2000465;0.5044593;0.2276346;580.2;0.1508254;False;5/31/2026 6:34:25 PM:875;1780227265875;;
666;139;0.4527092;0.2615996;0.4820168;0.4745751;599.0;0.1297987;True;5/31/2026 6:34:25 PM:938;1780227265938;;
667;158;0.4532796;0.2955655;0.4852274;0.470565;615.9;0.1291038;True;5/31/2026 6:34:25 PM:996;1780227265996;;
643;148;0.4369509;0.2766667;0.3755526;0.1504663;630.6;0.121639;True;5/31/2026 6:34:26 PM:55;1780227266055;;
626;144;0.4251355;0.2698673;0.3678232;0.1818866;643.8;0.1209226;True;5/31/2026 6:34:26 PM:114;1780227266114;;
575;121;0.3909772;0.2263338;0.2964254;0.02570672;655.1;0.1197818;True;5/31/2026 6:34:26 PM:180;1780227266180;;
628;113;0.4265317;0.2112967;0.5274798;0.06807555;665.4;0.1105137;True;5/31/2026 6:34:26 PM:241;1780227266241;;
659;107;0.4476588;0.2015811;0.530779;0.06851331;674.6;0.1093736;True;5/31/2026 6:34:26 PM:299;1780227266299;;
690;179;0.4689344;0.3360854;0.51289;0.4667464;693.7;0.1173116;True;5/31/2026 6:34:27 PM:669;1780227267669;;
692;196;0.4697987;0.3671402;0.485316;0.5846234;710.8;0.1097854;True;5/31/2026 6:34:27 PM:730;1780227267730;;
576;175;0.3914109;0.3275991;0.2639891;0.1833536;712.3;0.1473533;False;5/31/2026 6:34:27 PM:792;1780227267792;;
588;196;0.3997154;0.3679649;0.4769126;0.5899699;709.8;0.1126093;True;5/31/2026 6:34:27 PM:852;1780227267852;;
596;210;0.4050915;0.3929013;0.4768744;0.5898767;707.5;0.1132187;True;5/31/2026 6:34:27 PM:909;1780227267909;;
661;217;0.4493009;0.4071008;0.5834802;0.5750171;705.1;0.1195117;True;5/31/2026 6:34:27 PM:969;1780227267969;;
696;223;0.4726859;0.4171285;0.579147;0.5783943;703.0;0.1195062;True;5/31/2026 6:34:28 PM:27;1780227268027;;
697;274;0.4736021;0.5122005;0.5006337;0.8356122;697.2;0.1107985;True;5/31/2026 6:34:28 PM:89;1780227268089;;
698;287;0.4743544;0.5377023;0.4972953;0.7449283;692.1;0.1295135;True;5/31/2026 6:34:28 PM:151;1780227268151;;
699;296;0.4748699;0.5540925;0.4972827;0.7449089;687.5;0.1296847;True;5/31/2026 6:34:28 PM:211;1780227268211;;
683;285;0.4642784;0.5340249;0.4169142;0.4423523;684.3;0.1357976;False;5/31/2026 6:34:28 PM:272;1780227268272;;
674;279;0.4578047;0.5216779;0.4170121;0.4423347;681.5;0.1360166;False;5/31/2026 6:34:28 PM:331;1780227268331;;
674;279;0.4578213;0.5219798;0.4606083;0.5573293;672.2;0.1248858;True;5/31/2026 6:34:28 PM:398;1780227268398;;
684;292;0.4644311;0.5462732;0.510572;0.7054669;662.6;0.1381536;False;5/31/2026 6:34:28 PM:472;1780227268472;;
682;297;0.4634221;0.5560954;0.4514624;0.6771095;653.9;0.1359094;False;5/31/2026 6:34:28 PM:558;1780227268558;;
566;286;0.3846259;0.5350698;0.3336879;0.5061455;650.0;0.1283222;True;5/31/2026 6:35:16 PM:988;1780227316988;;
653;307;0.4435231;0.5756121;0.5109969;0.6952382;646.7;0.1324742;True;5/31/2026 6:35:17 PM:170;1780227317170;;
510;303;0.3465231;0.566931;0.2718364;0.5304129;614.5;0.1802344;False;5/31/2026 6:35:18 PM:473;1780227318473;;
508;303;0.3448823;0.5667424;0.2794319;0.5542322;585.4;0.1779207;False;5/31/2026 6:35:18 PM:535;1780227318535;;
517;302;0.3514715;0.566178;0.3777905;0.5284548;557.5;0.1814493;False;5/31/2026 6:35:18 PM:601;1780227318601;;
546;303;0.3711407;0.5670266;0.4316955;0.585236;532.3;0.1756114;False;5/31/2026 6:35:18 PM:669;1780227318669;;
561;303;0.3812243;0.5671864;0.4297284;0.5748012;509.6;0.1757631;False;5/31/2026 6:35:18 PM:728;1780227318728;;
561;303;0.3811958;0.5667652;0.3800825;0.5417835;489.7;0.1762687;False;5/31/2026 6:35:18 PM:794;1780227318794;;
502;302;0.3413337;0.5658569;0.2352907;0.5291399;471.8;0.1835657;False;5/31/2026 6:35:18 PM:860;1780227318860;;
470;302;0.3191664;0.5652254;0.2352869;0.5291407;455.7;0.1835549;False;5/31/2026 6:35:18 PM:926;1780227318926;;
466;302;0.3169728;0.5655293;0.2813754;0.5748169;441.9;0.1890678;False;5/31/2026 6:35:18 PM:990;1780227318990;;
455;302;0.309149;0.5650852;0.2515862;0.5367857;429.8;0.1749758;False;5/31/2026 6:35:19 PM:63;1780227319063;;
450;302;0.3056261;0.5649875;0.258061;0.5428441;418.9;0.173161;False;5/31/2026 6:35:19 PM:139;1780227319139;;
314;296;0.2131827;0.5550109;0.08939218;0.4676258;410.0;0.1928339;False;5/31/2026 6:35:19 PM:260;1780227319260;;
273;296;0.1856238;0.5547329;0.08598904;0.5198365;402.0;0.1867199;False;5/31/2026 6:35:19 PM:320;1780227319320;;
249;296;0.1694035;0.5541725;0.08846472;0.5028446;393.7;0.1776532;False;5/31/2026 6:35:19 PM:384;1780227319384;;
242;296;0.1649133;0.5540582;0.1114069;0.5132601;385.2;0.1777622;False;5/31/2026 6:35:19 PM:447;1780227319447;;
238;296;0.1619244;0.5539734;0.1114728;0.5132537;377.7;0.1779323;False;5/31/2026 6:35:19 PM:509;1780227319509;;
228;296;0.1549267;0.5537511;0.08809546;0.5073781;372.2;0.1711352;False;5/31/2026 6:35:19 PM:573;1780227319573;;
221;296;0.1503837;0.5535924;0.08809775;0.5073845;367.2;0.1712257;False;5/31/2026 6:35:19 PM:634;1780227319634;;
219;295;0.1493333;0.5531999;0.1246646;0.5395657;361.8;0.1909118;False;5/31/2026 6:35:19 PM:696;1780227319696;;
221;295;0.1502489;0.5530026;0.1580644;0.5253505;356.9;0.1830567;False;5/31/2026 6:35:19 PM:759;1780227319759;;
221;295;0.1503081;0.5529433;0.1512256;0.5187243;352.5;0.1836962;False;5/31/2026 6:35:19 PM:818;1780227319818;;
213;295;0.1449597;0.5518063;0.09393435;0.4984512;349.7;0.1802721;False;5/31/2026 6:35:19 PM:883;1780227319883;;
209;294;0.141994;0.5513466;0.09688717;0.5039836;347.3;0.1809343;False;5/31/2026 6:35:19 PM:948;1780227319948;;
203;294;0.1382882;0.5507984;0.08890133;0.5009325;343.7;0.1793884;False;5/31/2026 6:35:20 PM:21;1780227320021;;
203;294;0.1379464;0.5505364;0.1107078;0.50261;341.2;0.1899102;False;5/31/2026 6:35:20 PM:88;1780227320088;;
197;292;0.1337829;0.5474597;0.08869331;0.4805823;338.1;0.1822901;False;5/31/2026 6:35:20 PM:263;1780227320263;;
196;292;0.1331568;0.5467879;0.09190708;0.5230204;335.3;0.1788222;False;5/31/2026 6:35:20 PM:323;1780227320323;;
194;292;0.1323306;0.5470281;0.1096022;0.5518731;333.7;0.1767354;False;5/31/2026 6:35:20 PM:387;1780227320387;;
194;292;0.1317701;0.5471888;0.1096478;0.5518672;332.3;0.1768463;False;5/31/2026 6:35:20 PM:449;1780227320449;;
193;295;0.1314587;0.5520903;0.1046432;0.5908267;330.4;0.1872979;False;5/31/2026 6:35:20 PM:663;1780227320663;;
195;297;0.1329579;0.5552322;0.146819;0.617825;328.8;0.181733;False;5/31/2026 6:35:20 PM:721;1780227320721;;
610;285;0.4147053;0.5345175;0.4969247;0.4762354;324.7;0.2120095;False;5/31/2026 6:35:24 PM:889;1780227324889;;
704;287;0.4781097;0.5371733;0.5834653;0.5536275;321.2;0.2229823;False;5/31/2026 6:35:25 PM:178;1780227325178;;
704;285;0.4783172;0.5333647;0.5466978;0.4669024;318.1;0.2100958;False;5/31/2026 6:35:25 PM:239;1780227325239;;
707;276;0.4803712;0.5167707;0.4948688;0.3834363;314.7;0.2137064;False;5/31/2026 6:35:25 PM:305;1780227325305;;
725;281;0.4925597;0.5254768;0.5620295;0.5685175;313.4;0.2329429;False;5/31/2026 6:35:25 PM:574;1780227325574;;
727;283;0.4938086;0.5292093;0.5039009;0.5936732;312.2;0.2183831;False;5/31/2026 6:35:25 PM:637;1780227325637;;
