X Filtered Pixel; Y Filtered Pixel; X Filtered Normalized; Y Filtered Normalized; X Raw Normalized; Y Raw Normalized; Distance to Camera in mm; Eye Aspect Ratio (Height/Width); Blinking; Timestamp With Milliseconds; Unix Timestamp In Milliseconds; AOI List; Additional Notes
443;106;0.231171;0.09839953;0.231171;0.09839953;504.3;0.1642117;False;6/1/2026 7:11:56 PM:140;1780315916140;;
613;454;0.3195404;0.4212554;0.4083458;0.618001;505.2;0.1677507;False;6/1/2026 7:11:56 PM:274;1780315916274;;
666;522;0.3469956;0.4838464;0.4180321;0.5997112;507.4;0.178337;False;6/1/2026 7:11:56 PM:344;1780315916344;;
678;552;0.3531336;0.5117985;0.3893731;0.5881491;508.2;0.175974;False;6/1/2026 7:11:56 PM:419;1780315916419;;
764;458;0.398104;0.4249343;0.5036174;0.2194976;507.4;0.1728015;False;6/1/2026 7:11:56 PM:471;1780315916471;;
765;530;0.3988609;0.4908035;0.409904;0.6166433;506.2;0.1748225;False;6/1/2026 7:11:56 PM:567;1780315916567;;
778;529;0.4054718;0.4905356;0.4443761;0.4783835;507.2;0.1756253;False;6/1/2026 7:11:56 PM:641;1780315916641;;
809;465;0.4218076;0.4313756;0.4843096;0.2885343;506.9;0.1716596;False;6/1/2026 7:11:56 PM:713;1780315916713;;
822;442;0.4282773;0.4093646;0.4781292;0.3040199;506.4;0.1719431;False;6/1/2026 7:11:56 PM:768;1780315916768;;
819;496;0.42676;0.4596503;0.4155401;0.5745322;506.7;0.1645133;False;6/1/2026 7:11:56 PM:856;1780315916856;;
820;496;0.427335;0.4601764;0.4445143;0.4747006;505.5;0.1723474;False;6/1/2026 7:11:56 PM:928;1780315916928;;
851;390;0.4433488;0.3614173;0.5153276;0.160744;506.4;0.1702536;False;6/1/2026 7:11:56 PM:978;1780315916978;;
872;326;0.4544349;0.3024397;0.5199861;0.1438494;507.3;0.1702554;False;6/1/2026 7:11:57 PM:23;1780315917023;;
880;303;0.4584675;0.2810928;0.4986372;0.2023709;504.9;0.1768373;False;6/1/2026 7:11:57 PM:92;1780315917092;;
888;287;0.4625653;0.2660936;0.5092276;0.1842908;505.2;0.1790385;False;6/1/2026 7:11:57 PM:141;1780315917141;;
890;284;0.4637699;0.2637259;0.4986291;0.2276759;503.0;0.1772957;False;6/1/2026 7:11:57 PM:191;1780315917191;;
891;292;0.4642927;0.2711735;0.4763178;0.3285751;502.3;0.1772202;False;6/1/2026 7:11:57 PM:250;1780315917250;;
898;271;0.4681012;0.2511714;0.5150291;0.1505324;501.6;0.1771654;False;6/1/2026 7:11:57 PM:298;1780315917298;;
903;255;0.4705107;0.2368737;0.5126966;0.1476711;500.5;0.1848215;False;6/1/2026 7:11:57 PM:347;1780315917347;;
901;304;0.4697482;0.2823292;0.4631523;0.4108457;499.8;0.1865362;False;6/1/2026 7:11:57 PM:408;1780315917408;;
922;274;0.4802627;0.2545298;0.5450014;0.1333742;499.5;0.1799914;False;6/1/2026 7:11:57 PM:457;1780315917457;;
923;258;0.481205;0.2390066;0.5119193;0.1420004;498.1;0.1914153;False;6/1/2026 7:11:57 PM:504;1780315917504;;
924;243;0.4812571;0.2255536;0.5029672;0.1404329;496.8;0.191506;False;6/1/2026 7:11:57 PM:570;1780315917570;;
925;235;0.4821204;0.218335;0.5121846;0.1438065;497.1;0.1813873;False;6/1/2026 7:11:57 PM:628;1780315917628;;
926;237;0.4825315;0.2194919;0.495535;0.2328544;497.3;0.1797311;False;6/1/2026 7:11:57 PM:682;1780315917682;;
912;335;0.4752104;0.3106825;0.4435999;0.4653575;497.4;0.1723789;False;6/1/2026 7:11:57 PM:757;1780315917757;;
912;335;0.4752747;0.3107991;0.4810485;0.3126571;498.8;0.1721195;False;6/1/2026 7:11:57 PM:827;1780315917827;;
917;294;0.4779557;0.2728629;0.5081299;0.1438108;500.5;0.1790193;False;6/1/2026 7:11:57 PM:892;1780315917892;;
917;300;0.4780103;0.2786157;0.4916486;0.3239751;498.9;0.1741928;False;6/1/2026 7:11:57 PM:945;1780315917945;;
917;300;0.478047;0.2781199;0.4899757;0.2560574;498.3;0.1793814;False;6/1/2026 7:11:58 PM:12;1780315918012;;
918;290;0.4783551;0.2692871;0.4957051;0.1979687;497.0;0.1779635;False;6/1/2026 7:11:58 PM:73;1780315918073;;
918;300;0.4784921;0.2779525;0.4848258;0.3352063;497.3;0.1797843;False;6/1/2026 7:11:58 PM:126;1780315918126;;
918;304;0.4785707;0.2817487;0.4820446;0.3247416;497.5;0.1797813;False;6/1/2026 7:11:58 PM:173;1780315918173;;
919;303;0.4790848;0.2812397;0.496682;0.2649117;496.7;0.1839919;False;6/1/2026 7:11:58 PM:236;1780315918236;;
913;293;0.4759328;0.272157;0.4523617;0.2061245;495.5;0.1840923;False;6/1/2026 7:11:58 PM:301;1780315918301;;
918;282;0.4786108;0.2616115;0.5083809;0.1813587;494.5;0.184258;False;6/1/2026 7:11:58 PM:357;1780315918357;;
919;283;0.4787182;0.2627582;0.4895904;0.2763624;494.7;0.1848057;False;6/1/2026 7:11:58 PM:428;1780315918428;;
919;276;0.4787413;0.256304;0.4870399;0.1907107;495.0;0.1868051;False;6/1/2026 7:11:58 PM:480;1780315918480;;
911;311;0.4749364;0.288069;0.4443952;0.4040121;494.7;0.1855678;False;6/1/2026 7:11:58 PM:530;1780315918530;;
908;377;0.4734045;0.3498446;0.4541105;0.4959545;496.2;0.1847143;False;6/1/2026 7:11:58 PM:593;1780315918593;;
894;431;0.465942;0.399704;0.4185141;0.5430189;499.0;0.1885574;False;6/1/2026 7:11:58 PM:645;1780315918645;;
882;493;0.4594584;0.4570096;0.4164194;0.5936266;501.5;0.1882252;False;6/1/2026 7:11:58 PM:715;1780315918715;;
798;523;0.4157091;0.4844146;0.319313;0.5848296;502.2;0.1872592;False;6/1/2026 7:11:58 PM:782;1780315918782;;
784;539;0.4087614;0.4994946;0.3638431;0.5822975;502.6;0.1879576;False;6/1/2026 7:11:58 PM:847;1780315918847;;
782;555;0.4075762;0.5140634;0.3821277;0.6003962;503.0;0.1879241;False;6/1/2026 7:11:58 PM:915;1780315918915;;
787;559;0.4100636;0.5183812;0.428337;0.5773737;504.1;0.1863918;False;6/1/2026 7:11:58 PM:983;1780315918983;;
796;557;0.415103;0.5162718;0.4494168;0.4953398;503.8;0.1890319;False;6/1/2026 7:11:59 PM:39;1780315919039;;
799;561;0.4162079;0.5203018;0.4334528;0.575906;504.5;0.1876942;False;6/1/2026 7:11:59 PM:101;1780315919101;;
801;567;0.417321;0.5251364;0.4355046;0.585202;505.7;0.1866149;False;6/1/2026 7:11:59 PM:176;1780315919176;;
801;567;0.4176056;0.5256194;0.4316383;0.546401;506.2;0.1897919;False;6/1/2026 7:11:59 PM:227;1780315919227;;
820;429;0.4271607;0.3974721;0.4817055;0.1974542;505.7;0.1913541;False;6/1/2026 7:11:59 PM:284;1780315919284;;
820;458;0.4272845;0.4243004;0.4305113;0.5596668;504.5;0.1879506;False;6/1/2026 7:11:59 PM:353;1780315919353;;
823;374;0.4290364;0.3468606;0.4582519;0.190574;504.8;0.1862348;False;6/1/2026 7:11:59 PM:404;1780315919404;;
834;369;0.4345163;0.3420508;0.4805416;0.3157023;505.9;0.1809231;False;6/1/2026 7:11:59 PM:459;1780315919459;;
830;434;0.4325294;0.4026895;0.4160904;0.5780713;507.2;0.1755676;False;6/1/2026 7:11:59 PM:519;1780315919519;;
834;434;0.4345489;0.4021738;0.4658266;0.3952406;506.1;0.17542;False;6/1/2026 7:11:59 PM:567;1780315919567;;
836;434;0.4357712;0.4023951;0.4634529;0.408234;505.0;0.1754554;False;6/1/2026 7:11:59 PM:616;1780315919616;;
835;476;0.4351072;0.4412857;0.4270495;0.577768;504.8;0.1830871;False;6/1/2026 7:11:59 PM:676;1780315919676;;
849;411;0.442372;0.380616;0.4952779;0.2204258;504.4;0.1705096;False;6/1/2026 7:11:59 PM:722;1780315919722;;
859;371;0.4474745;0.3441976;0.4952753;0.2204486;504.1;0.1705044;False;6/1/2026 7:11:59 PM:769;1780315919769;;
859;371;0.4476952;0.3443266;0.468011;0.3663175;502.7;0.1793689;False;6/1/2026 7:11:59 PM:833;1780315919833;;
857;342;0.4466196;0.3174418;0.4351125;0.2147883;503.4;0.1728576;False;6/1/2026 7:11:59 PM:886;1780315919886;;
750;341;0.3910176;0.3163655;0.2802934;0.296251;505.3;0.1881274;False;6/1/2026 7:11:59 PM:935;1780315919935;;
690;342;0.3593904;0.3166861;0.2854404;0.3326687;506.6;0.1959324;False;6/1/2026 7:11:59 PM:994;1780315919994;;
607;371;0.3165297;0.3441753;0.2217674;0.4660301;507.6;0.1936252;False;6/1/2026 7:12:00 PM:43;1780315920043;;
536;371;0.2792554;0.3443446;0.1913214;0.3634914;508.4;0.1936396;False;6/1/2026 7:12:00 PM:90;1780315920090;;
593;433;0.3092982;0.4013197;0.4053669;0.5586532;508.2;0.1839243;False;6/1/2026 7:12:00 PM:149;1780315920149;;
594;414;0.3094375;0.3834974;0.332296;0.2891437;508.4;0.183223;False;6/1/2026 7:12:00 PM:195;1780315920195;;
575;388;0.2997852;0.3593387;0.2564773;0.249227;508.2;0.1856952;False;6/1/2026 7:12:00 PM:244;1780315920244;;
617;427;0.3218159;0.3960982;0.4008444;0.5174292;507.9;0.1856666;False;6/1/2026 7:12:00 PM:304;1780315920304;;
677;461;0.3528144;0.4276378;0.4423996;0.5429565;508.5;0.1785198;False;6/1/2026 7:12:00 PM:364;1780315920364;;
697;499;0.3633527;0.4625483;0.4236636;0.5921412;508.4;0.1886548;False;6/1/2026 7:12:00 PM:419;1780315920419;;
697;391;0.3634986;0.3624665;0.3791275;0.1868532;510.2;0.1891193;False;6/1/2026 7:12:00 PM:484;1780315920484;;
737;391;0.3840326;0.3626744;0.466404;0.3966276;510.2;0.1839305;False;6/1/2026 7:12:00 PM:534;1780315920534;;
602;319;0.3136455;0.2961791;0.1952501;0.1367141;510.2;0.1893645;False;6/1/2026 7:12:00 PM:584;1780315920584;;
604;297;0.314757;0.275284;0.3373559;0.193467;510.1;0.1893249;False;6/1/2026 7:12:00 PM:644;1780315920644;;
578;289;0.3015596;0.2681276;0.2547932;0.2152894;510.9;0.1837437;False;6/1/2026 7:12:00 PM:696;1780315920696;;
638;289;0.3325786;0.2681482;0.4266211;0.2728254;510.7;0.173064;False;6/1/2026 7:12:00 PM:755;1780315920755;;
657;488;0.342492;0.4519601;0.3980168;0.6662856;508.8;0.187864;False;6/1/2026 7:12:00 PM:831;1780315920831;;
655;485;0.3411769;0.4496299;0.329964;0.3816642;507.7;0.1807638;False;6/1/2026 7:12:00 PM:887;1780315920887;;
655;506;0.3415025;0.4685934;0.3621346;0.5412183;507.3;0.185119;False;6/1/2026 7:12:00 PM:944;1780315920944;;
692;524;0.3605326;0.4859788;0.4325783;0.5566705;507.6;0.1857714;False;6/1/2026 7:12:01 PM:11;1780315921011;;
722;503;0.3763938;0.4659997;0.4485668;0.3632395;507.9;0.1912875;False;6/1/2026 7:12:01 PM:69;1780315921069;;
736;518;0.3835214;0.4800478;0.4396563;0.5528064;509.4;0.1835858;False;6/1/2026 7:12:01 PM:124;1780315921124;;
737;519;0.3839561;0.4812724;0.390436;0.5009573;508.8;0.1856342;False;6/1/2026 7:12:01 PM:191;1780315921191;;
757;424;0.3944442;0.393245;0.4564781;0.2107195;509.0;0.1876538;False;6/1/2026 7:12:01 PM:248;1780315921248;;
778;424;0.4053734;0.392596;0.4688379;0.380354;509.2;0.1876264;False;6/1/2026 7:12:01 PM:309;1780315921309;;
779;484;0.4059735;0.4482515;0.4222935;0.5871729;508.3;0.1764263;False;6/1/2026 7:12:01 PM:382;1780315921382;;
752;371;0.3916807;0.3439008;0.3386155;0.1457623;509.4;0.182628;False;6/1/2026 7:12:01 PM:434;1780315921434;;
753;372;0.392337;0.3445938;0.4150914;0.3899085;510.5;0.1816348;False;6/1/2026 7:12:01 PM:495;1780315921495;;
753;513;0.3924307;0.4757549;0.3939014;0.6693377;512.6;0.1808716;False;6/1/2026 7:12:01 PM:580;1780315921580;;
764;514;0.3982964;0.4761799;0.4431197;0.4955079;514.2;0.1808986;False;6/1/2026 7:12:01 PM:640;1780315921640;;
728;448;0.3796071;0.4151473;0.3199745;0.2666883;515.7;0.1843509;False;6/1/2026 7:12:01 PM:701;1780315921701;;
741;483;0.3862083;0.4476136;0.4274025;0.5560008;517.2;0.1870481;False;6/1/2026 7:12:01 PM:783;1780315921783;;
718;335;0.3741592;0.3108027;0.3244136;0.1006949;518.4;0.1904861;False;6/1/2026 7:12:01 PM:839;1780315921839;;
732;417;0.3812614;0.3870366;0.4258833;0.5750985;519.4;0.1834114;False;6/1/2026 7:12:01 PM:906;1780315921906;;
732;499;0.3814367;0.4625212;0.3975482;0.6352875;520.4;0.1833604;False;6/1/2026 7:12:01 PM:981;1780315921981;;
736;494;0.3838052;0.4580578;0.4160458;0.4272382;521.9;0.1867756;False;6/1/2026 7:12:02 PM:49;1780315922049;;
769;481;0.4006911;0.4461045;0.4706582;0.3823375;522.0;0.1837423;False;6/1/2026 7:12:02 PM:114;1780315922114;;
770;523;0.4010949;0.4847746;0.4115747;0.6038157;521.7;0.1841865;False;6/1/2026 7:12:02 PM:185;1780315922185;;
746;372;0.3890158;0.3444674;0.3399508;0.1284702;521.7;0.1843767;False;6/1/2026 7:12:02 PM:240;1780315922240;;
749;375;0.3901087;0.3474078;0.4130565;0.4233913;522.8;0.1859228;False;6/1/2026 7:12:02 PM:298;1780315922298;;
752;447;0.3920624;0.4138957;0.4206909;0.5905836;523.0;0.1866986;False;6/1/2026 7:12:02 PM:367;1780315922367;;
749;429;0.3902538;0.3974883;0.3736947;0.3293388;523.6;0.1837632;False;6/1/2026 7:12:02 PM:424;1780315922424;;
755;469;0.3935489;0.4351682;0.4270509;0.5705171;523.2;0.1858688;False;6/1/2026 7:12:02 PM:488;1780315922488;;
755;522;0.393609;0.484054;0.4056435;0.6280311;523.0;0.1864582;False;6/1/2026 7:12:02 PM:561;1780315922561;;
760;523;0.3958334;0.4845152;0.4272678;0.494527;523.0;0.1834271;False;6/1/2026 7:12:02 PM:623;1780315922623;;
764;528;0.3983167;0.4897028;0.4338526;0.55523;522.5;0.1835791;False;6/1/2026 7:12:02 PM:681;1780315922681;;
764;537;0.3984242;0.4973273;0.4001246;0.5738257;523.1;0.1816626;False;6/1/2026 7:12:02 PM:746;1780315922746;;
724;426;0.377567;0.3949139;0.3085904;0.2058393;523.7;0.181744;False;6/1/2026 7:12:02 PM:796;1780315922796;;
711;429;0.3707665;0.3976162;0.3313177;0.4777531;522.7;0.1838451;False;6/1/2026 7:12:02 PM:850;1780315922850;;
720;458;0.3754825;0.4246556;0.4102761;0.5597074;523.9;0.1843809;False;6/1/2026 7:12:02 PM:919;1780315922919;;
721;459;0.3756297;0.4257191;0.388437;0.4368692;524.0;0.1877205;False;6/1/2026 7:12:02 PM:974;1780315922974;;
703;365;0.3664221;0.3380524;0.3190735;0.1667228;524.1;0.1879062;False;6/1/2026 7:12:03 PM:25;1780315923025;;
704;305;0.3670531;0.2832005;0.3816986;0.1664413;524.1;0.1855193;False;6/1/2026 7:12:03 PM:90;1780315923090;;
656;246;0.3418793;0.2286613;0.2675529;0.09969541;524.1;0.1855961;False;6/1/2026 7:12:03 PM:147;1780315923147;;
654;220;0.3410424;0.2045061;0.3268687;0.1179905;523.2;0.1813566;False;6/1/2026 7:12:03 PM:206;1780315923206;;
699;366;0.3644627;0.3394426;0.4332193;0.5467986;522.6;0.1780675;False;6/1/2026 7:12:03 PM:275;1780315923275;;
658;283;0.3430948;0.2628234;0.2786768;0.1000658;521.7;0.1911341;False;6/1/2026 7:12:03 PM:345;1780315923345;;
658;284;0.3427225;0.2636076;0.3318087;0.2800589;519.7;0.1844878;False;6/1/2026 7:12:03 PM:415;1780315923415;;
687;445;0.3581104;0.4122264;0.4110988;0.6063707;518.8;0.1766843;False;6/1/2026 7:12:03 PM:493;1780315923493;;
601;326;0.3133812;0.3019088;0.2223831;0.1002735;517.4;0.1834985;False;6/1/2026 7:12:03 PM:558;1780315923558;;
648;324;0.3378653;0.3003158;0.4142943;0.2697336;515.9;0.1797575;False;6/1/2026 7:12:03 PM:622;1780315923622;;
694;426;0.3615009;0.3946348;0.4316878;0.5526447;514.7;0.176092;False;6/1/2026 7:12:03 PM:702;1780315923702;;
678;423;0.353591;0.3920884;0.3157057;0.3475319;513.9;0.1802514;False;6/1/2026 7:12:03 PM:766;1780315923766;;
663;451;0.3453656;0.4177693;0.3028329;0.5104514;515.3;0.1766131;False;6/1/2026 7:12:03 PM:829;1780315923829;;
676;553;0.3521608;0.5129466;0.3888262;0.6730777;513.2;0.1749556;False;6/1/2026 7:12:03 PM:909;1780315923909;;
688;582;0.3588067;0.5391456;0.4017143;0.6346356;512.4;0.1776373;False;6/1/2026 7:12:03 PM:975;1780315923975;;
703;606;0.3664746;0.5614839;0.4157023;0.6570423;511.2;0.1803035;False;6/1/2026 7:12:04 PM:38;1780315924038;;
697;639;0.3635255;0.5921853;0.3441615;0.7012143;508.9;0.1802265;False;6/1/2026 7:12:04 PM:113;1780315924113;;
596;638;0.3109332;0.5911111;0.2113268;0.5756348;505.2;0.1748348;False;6/1/2026 7:12:04 PM:173;1780315924173;;
541;637;0.2819695;0.5903198;0.2113496;0.5756603;501.9;0.1748632;False;6/1/2026 7:12:04 PM:238;1780315924238;;
526;653;0.2742989;0.6046325;0.2386535;0.6802173;500.6;0.1837259;False;6/1/2026 7:12:04 PM:315;1780315924315;;
440;372;0.2292664;0.34527;0.1325077;0.08269282;498.4;0.1861166;False;6/1/2026 7:12:04 PM:374;1780315924374;;
386;447;0.2012115;0.4147835;0.1251663;0.641912;497.1;0.1756303;False;6/1/2026 7:12:04 PM:434;1780315924434;;
503;500;0.2621979;0.4637158;0.3594717;0.6414412;493.9;0.1889702;False;6/1/2026 7:12:04 PM:516;1780315924516;;
503;502;0.2621925;0.4649432;0.2580549;0.5691286;491.5;0.1940332;False;6/1/2026 7:12:04 PM:571;1780315924571;;
502;505;0.2615306;0.4681263;0.2458245;0.5792544;489.3;0.1941396;False;6/1/2026 7:12:04 PM:632;1780315924632;;
550;530;0.2867115;0.4914461;0.3507344;0.6375154;487.2;0.187021;False;6/1/2026 7:12:04 PM:714;1780315924714;;
541;538;0.2820983;0.498591;0.2470371;0.6230597;483.1;0.1820012;False;6/1/2026 7:12:04 PM:773;1780315924773;;
545;555;0.2838957;0.5140659;0.3034835;0.6569405;479.7;0.1799732;False;6/1/2026 7:12:04 PM:835;1780315924835;;
542;566;0.282586;0.5244023;0.2653132;0.651881;478.0;0.1755717;False;6/1/2026 7:12:04 PM:914;1780315924914;;
536;540;0.279201;0.5000041;0.2464595;0.4325187;477.5;0.1698742;False;6/1/2026 7:12:04 PM:974;1780315924974;;
563;542;0.2937187;0.5021346;0.3466053;0.5547504;478.4;0.103301;False;6/1/2026 7:12:05 PM:40;1780315925040;;
540;543;0.2815069;0.5028096;0.2306417;0.5078211;481.5;0.1422375;False;6/1/2026 7:12:05 PM:117;1780315925117;;
490;419;0.2554412;0.3887518;0.1751075;0.2098917;482.1;0.1817242;False;6/1/2026 7:12:05 PM:177;1780315925177;;
486;464;0.2531415;0.4299017;0.223373;0.5874576;481.9;0.1859212;False;6/1/2026 7:12:05 PM:243;1780315925243;;
497;477;0.2590921;0.4425734;0.2905824;0.5506036;481.8;0.1831892;False;6/1/2026 7:12:05 PM:311;1780315925311;;
481;524;0.2510167;0.4855621;0.2031737;0.6513257;479.0;0.09784608;False;6/1/2026 7:12:05 PM:370;1780315925370;;
473;551;0.2463911;0.5109274;0.2047478;0.6521813;476.5;0.0978517;False;6/1/2026 7:12:05 PM:426;1780315925426;;
513;596;0.2674304;0.5522239;0.3243519;0.7001849;477.4;0.0445888;False;6/1/2026 7:12:05 PM:504;1780315925504;;
592;613;0.308453;0.5678601;0.3961435;0.684634;479.9;0.0406657;True;6/1/2026 7:12:05 PM:568;1780315925568;;
621;618;0.3238772;0.5726025;0.3789745;0.6622945;481.4;0.04816518;False;6/1/2026 7:12:05 PM:635;1780315925635;;
645;627;0.3359796;0.5807584;0.3876413;0.6825379;484.0;0.03072014;True;6/1/2026 7:12:05 PM:705;1780315925705;;
667;628;0.3475148;0.5820279;0.4029272;0.6457089;486.3;0.03640895;True;6/1/2026 7:12:05 PM:769;1780315925769;;
687;630;0.3579715;0.5840089;0.4148458;0.6063724;489.3;0.05677034;False;6/1/2026 7:12:05 PM:831;1780315925831;;
677;629;0.3526548;0.5826384;0.3264554;0.5736952;494.0;0.1358151;False;6/1/2026 7:12:05 PM:913;1780315925913;;
611;572;0.3186136;0.5301894;0.2428277;0.412486;495.6;0.1581024;False;6/1/2026 7:12:05 PM:989;1780315925989;;
486;569;0.2534786;0.5277352;0.1417752;0.501169;494.6;0.1699426;False;6/1/2026 7:12:06 PM:47;1780315926047;;
452;574;0.2354786;0.5320688;0.182545;0.580502;492.4;0.1771632;False;6/1/2026 7:12:06 PM:119;1780315926119;;
458;501;0.2386245;0.4642999;0.2739002;0.306181;493.5;0.1794558;False;6/1/2026 7:12:06 PM:174;1780315926174;;
462;459;0.2408411;0.425503;0.2737826;0.3061109;494.5;0.1793794;False;6/1/2026 7:12:06 PM:230;1780315926230;;
445;502;0.2317901;0.4653122;0.194438;0.5898956;493.8;0.1766417;False;6/1/2026 7:12:06 PM:304;1780315926304;;
433;502;0.2259578;0.4654369;0.1908435;0.4897294;493.0;0.1754399;False;6/1/2026 7:12:06 PM:368;1780315926368;;
446;502;0.2324786;0.4655754;0.2708468;0.4847156;491.4;0.182101;False;6/1/2026 7:12:06 PM:438;1780315926438;;
451;519;0.2353944;0.4807626;0.2640283;0.5663316;490.8;0.1746592;False;6/1/2026 7:12:06 PM:516;1780315926516;;
491;537;0.2560963;0.4977442;0.3314207;0.6020492;491.7;0.1037876;False;6/1/2026 7:12:06 PM:574;1780315926574;;
499;550;0.2602447;0.5095753;0.299362;0.6013359;492.5;0.103876;False;6/1/2026 7:12:06 PM:641;1780315926641;;
581;569;0.3029738;0.5273169;0.3931339;0.6301206;495.4;0.03286378;True;6/1/2026 7:12:06 PM:723;1780315926723;;
582;578;0.3033974;0.5359208;0.3239455;0.6311686;496.2;0.04012526;True;6/1/2026 7:12:06 PM:781;1780315926781;;
639;580;0.3332243;0.5370711;0.4220698;0.5803075;497.1;0.07484989;False;6/1/2026 7:12:06 PM:839;1780315926839;;
658;593;0.3428451;0.5496111;0.3952483;0.649298;498.0;0.07503809;False;6/1/2026 7:12:06 PM:914;1780315926914;;
624;434;0.3251472;0.4025122;0.2693945;0.2104466;499.9;0.143934;False;6/1/2026 7:12:06 PM:976;1780315926976;;
591;378;0.3079896;0.3503147;0.251767;0.2473826;501.7;0.1440449;False;6/1/2026 7:12:07 PM:45;1780315927045;;
591;452;0.3078218;0.4185307;0.3027278;0.5932294;502.4;0.1666061;False;6/1/2026 7:12:07 PM:125;1780315927125;;
407;452;0.2120105;0.4191989;0.08787369;0.4731169;500.6;0.1674217;False;6/1/2026 7:12:07 PM:189;1780315927189;;
322;464;0.1678518;0.4302245;0.0876938;0.5319674;500.5;0.1661278;False;6/1/2026 7:12:07 PM:255;1780315927255;;
296;488;0.1545999;0.4526753;0.113257;0.5779566;499.8;0.1771564;False;6/1/2026 7:12:07 PM:327;1780315927327;;
324;414;0.169042;0.3836304;0.2345667;0.2528218;498.9;0.1733454;False;6/1/2026 7:12:07 PM:393;1780315927393;;
282;414;0.1470107;0.38402;0.08662673;0.4449798;498.5;0.1716587;False;6/1/2026 7:12:07 PM:458;1780315927458;;
300;328;0.1562882;0.3040168;0.2082604;0.1652189;496.1;0.1688286;False;6/1/2026 7:12:07 PM:528;1780315927528;;
332;363;0.1731483;0.3362324;0.2408956;0.4709572;494.7;0.1697916;False;6/1/2026 7:12:07 PM:600;1780315927600;;
535;462;0.2790201;0.4280666;0.4172803;0.6287952;493.4;0.1645469;False;6/1/2026 7:12:07 PM:663;1780315927663;;
600;521;0.3127661;0.482742;0.3825869;0.6297839;491.2;0.1736297;False;6/1/2026 7:12:07 PM:740;1780315927740;;
673;549;0.3509206;0.5088027;0.4232741;0.6165737;490.5;0.1663285;False;6/1/2026 7:12:07 PM:826;1780315927826;;
686;560;0.3573369;0.5190036;0.3923226;0.606831;490.5;0.1768207;False;6/1/2026 7:12:07 PM:895;1780315927895;;
701;596;0.3653663;0.5520594;0.4044423;0.6759523;487.7;0.1711065;False;6/1/2026 7:12:07 PM:986;1780315927986;;
732;596;0.3813143;0.552121;0.4444676;0.5526763;486.0;0.1776911;False;6/1/2026 7:12:08 PM:54;1780315928054;;
732;613;0.3814996;0.5679412;0.3881839;0.6669378;486.9;0.1076671;False;6/1/2026 7:12:08 PM:125;1780315928125;;
733;614;0.3822102;0.5689968;0.402465;0.5960205;492.4;0.03709239;True;6/1/2026 7:12:08 PM:197;1780315928197;;
734;614;0.3824656;0.5693675;0.3999133;0.6036722;495.6;0.02910848;True;6/1/2026 7:12:08 PM:269;1780315928269;;
734;615;0.3826427;0.5697727;0.3932747;0.5754059;497.5;0.03587462;True;6/1/2026 7:12:08 PM:348;1780315928348;;
735;615;0.3830051;0.5698356;0.4012222;0.5955734;497.5;0.03930293;True;6/1/2026 7:12:08 PM:418;1780315928418;;
735;618;0.3832167;0.5729671;0.3918683;0.6227123;498.4;0.05935993;False;6/1/2026 7:12:08 PM:503;1780315928503;;
737;620;0.3841013;0.5744578;0.4058271;0.6200174;501.8;0.1386073;False;6/1/2026 7:12:08 PM:579;1780315928579;;
678;620;0.3534358;0.5749156;0.2877462;0.6148258;501.8;0.1640856;False;6/1/2026 7:12:08 PM:665;1780315928665;;
645;621;0.3361678;0.5755606;0.277196;0.5912704;500.9;0.1658956;False;6/1/2026 7:12:08 PM:731;1780315928731;;
642;626;0.3343927;0.5802583;0.3146258;0.6394332;500.5;0.1760465;False;6/1/2026 7:12:08 PM:814;1780315928814;;
641;627;0.3343638;0.580675;0.3322013;0.5874513;499.8;0.1720351;False;6/1/2026 7:12:08 PM:883;1780315928883;;
640;628;0.3338415;0.5820181;0.3202552;0.6227952;499.3;0.1693193;False;6/1/2026 7:12:08 PM:962;1780315928962;;
590;624;0.3077606;0.5783505;0.2330899;0.5505592;499.2;0.1688938;False;6/1/2026 7:12:09 PM:33;1780315929033;;
535;624;0.2790842;0.5783764;0.2040373;0.5943152;498.2;0.1654781;False;6/1/2026 7:12:09 PM:115;1780315929115;;
411;624;0.2140713;0.5781263;0.102475;0.5723972;497.4;0.165203;False;6/1/2026 7:12:09 PM:181;1780315929181;;
348;624;0.181433;0.5779511;0.1024413;0.5723343;496.7;0.1651865;False;6/1/2026 7:12:09 PM:248;1780315929248;;
355;637;0.1850992;0.590388;0.2151947;0.6626632;495.7;0.1539581;False;6/1/2026 7:12:09 PM:322;1780315929322;;
364;640;0.1897323;0.5932307;0.2287197;0.6401234;494.7;0.1625244;False;6/1/2026 7:12:09 PM:384;1780315929384;;
358;640;0.1865605;0.5934772;0.1630542;0.601971;493.7;0.1624279;False;6/1/2026 7:12:09 PM:445;1780315929445;;
368;652;0.1918861;0.6039312;0.22722;0.6742868;492.0;0.1564035;False;6/1/2026 7:12:09 PM:533;1780315929533;;
304;632;0.1587789;0.5858423;0.08155163;0.511185;490.8;0.1578041;False;6/1/2026 7:12:09 PM:597;1780315929597;;
270;632;0.1408577;0.5859457;0.08707707;0.5927764;491.5;0.1672878;False;6/1/2026 7:12:09 PM:678;1780315929678;;
254;632;0.1325528;0.5857833;0.08947999;0.5809762;491.2;0.1606966;False;6/1/2026 7:12:09 PM:748;1780315929748;;
243;632;0.1270808;0.5859993;0.0889999;0.5993026;489.8;0.1688458;False;6/1/2026 7:12:09 PM:824;1780315929824;;
236;632;0.1231564;0.5858949;0.08778464;0.5823465;490.6;0.1632892;False;6/1/2026 7:12:09 PM:910;1780315929910;;
233;531;0.1216153;0.4919104;0.09073851;0.3188356;490.6;0.1629277;False;6/1/2026 7:12:09 PM:977;1780315929977;;
233;598;0.1214901;0.5538912;0.1199466;0.696191;488.9;0.1694569;False;6/1/2026 7:12:10 PM:61;1780315930061;;
231;618;0.1204516;0.572977;0.09616994;0.6677921;488.1;0.167553;False;6/1/2026 7:12:10 PM:135;1780315930135;;
227;619;0.1185641;0.5731918;0.088735;0.600866;487.5;0.1590395;False;6/1/2026 7:12:10 PM:219;1780315930219;;
227;628;0.1184931;0.5819113;0.09932145;0.6549328;487.0;0.163634;False;6/1/2026 7:12:10 PM:300;1780315930300;;
227;648;0.1182412;0.6007699;0.1006163;0.679875;487.1;0.1549347;False;6/1/2026 7:12:10 PM:526;1780315930526;;
231;651;0.1203544;0.6029865;0.1316867;0.6252569;488.1;0.1653598;False;6/1/2026 7:12:10 PM:675;1780315930675;;
225;649;0.1172861;0.6016687;0.09008861;0.5911396;488.2;0.166438;False;6/1/2026 7:12:10 PM:769;1780315930769;;
223;652;0.1165685;0.6042088;0.09852611;0.6438388;488.7;0.1576139;False;6/1/2026 7:12:10 PM:891;1780315930891;;
222;653;0.1156601;0.6050112;0.0939467;0.6401532;488.9;0.1586531;False;6/1/2026 7:12:10 PM:993;1780315930993;;
249;653;0.1299798;0.6050946;0.1706527;0.6061285;487.6;0.1622441;False;6/1/2026 7:12:11 PM:103;1780315931103;;
240;654;0.1252844;0.6056953;0.0946778;0.6319718;486.7;0.1639402;False;6/1/2026 7:12:11 PM:198;1780315931198;;
237;661;0.1238938;0.6123473;0.09996896;0.6766373;486.2;0.166609;False;6/1/2026 7:12:11 PM:267;1780315931267;;
235;661;0.1227185;0.6124953;0.09588531;0.644368;485.8;0.1690827;False;6/1/2026 7:12:11 PM:317;1780315931317;;
234;667;0.1222167;0.6176196;0.1006934;0.6828229;485.4;0.1692895;False;6/1/2026 7:12:11 PM:381;1780315931381;;
232;666;0.1212312;0.6170716;0.09391764;0.6099347;486.3;0.1588305;False;6/1/2026 7:12:11 PM:435;1780315931435;;
227;640;0.1186846;0.593129;0.07942174;0.492114;487.4;0.1712008;False;6/1/2026 7:12:11 PM:484;1780315931484;;
227;654;0.1184157;0.6059454;0.1017535;0.6883159;487.5;0.164485;False;6/1/2026 7:12:11 PM:547;1780315931547;;
225;653;0.1176095;0.6048513;0.0889982;0.5890256;488.3;0.1671623;False;6/1/2026 7:12:11 PM:598;1780315931598;;
224;650;0.1169678;0.6026374;0.08853249;0.5738391;487.0;0.1725848;False;6/1/2026 7:12:11 PM:649;1780315931649;;
222;649;0.1159232;0.6015648;0.0845357;0.5813459;487.3;0.1672529;False;6/1/2026 7:12:11 PM:710;1780315931710;;
221;643;0.1151308;0.5960922;0.08286353;0.5396505;487.5;0.1669535;False;6/1/2026 7:12:11 PM:758;1780315931758;;
220;647;0.1146862;0.5998072;0.09969399;0.6415549;487.5;0.1682191;False;6/1/2026 7:12:11 PM:809;1780315931809;;
219;650;0.1144466;0.6018742;0.09529427;0.6326131;486.4;0.1632368;False;6/1/2026 7:12:11 PM:878;1780315931878;;
219;650;0.1144133;0.6026984;0.09344675;0.6291347;484.6;0.1614143;False;6/1/2026 7:12:11 PM:928;1780315931928;;
219;664;0.1141161;0.6149259;0.1041818;0.7048113;486.2;0.16103;False;6/1/2026 7:12:11 PM:973;1780315931973;;
218;667;0.1139526;0.6179377;0.09861375;0.6668892;487.6;0.1614921;False;6/1/2026 7:12:12 PM:35;1780315932035;;
218;666;0.1138004;0.6171141;0.09393216;0.6045069;487.5;0.1695684;False;6/1/2026 7:12:12 PM:87;1780315932087;;
218;667;0.1137719;0.6183826;0.09543795;0.6536947;485.6;0.1711957;False;6/1/2026 7:12:12 PM:144;1780315932144;;
214;645;0.111497;0.597477;0.07704661;0.5135552;484.8;0.1643781;False;6/1/2026 7:12:12 PM:210;1780315932210;;
213;646;0.1112488;0.5985944;0.09600028;0.6272836;485.2;0.1650366;False;6/1/2026 7:12:12 PM:258;1780315932258;;
213;650;0.1110802;0.6018923;0.09533102;0.6510115;484.5;0.162312;False;6/1/2026 7:12:12 PM:305;1780315932305;;
212;661;0.1107886;0.6120603;0.09977783;0.6863368;484.0;0.1626441;False;6/1/2026 7:12:12 PM:371;1780315932371;;
212;658;0.110471;0.6097255;0.08979191;0.5848488;484.0;0.1639938;False;6/1/2026 7:12:12 PM:427;1780315932427;;
211;658;0.1103043;0.6092987;0.0905919;0.5991551;485.3;0.167718;False;6/1/2026 7:12:12 PM:478;1780315932478;;
211;658;0.1102235;0.6094863;0.09411673;0.6248132;485.1;0.1643724;False;6/1/2026 7:12:12 PM:538;1780315932538;;
209;635;0.1089191;0.5883282;0.07881138;0.4914396;485.0;0.1619153;False;6/1/2026 7:12:12 PM:591;1780315932591;;
207;622;0.1080932;0.5762897;0.07881828;0.4914881;484.9;0.1619262;False;6/1/2026 7:12:12 PM:634;1780315932634;;
207;626;0.1078157;0.5798247;0.09237245;0.6168283;485.3;0.1672312;False;6/1/2026 7:12:12 PM:697;1780315932697;;
206;627;0.1077532;0.580885;0.08977285;0.6066291;486.7;0.1641797;False;6/1/2026 7:12:12 PM:746;1780315932746;;
206;631;0.1076371;0.5850009;0.09119584;0.6356702;484.7;0.1716298;False;6/1/2026 7:12:12 PM:798;1780315932798;;
206;633;0.1076272;0.5867559;0.08952776;0.6237581;483.5;0.1601215;False;6/1/2026 7:12:12 PM:861;1780315932861;;
206;633;0.1075756;0.5867812;0.08866647;0.5876126;483.5;0.165881;False;6/1/2026 7:12:12 PM:912;1780315932912;;
206;633;0.107521;0.5868667;0.08843145;0.5923923;483.6;0.1659046;False;6/1/2026 7:12:12 PM:962;1780315932962;;
206;633;0.1073712;0.5868724;0.08714936;0.5993469;484.4;0.1487533;False;6/1/2026 7:12:13 PM:30;1780315933030;;
218;641;0.1139902;0.5938003;0.1492377;0.6596954;489.1;0.09561663;False;6/1/2026 7:12:13 PM:85;1780315933085;;
236;644;0.1231778;0.5965818;0.1696889;0.64714;491.0;0.07320524;False;6/1/2026 7:12:13 PM:137;1780315933137;;
341;644;0.1776859;0.5968856;0.277792;0.6138138;491.2;0.0654458;False;6/1/2026 7:12:13 PM:202;1780315933202;;
372;644;0.1941725;0.5969486;0.2551392;0.6187437;492.2;0.0737187;False;6/1/2026 7:12:13 PM:254;1780315933254;;
332;646;0.1731914;0.5982024;0.09698042;0.6381323;490.9;0.1361743;False;6/1/2026 7:12:13 PM:307;1780315933307;;
303;647;0.1579687;0.5992495;0.09664343;0.637637;489.8;0.1363897;False;6/1/2026 7:12:13 PM:376;1780315933376;;
280;644;0.1461296;0.5967801;0.08672958;0.5735894;489.4;0.1630104;False;6/1/2026 7:12:13 PM:439;1780315933439;;
264;643;0.1378128;0.595597;0.08536517;0.5789261;488.7;0.1556739;False;6/1/2026 7:12:13 PM:510;1780315933510;;
259;650;0.1349413;0.6025193;0.09559014;0.6596628;488.9;0.1555066;False;6/1/2026 7:12:13 PM:581;1780315933581;;
256;657;0.133649;0.6089312;0.09732439;0.6759939;489.3;0.1587909;False;6/1/2026 7:12:13 PM:635;1780315933635;;
251;656;0.1309953;0.60829;0.08640458;0.5979323;488.8;0.1574641;False;6/1/2026 7:12:13 PM:688;1780315933688;;
247;655;0.1289737;0.607291;0.08711462;0.5918118;487.8;0.1631596;False;6/1/2026 7:12:13 PM:751;1780315933751;;
244;654;0.1271478;0.6063004;0.08431714;0.5874817;487.4;0.1557198;False;6/1/2026 7:12:13 PM:811;1780315933811;;
242;655;0.1265427;0.6067794;0.08830103;0.6244129;486.4;0.1648354;False;6/1/2026 7:12:13 PM:861;1780315933861;;
239;613;0.1246286;0.5683522;0.07951191;0.4441592;485.7;0.1611568;False;6/1/2026 7:12:13 PM:921;1780315933921;;
238;620;0.12435;0.5746966;0.09158228;0.6318099;485.3;0.1612745;False;6/1/2026 7:12:13 PM:974;1780315933974;;
238;625;0.1241512;0.5788603;0.09159544;0.6318682;484.8;0.1613028;False;6/1/2026 7:12:14 PM:23;1780315934023;;
237;625;0.1236552;0.5789602;0.08648644;0.5900782;483.6;0.159652;False;6/1/2026 7:12:14 PM:92;1780315934092;;
237;625;0.1236389;0.5790024;0.08900686;0.5910655;483.4;0.1651877;False;6/1/2026 7:12:14 PM:143;1780315934143;;
237;626;0.1235876;0.580146;0.08937737;0.6134239;482.9;0.1593576;False;6/1/2026 7:12:14 PM:193;1780315934193;;
236;633;0.1232541;0.5868367;0.09206857;0.651201;483.0;0.1547414;False;6/1/2026 7:12:14 PM:256;1780315934256;;
236;637;0.1232308;0.5903351;0.08977751;0.650045;482.7;0.1587943;False;6/1/2026 7:12:14 PM:304;1780315934304;;
236;640;0.1231909;0.5931222;0.08959467;0.6504972;482.4;0.158738;False;6/1/2026 7:12:14 PM:355;1780315934355;;
235;645;0.1226786;0.5972882;0.0949402;0.6611828;482.9;0.1571159;False;6/1/2026 7:12:14 PM:421;1780315934421;;
233;644;0.1218183;0.5969785;0.0834846;0.592703;482.0;0.1600604;False;6/1/2026 7:12:14 PM:470;1780315934470;;
233;645;0.1215;0.5977368;0.09338029;0.6388412;483.4;0.1552731;False;6/1/2026 7:12:14 PM:519;1780315934519;;
232;646;0.1212271;0.5986196;0.09290121;0.6401836;484.6;0.1556443;False;6/1/2026 7:12:14 PM:588;1780315934588;;
232;647;0.1211134;0.5990751;0.09004483;0.6396111;484.8;0.1551494;False;6/1/2026 7:12:14 PM:640;1780315934640;;
232;647;0.1209389;0.5997683;0.09007274;0.6397404;484.9;0.155199;False;6/1/2026 7:12:14 PM:791;1780315934791;;
231;653;0.1203455;0.6046376;0.09825867;0.673749;484.9;0.1549081;False;6/1/2026 7:12:14 PM:854;1780315934854;;
230;653;0.120042;0.6053458;0.09626857;0.6546963;485.3;0.1476109;False;6/1/2026 7:12:14 PM:917;1780315934917;;
230;654;0.1199753;0.6059852;0.09295253;0.6369123;485.7;0.1472394;False;6/1/2026 7:12:14 PM:967;1780315934967;;
229;655;0.1197672;0.6068043;0.09643127;0.6563028;483.8;0.1646464;False;6/1/2026 7:12:15 PM:19;1780315935019;;
229;656;0.1196035;0.6075202;0.09271345;0.6188856;482.1;0.1490322;False;6/1/2026 7:12:15 PM:88;1780315935088;;
229;656;0.1193163;0.6076862;0.09840563;0.6363701;483.7;0.1137818;False;6/1/2026 7:12:15 PM:139;1780315935139;;
314;653;0.1636789;0.6053427;0.2499357;0.5829626;483.5;0.07743102;False;6/1/2026 7:12:15 PM:199;1780315935199;;
299;659;0.1557964;0.6106312;0.1005414;0.6668125;486.6;0.1489609;False;6/1/2026 7:12:15 PM:274;1780315935274;;
283;655;0.1477554;0.6069986;0.0859746;0.5752648;489.0;0.155886;False;6/1/2026 7:12:15 PM:332;1780315935332;;
279;662;0.1453581;0.6131859;0.09931327;0.6745401;489.0;0.1627967;False;6/1/2026 7:12:15 PM:393;1780315935393;;
275;705;0.1437001;0.6531453;0.1197228;0.7421319;488.6;0.1593141;False;6/1/2026 7:12:15 PM:650;1780315935650;;
272;709;0.1419515;0.6568232;0.1036714;0.7269819;489.2;0.1658123;False;6/1/2026 7:12:15 PM:717;1780315935717;;
271;715;0.1413001;0.6628289;0.1068486;0.7473;489.7;0.1655824;False;6/1/2026 7:12:15 PM:776;1780315935776;;
265;705;0.1382788;0.6530409;0.09185504;0.607266;490.4;0.1659137;False;6/1/2026 7:12:15 PM:838;1780315935838;;
263;705;0.1374526;0.6536473;0.09988667;0.6675678;490.0;0.1506718;False;6/1/2026 7:12:15 PM:911;1780315935911;;
263;709;0.1372596;0.6565198;0.1021697;0.7112351;490.8;0.1687882;False;6/1/2026 7:12:15 PM:967;1780315935967;;
260;704;0.1356032;0.6527115;0.09297585;0.6244658;489.9;0.162612;False;6/1/2026 7:12:16 PM:37;1780315936037;;
260;705;0.1355332;0.652844;0.09977856;0.6590479;488.4;0.1670394;False;6/1/2026 7:12:16 PM:105;1780315936105;;
258;692;0.1345767;0.6415077;0.1160887;0.5737988;489.5;0.1603906;False;6/1/2026 7:12:16 PM:162;1780315936162;;
255;689;0.1330009;0.6380662;0.09319734;0.5982466;488.7;0.1645736;False;6/1/2026 7:12:16 PM:227;1780315936227;;
255;691;0.13291;0.6407208;0.1017398;0.6705674;487.9;0.1589624;False;6/1/2026 7:12:16 PM:300;1780315936300;;
282;706;0.147011;0.6546284;0.1945154;0.7366627;487.9;0.1706464;False;6/1/2026 7:12:16 PM:358;1780315936358;;
300;713;0.156399;0.6605912;0.1957849;0.7196005;488.8;0.1676599;False;6/1/2026 7:12:16 PM:420;1780315936420;;
296;727;0.1546223;0.6735295;0.1287662;0.7530279;488.1;0.1651575;False;6/1/2026 7:12:16 PM:501;1780315936501;;
342;727;0.1782719;0.6736274;0.2419908;0.6751838;488.3;0.1686582;False;6/1/2026 7:12:16 PM:569;1780315936569;;
346;728;0.1805173;0.6741882;0.2016659;0.7056405;488.0;0.1609004;False;6/1/2026 7:12:16 PM:632;1780315936632;;
362;728;0.1885877;0.6745139;0.2290746;0.7038366;487.7;0.1604639;False;6/1/2026 7:12:16 PM:710;1780315936710;;
395;727;0.2058662;0.6732373;0.2735488;0.6573623;486.7;0.1528963;False;6/1/2026 7:12:16 PM:770;1780315936770;;
399;714;0.2078656;0.661291;0.238058;0.5917338;486.3;0.1708194;False;6/1/2026 7:12:16 PM:826;1780315936826;;
397;714;0.2070092;0.6615039;0.1977234;0.6726208;487.8;0.1589201;False;6/1/2026 7:12:16 PM:897;1780315936897;;
402;715;0.2097285;0.6623481;0.2418176;0.6862347;488.4;0.1593397;False;6/1/2026 7:12:16 PM:953;1780315936953;;
434;717;0.2262943;0.6640565;0.2979474;0.6995455;487.6;0.1612292;False;6/1/2026 7:12:17 PM:7;1780315937007;;
418;729;0.2180724;0.6754797;0.181162;0.7509031;488.0;0.1567241;False;6/1/2026 7:12:17 PM:77;1780315937077;;
361;717;0.1882368;0.6647094;0.1116794;0.6068167;488.2;0.153445;False;6/1/2026 7:12:17 PM:142;1780315937142;;
352;715;0.1834337;0.6626838;0.150054;0.6359227;489.3;0.1523147;False;6/1/2026 7:12:17 PM:209;1780315937209;;
337;717;0.175823;0.6644359;0.1323127;0.6920342;488.2;0.1641015;False;6/1/2026 7:12:17 PM:281;1780315937281;;
308;717;0.1608473;0.6639711;0.09877393;0.6524606;488.6;0.1613428;False;6/1/2026 7:12:17 PM:352;1780315937352;;
292;717;0.1521247;0.6639711;0.09898808;0.6639898;488.0;0.1676363;False;6/1/2026 7:12:17 PM:420;1780315937420;;
282;717;0.1470135;0.6639728;0.1012493;0.6655405;488.9;0.1631498;False;6/1/2026 7:12:17 PM:494;1780315937494;;
274;714;0.143226;0.6618015;0.09694953;0.6297036;488.8;0.164784;False;6/1/2026 7:12:17 PM:555;1780315937555;;
271;715;0.1414411;0.6622331;0.1012112;0.6743415;490.0;0.1602678;False;6/1/2026 7:12:17 PM:615;1780315937615;;
270;720;0.1406766;0.6669089;0.1055605;0.7091693;489.8;0.1686587;False;6/1/2026 7:12:17 PM:695;1780315937695;;
268;720;0.1398289;0.6675703;0.1023899;0.6914399;488.8;0.1663738;False;6/1/2026 7:12:17 PM:757;1780315937757;;
293;721;0.1530753;0.6684867;0.1962657;0.6971851;489.3;0.1737981;False;6/1/2026 7:12:17 PM:820;1780315937820;;
410;755;0.2139461;0.6990799;0.2834173;0.7892144;487.5;0.178277;False;6/1/2026 7:12:17 PM:967;1780315937967;;
458;756;0.2386446;0.7003495;0.278329;0.7251925;485.5;0.1766816;False;6/1/2026 7:12:18 PM:343;1780315938343;;
519;754;0.2705844;0.6981753;0.3520525;0.6790833;484.9;0.1731013;False;6/1/2026 7:12:18 PM:426;1780315938426;;
494;754;0.2573482;0.6982651;0.2099143;0.7049057;483.8;0.1642534;False;6/1/2026 7:12:18 PM:491;1780315938491;;
425;745;0.2217449;0.6900912;0.1399385;0.6343144;484.7;0.1508564;False;6/1/2026 7:12:18 PM:555;1780315938555;;
409;723;0.2132602;0.6697727;0.1712261;0.5760503;482.3;0.1676477;False;6/1/2026 7:12:18 PM:618;1780315938618;;
365;721;0.1905604;0.6679832;0.1161727;0.62983;483.8;0.1579804;False;6/1/2026 7:12:18 PM:673;1780315938673;;
398;723;0.2073534;0.6694711;0.267155;0.6884622;483.5;0.1688984;False;6/1/2026 7:12:18 PM:739;1780315938739;;
555;730;0.2890946;0.6768281;0.4053412;0.7293688;481.8;0.1702678;False;6/1/2026 7:12:18 PM:808;1780315938808;;
669;729;0.3484502;0.6750271;0.4415249;0.6487138;480.2;0.1714767;False;6/1/2026 7:12:18 PM:879;1780315938879;;
731;702;0.3810439;0.6508808;0.4510185;0.5517359;481.2;0.1779163;False;6/1/2026 7:12:18 PM:946;1780315938946;;
755;702;0.393357;0.6508057;0.4369382;0.6381503;481.6;0.1800029;False;6/1/2026 7:12:19 PM:17;1780315939017;;
768;689;0.4001436;0.6385454;0.4361394;0.5599535;483.1;0.173124;False;6/1/2026 7:12:19 PM:85;1780315939085;;
770;683;0.4012205;0.6328697;0.4175899;0.5699359;482.7;0.1810931;False;6/1/2026 7:12:19 PM:155;1780315939155;;
770;692;0.4013577;0.6416184;0.4094527;0.6874539;482.4;0.1889569;False;6/1/2026 7:12:19 PM:231;1780315939231;;
770;705;0.4013769;0.6534951;0.4026212;0.7163414;479.1;0.1930153;False;6/1/2026 7:12:19 PM:304;1780315939304;;
770;706;0.4013861;0.6538934;0.402095;0.6684705;478.9;0.1901482;False;6/1/2026 7:12:19 PM:377;1780315939377;;
769;708;0.4009878;0.6562397;0.3925734;0.6903588;477.9;0.1884951;False;6/1/2026 7:12:19 PM:457;1780315939457;;
768;713;0.4004129;0.6602363;0.3884044;0.7077334;476.6;0.18809;False;6/1/2026 7:12:19 PM:534;1780315939534;;
769;711;0.401;0.6590462;0.4111315;0.6447818;477.1;0.187141;False;6/1/2026 7:12:19 PM:611;1780315939611;;
796;705;0.4148346;0.6534191;0.4662963;0.6119213;475.9;0.1954683;False;6/1/2026 7:12:19 PM:694;1780315939694;;
1229;314;0.6403295;0.2910353;0.7796331;0.05350931;474.3;0.1898007;False;6/1/2026 7:12:19 PM:789;1780315939789;;
1450;140;0.755555;0.129945;0.7947634;0.06604838;472.5;0.1908511;False;6/1/2026 7:12:36 PM:501;1780315956501;;
965;428;0.5028927;0.3969693;0.3942064;0.562055;470.3;0.1854308;False;6/1/2026 7:12:36 PM:650;1780315956650;;
806;519;0.42015;0.4808969;0.3553721;0.584165;473.3;0.1769176;False;6/1/2026 7:12:36 PM:771;1780315956771;;
794;554;0.4139465;0.5136305;0.4003221;0.5881395;476.0;0.1698625;False;6/1/2026 7:12:36 PM:879;1780315956879;;
793;589;0.4132307;0.5455344;0.4093218;0.6425024;479.3;0.1708349;False;6/1/2026 7:12:36 PM:954;1780315956954;;
794;594;0.4135582;0.5507138;0.4182708;0.6010203;482.9;0.1654473;False;6/1/2026 7:12:37 PM:8;1780315957008;;
794;596;0.4138743;0.5524238;0.4217467;0.586321;483.8;0.1746635;False;6/1/2026 7:12:37 PM:57;1780315957057;;
794;596;0.4138982;0.5526163;0.4325613;0.5696923;484.3;0.1854299;False;6/1/2026 7:12:37 PM:107;1780315957107;;
794;597;0.4139192;0.5527807;0.432548;0.5697586;484.8;0.185459;False;6/1/2026 7:12:37 PM:163;1780315957163;;
800;587;0.4170365;0.5442594;0.4586478;0.4813043;484.7;0.1851561;False;6/1/2026 7:12:37 PM:212;1780315957212;;
801;581;0.417533;0.538388;0.4445623;0.4831728;486.7;0.1798059;False;6/1/2026 7:12:37 PM:265;1780315957265;;
801;575;0.4177069;0.5327878;0.4422402;0.4747717;490.5;0.1511058;False;6/1/2026 7:12:37 PM:320;1780315957320;;
802;575;0.4180814;0.5326566;0.433489;0.5239277;494.0;0.1510879;False;6/1/2026 7:12:37 PM:381;1780315957381;;
803;575;0.418296;0.5329516;0.4224687;0.5404031;497.2;0.0522473;False;6/1/2026 7:12:37 PM:438;1780315957438;;
803;575;0.4184856;0.5327224;0.4255556;0.5161276;501.4;0.03810803;True;6/1/2026 7:12:37 PM:489;1780315957489;;
803;576;0.4186285;0.5339913;0.4242711;0.5553873;505.6;0.03382265;True;6/1/2026 7:12:37 PM:546;1780315957546;;
809;553;0.4215461;0.512564;0.4589022;0.4027377;508.7;0.03667623;True;6/1/2026 7:12:37 PM:592;1780315957592;;
809;552;0.4216104;0.5111508;0.4379157;0.4760324;511.7;0.02668508;True;6/1/2026 7:12:37 PM:639;1780315957639;;
809;550;0.4216607;0.5100963;0.4379158;0.4760349;514.3;0.02668484;True;6/1/2026 7:12:37 PM:684;1780315957684;;
807;562;0.4204057;0.5211148;0.406036;0.5912412;514.8;0.06417251;False;6/1/2026 7:12:37 PM:732;1780315957732;;
807;562;0.4204714;0.5210734;0.4254828;0.5121632;517.5;0.1381627;False;6/1/2026 7:12:37 PM:782;1780315957782;;
807;562;0.4205262;0.5210384;0.4255005;0.51218;519.9;0.138099;False;6/1/2026 7:12:37 PM:840;1780315957840;;
807;565;0.4205647;0.5240166;0.4231498;0.5608724;518.3;0.1630825;False;6/1/2026 7:12:37 PM:894;1780315957894;;
811;544;0.4224896;0.5040252;0.4506201;0.4027252;517.3;0.1703301;False;6/1/2026 7:12:37 PM:943;1780315957943;;
816;534;0.4254016;0.4950112;0.4611073;0.4205734;516.6;0.1780623;False;6/1/2026 7:12:37 PM:992;1780315957992;;
823;520;0.4287056;0.4816757;0.4682437;0.3891998;517.0;0.174417;False;6/1/2026 7:12:38 PM:41;1780315958041;;
825;517;0.4297121;0.4794122;0.4579364;0.4301374;517.3;0.1744116;False;6/1/2026 7:12:38 PM:94;1780315958094;;
825;529;0.4298147;0.4898221;0.4471066;0.5508085;515.1;0.1703779;False;6/1/2026 7:12:38 PM:146;1780315958146;;
825;537;0.4299751;0.4977688;0.4334806;0.5559378;513.9;0.1738317;False;6/1/2026 7:12:38 PM:199;1780315958199;;
825;537;0.4301401;0.4981104;0.4373895;0.5110722;512.1;0.1728305;False;6/1/2026 7:12:38 PM:253;1780315958253;;
825;545;0.4300427;0.504985;0.428056;0.5633407;512.2;0.1767195;False;6/1/2026 7:12:38 PM:313;1780315958313;;
827;532;0.4311524;0.4934622;0.4551015;0.4194577;512.2;0.1767361;False;6/1/2026 7:12:38 PM:362;1780315958362;;
844;442;0.4400758;0.4092821;0.4968511;0.2204798;511.7;0.1757561;False;6/1/2026 7:12:38 PM:412;1780315958412;;
843;465;0.4394022;0.4312879;0.4305579;0.5436036;510.5;0.1717818;False;6/1/2026 7:12:38 PM:466;1780315958466;;
843;466;0.4394214;0.4323076;0.4487963;0.4722704;509.4;0.1686291;False;6/1/2026 7:12:38 PM:518;1780315958518;;
843;467;0.4394355;0.4330061;0.4487889;0.4723304;508.3;0.1686135;False;6/1/2026 7:12:38 PM:566;1780315958566;;
857;403;0.4466544;0.3737596;0.4985887;0.2198185;507.9;0.1726188;False;6/1/2026 7:12:38 PM:613;1780315958613;;
858;402;0.4470783;0.3729425;0.4678144;0.3615638;507.9;0.1727942;False;6/1/2026 7:12:38 PM:662;1780315958662;;
860;325;0.4479205;0.3016644;0.4736567;0.1330864;510.0;0.1684171;False;6/1/2026 7:12:38 PM:711;1780315958711;;
861;282;0.4485334;0.2614424;0.4736783;0.1330913;511.9;0.1683733;False;6/1/2026 7:12:38 PM:758;1780315958758;;
773;267;0.4030914;0.2478168;0.3092158;0.1768649;510.5;0.1824411;False;6/1/2026 7:12:38 PM:813;1780315958813;;
691;259;0.3601349;0.2405196;0.2679903;0.183015;510.3;0.1825007;False;6/1/2026 7:12:38 PM:864;1780315958864;;
654;230;0.3407824;0.2136137;0.2802595;0.09953588;511.1;0.1775854;False;6/1/2026 7:12:38 PM:915;1780315958915;;
630;210;0.3283087;0.1952929;0.2802305;0.09953608;511.8;0.177603;False;6/1/2026 7:12:38 PM:972;1780315958972;;
630;338;0.3281654;0.3137042;0.3251835;0.512891;511.5;0.1830762;False;6/1/2026 7:12:39 PM:28;1780315959028;;
750;303;0.3907319;0.2809771;0.5046113;0.1397542;513.6;0.165763;False;6/1/2026 7:12:39 PM:87;1780315959087;;
754;426;0.3927687;0.395042;0.4135724;0.5827144;516.1;0.1116876;False;6/1/2026 7:12:39 PM:142;1780315959142;;
756;487;0.3940233;0.4509275;0.4119864;0.5749949;516.3;0.05602505;False;6/1/2026 7:12:39 PM:198;1780315959198;;
757;526;0.39448;0.4876645;0.4069973;0.5889122;517.7;0.03429664;True;6/1/2026 7:12:39 PM:256;1780315959256;;
757;553;0.394657;0.5129607;0.4042015;0.5989884;518.9;0.03427754;True;6/1/2026 7:12:39 PM:316;1780315959316;;
760;557;0.3958953;0.5163139;0.4172197;0.5451069;519.3;0.04471246;False;6/1/2026 7:12:39 PM:378;1780315959378;;
763;564;0.3976267;0.5228671;0.4246297;0.5728946;520.7;0.04447651;False;6/1/2026 7:12:39 PM:436;1780315959436;;
759;565;0.3957438;0.5238709;0.3763653;0.5471967;519.6;0.05775144;False;6/1/2026 7:12:39 PM:486;1780315959486;;
772;562;0.4023239;0.5207055;0.44683;0.4825346;520.3;0.0426406;False;6/1/2026 7:12:39 PM:546;1780315959546;;
774;564;0.4033;0.5227146;0.4281693;0.5543123;521.0;0.04255451;False;6/1/2026 7:12:39 PM:595;1780315959595;;
783;555;0.4080627;0.5139833;0.4529646;0.4469863;522.4;0.04064349;True;6/1/2026 7:12:39 PM:647;1780315959647;;
790;547;0.41187;0.5071508;0.4529998;0.4469853;523.6;0.04056931;True;6/1/2026 7:12:39 PM:712;1780315959712;;
790;547;0.4119583;0.5069677;0.433076;0.498216;523.2;0.0650044;False;6/1/2026 7:12:39 PM:782;1780315959782;;
791;548;0.4120467;0.5079106;0.4348784;0.5237721;523.3;0.07835275;False;6/1/2026 7:12:39 PM:839;1780315959839;;
729;456;0.3798732;0.4225764;0.305664;0.2457747;525.7;0.1484864;False;6/1/2026 7:12:39 PM:901;1780315959901;;
556;332;0.289782;0.307485;0.1725405;0.1156866;523.7;0.173582;False;6/1/2026 7:12:39 PM:964;1780315959964;;
496;260;0.2587658;0.2411144;0.1946266;0.09950018;521.0;0.166839;False;6/1/2026 7:12:40 PM:28;1780315960028;;
462;253;0.2407867;0.234327;0.1884068;0.1891313;519.1;0.1659759;False;6/1/2026 7:12:40 PM:86;1780315960086;;
398;214;0.2073515;0.198739;0.1330614;0.08505782;517.1;0.1665228;False;6/1/2026 7:12:40 PM:147;1780315960147;;
377;234;0.1965546;0.2172591;0.1539803;0.3090675;516.4;0.165511;False;6/1/2026 7:12:40 PM:210;1780315960210;;
372;353;0.1941613;0.3272566;0.1730878;0.5293403;515.0;0.1618225;False;6/1/2026 7:12:40 PM:269;1780315960269;;
372;386;0.1941709;0.3582545;0.1975601;0.4728837;514.4;0.1738308;False;6/1/2026 7:12:40 PM:321;1780315960321;;
372;387;0.1941832;0.3585433;0.1964584;0.3691905;513.5;0.1711263;False;6/1/2026 7:12:40 PM:373;1780315960373;;
372;387;0.1941926;0.3587614;0.1964752;0.3692446;512.7;0.171135;False;6/1/2026 7:12:40 PM:425;1780315960425;;
373;445;0.1942711;0.4124117;0.2009567;0.5596966;511.3;0.1675131;False;6/1/2026 7:12:40 PM:483;1780315960483;;
406;516;0.2118161;0.4785513;0.2773347;0.6351094;510.6;0.1613674;False;6/1/2026 7:12:40 PM:545;1780315960545;;
380;538;0.1981139;0.4983;0.1454211;0.5883701;511.3;0.1602175;False;6/1/2026 7:12:40 PM:609;1780315960609;;
376;544;0.1961791;0.5043892;0.1729196;0.564555;509.8;0.1682455;False;6/1/2026 7:12:40 PM:666;1780315960666;;
355;560;0.1854074;0.5188735;0.1303487;0.6110878;509.5;0.1744022;False;6/1/2026 7:12:40 PM:722;1780315960722;;
355;566;0.1853354;0.5244113;0.1815364;0.5903866;507.4;0.1661674;False;6/1/2026 7:12:40 PM:784;1780315960784;;
358;573;0.1869165;0.5312638;0.2040543;0.6054979;507.0;0.169649;False;6/1/2026 7:12:40 PM:847;1780315960847;;
361;580;0.1880634;0.5375789;0.2046302;0.6135172;506.7;0.1696354;False;6/1/2026 7:12:40 PM:914;1780315960914;;
364;597;0.1896209;0.5528092;0.2113437;0.6579186;505.4;0.1704941;False;6/1/2026 7:12:40 PM:978;1780315960978;;
358;606;0.1866362;0.5616711;0.1619661;0.6542254;504.9;0.1770416;False;6/1/2026 7:12:41 PM:42;1780315961042;;
358;606;0.1865048;0.5618412;0.1805945;0.6206258;503.6;0.1743063;False;6/1/2026 7:12:41 PM:108;1780315961108;;
316;548;0.1646568;0.5074382;0.09405667;0.3859141;504.0;0.1720407;False;6/1/2026 7:12:41 PM:170;1780315961170;;
290;566;0.1512106;0.5242645;0.09577619;0.6287594;503.2;0.1768174;False;6/1/2026 7:12:41 PM:244;1780315961244;;
277;567;0.1444944;0.5254723;0.09946425;0.5619634;502.9;0.1778093;False;6/1/2026 7:12:41 PM:316;1780315961316;;
270;567;0.1407935;0.525745;0.1013303;0.5751629;501.9;0.1755371;False;6/1/2026 7:12:41 PM:385;1780315961385;;
255;563;0.1333084;0.521759;0.07884344;0.4951698;501.7;0.1792348;False;6/1/2026 7:12:41 PM:447;1780315961447;;
245;553;0.1279455;0.5125777;0.07959373;0.4646092;500.2;0.1708504;False;6/1/2026 7:12:41 PM:523;1780315961523;;
244;574;0.1273341;0.5315995;0.09344565;0.6275391;497.8;0.1691897;False;6/1/2026 7:12:41 PM:585;1780315961585;;
242;578;0.126185;0.5353674;0.08803572;0.590028;496.7;0.179783;False;6/1/2026 7:12:41 PM:643;1780315961643;;
241;594;0.1258969;0.5502344;0.09254992;0.640701;495.7;0.1801136;False;6/1/2026 7:12:41 PM:714;1780315961714;;
238;593;0.1242496;0.5499935;0.0835746;0.5471678;494.0;0.1797447;False;6/1/2026 7:12:41 PM:789;1780315961789;;
238;606;0.1240247;0.5611436;0.09275924;0.6443496;492.1;0.178421;False;6/1/2026 7:12:41 PM:850;1780315961850;;
237;614;0.1238407;0.5692104;0.09276894;0.6443936;490.4;0.1784535;False;6/1/2026 7:12:41 PM:923;1780315961923;;
239;615;0.1247683;0.5698855;0.1311362;0.6164022;488.4;0.1817681;False;6/1/2026 7:12:41 PM:992;1780315961992;;
238;629;0.1240763;0.5828263;0.09740565;0.6745431;486.9;0.1752646;False;6/1/2026 7:12:42 PM:71;1780315962071;;
237;637;0.1237637;0.5899344;0.09844475;0.6734943;483.9;0.1818697;False;6/1/2026 7:12:42 PM:140;1780315962140;;
238;679;0.1240458;0.6292675;0.1269211;0.7741958;481.9;0.1732463;False;6/1/2026 7:12:42 PM:211;1780315962211;;
238;694;0.1240379;0.6427495;0.1088094;0.7439995;479.5;0.1721518;False;6/1/2026 7:12:42 PM:289;1780315962289;;
237;696;0.1237586;0.6446934;0.1050933;0.7164845;477.9;0.1819195;False;6/1/2026 7:12:42 PM:366;1780315962366;;
237;709;0.1235572;0.6569893;0.1116116;0.7600412;475.8;0.1734637;False;6/1/2026 7:12:42 PM:447;1780315962447;;
233;712;0.1218317;0.659304;0.09369335;0.6837281;473.4;0.1723702;False;6/1/2026 7:12:42 PM:526;1780315962526;;
232;713;0.1210278;0.6607356;0.09578712;0.6871551;471.9;0.1696787;False;6/1/2026 7:12:42 PM:601;1780315962601;;
230;712;0.1200187;0.6596133;0.09180663;0.6497478;468.8;0.1781138;False;6/1/2026 7:12:42 PM:671;1780315962671;;
229;722;0.1196162;0.669044;0.1063832;0.7455444;466.4;0.1803201;False;6/1/2026 7:12:42 PM:743;1780315962743;;
229;746;0.119288;0.6910898;0.1094406;0.7994669;462.3;0.1847517;False;6/1/2026 7:12:42 PM:818;1780315962818;;
228;747;0.1189629;0.6920027;0.09955697;0.7053903;458.9;0.1836837;False;6/1/2026 7:12:42 PM:897;1780315962897;;
228;763;0.1188443;0.7073758;0.1164961;0.8048787;454.7;0.1863517;False;6/1/2026 7:12:42 PM:963;1780315962963;;
228;763;0.1187785;0.7074017;0.105198;0.7485847;452.0;0.1784609;False;6/1/2026 7:12:43 PM:32;1780315963032;;
227;764;0.1186529;0.7076683;0.1038973;0.7454049;450.5;0.1796606;False;6/1/2026 7:12:43 PM:104;1780315963104;;
227;770;0.1184663;0.7132478;0.1118611;0.7814326;449.5;0.1823543;False;6/1/2026 7:12:43 PM:192;1780315963192;;
227;771;0.1184149;0.7141195;0.1065949;0.7468203;447.5;0.1763811;False;6/1/2026 7:12:43 PM:261;1780315963261;;
227;771;0.118331;0.714569;0.1056182;0.7209349;447.3;0.1712508;False;6/1/2026 7:12:43 PM:329;1780315963329;;
227;772;0.1183198;0.7150344;0.106983;0.729146;447.2;0.1712775;False;6/1/2026 7:12:43 PM:396;1780315963396;;
227;772;0.1182893;0.7151958;0.1074965;0.7373152;447.8;0.1644862;False;6/1/2026 7:12:43 PM:469;1780315963469;;
408;766;0.2130167;0.7101161;0.3237079;0.6748572;450.3;0.04706654;False;6/1/2026 7:12:43 PM:546;1780315963546;;
531;739;0.2766594;0.6850878;0.3654114;0.5926559;455.3;0.04891795;False;6/1/2026 7:12:43 PM:620;1780315963620;;
629;714;0.3277365;0.6619187;0.4062711;0.5665229;459.0;0.0453605;False;6/1/2026 7:12:43 PM:694;1780315963694;;
681;700;0.3551854;0.648561;0.4177094;0.562988;463.6;0.029805;True;6/1/2026 7:12:43 PM:758;1780315963758;;
708;694;0.3692406;0.6433015;0.4126537;0.5807449;468.3;0.03132082;True;6/1/2026 7:12:43 PM:832;1780315963832;;
719;694;0.3749679;0.6428067;0.4032934;0.6149658;470.0;0.0494411;False;6/1/2026 7:12:43 PM:914;1780315963914;;
727;693;0.3786745;0.6422508;0.4057327;0.6226213;476.1;0.1145447;False;6/1/2026 7:12:43 PM:992;1780315963992;;
728;688;0.3791956;0.6376604;0.3927571;0.5775068;479.2;0.147179;False;6/1/2026 7:12:44 PM:61;1780315964061;;
722;673;0.376046;0.6235304;0.3516261;0.5312722;482.1;0.147077;False;6/1/2026 7:12:44 PM:134;1780315964134;;
671;670;0.3495373;0.6212265;0.278975;0.5627855;481.5;0.1610745;False;6/1/2026 7:12:44 PM:211;1780315964211;;
644;669;0.335427;0.6203547;0.2813097;0.5850844;480.4;0.1649553;False;6/1/2026 7:12:44 PM:295;1780315964295;;
671;681;0.3497476;0.6312653;0.3976231;0.6795276;480.3;0.1634577;False;6/1/2026 7:12:44 PM:373;1780315964373;;
588;674;0.3065023;0.6244852;0.2177992;0.5612265;480.7;0.1650483;False;6/1/2026 7:12:44 PM:445;1780315964445;;
609;674;0.3175117;0.6243777;0.365923;0.5943831;482.9;0.1142083;False;6/1/2026 7:12:44 PM:519;1780315964519;;
646;674;0.3368422;0.6245925;0.3996834;0.6274505;484.3;0.0342125;True;6/1/2026 7:12:44 PM:602;1780315964602;;
676;673;0.3524814;0.6234213;0.4157929;0.5901287;485.6;0.04404096;False;6/1/2026 7:12:44 PM:675;1780315964675;;
691;672;0.359983;0.6231427;0.4088579;0.6112383;487.7;0.03156259;True;6/1/2026 7:12:44 PM:757;1780315964757;;
691;672;0.3602857;0.6224813;0.386875;0.5940442;489.9;0.04530142;False;6/1/2026 7:12:44 PM:830;1780315964830;;
692;672;0.3605784;0.6223572;0.3875075;0.6040505;491.8;0.03750147;True;6/1/2026 7:12:44 PM:910;1780315964910;;
702;670;0.365726;0.620864;0.4111983;0.5854949;492.0;0.04204014;True;6/1/2026 7:12:45 PM:2;1780315965002;;
704;670;0.3669566;0.6210845;0.4027638;0.6242087;492.5;0.04468184;False;6/1/2026 7:12:45 PM:94;1780315965094;;
698;670;0.3640563;0.6210328;0.3496284;0.6052029;494.2;0.03724031;True;6/1/2026 7:12:45 PM:177;1780315965177;;
706;670;0.3678104;0.6204714;0.4064839;0.5956913;495.8;0.04645094;False;6/1/2026 7:12:45 PM:251;1780315965251;;
702;667;0.3657969;0.6182647;0.3528978;0.5793396;496.7;0.0377082;True;6/1/2026 7:12:45 PM:339;1780315965339;;
702;667;0.3659107;0.6182872;0.370767;0.6186901;498.3;0.03900617;True;6/1/2026 7:12:45 PM:420;1780315965420;;
706;667;0.3681911;0.618385;0.3960772;0.6208782;497.9;0.04281291;True;6/1/2026 7:12:45 PM:492;1780315965492;;
704;668;0.366911;0.6186;0.3544455;0.6246524;500.4;0.04064523;True;6/1/2026 7:12:45 PM:566;1780315965566;;
706;670;0.3678521;0.6203729;0.3861613;0.645807;500.3;0.03831794;True;6/1/2026 7:12:45 PM:639;1780315965639;;
712;666;0.3708479;0.6169781;0.4023612;0.5800711;501.8;0.0365602;True;6/1/2026 7:12:45 PM:709;1780315965709;;
717;666;0.3737119;0.6169516;0.4069454;0.6136546;500.9;0.03568324;True;6/1/2026 7:12:45 PM:786;1780315965786;;
720;666;0.3754673;0.6169406;0.4064307;0.6158998;499.0;0.04439875;True;6/1/2026 7:12:45 PM:862;1780315965862;;
721;666;0.3755736;0.6169318;0.3953181;0.615527;500.3;0.05214838;False;6/1/2026 7:12:45 PM:935;1780315965935;;
721;668;0.3759096;0.6189774;0.3914965;0.6449049;500.4;0.03705118;True;6/1/2026 7:12:46 PM:28;1780315966028;;
722;666;0.3761232;0.6169078;0.3966758;0.5920652;500.1;0.04504917;True;6/1/2026 7:12:46 PM:120;1780315966120;;
722;666;0.3762633;0.617579;0.393507;0.6320546;500.3;0.03882397;True;6/1/2026 7:12:46 PM:207;1780315966207;;
723;666;0.3770786;0.6175227;0.4019322;0.6138412;500.3;0.04801057;True;6/1/2026 7:12:46 PM:300;1780315966300;;
724;665;0.3774684;0.6165698;0.3846919;0.5971661;501.5;0.04017258;True;6/1/2026 7:12:46 PM:387;1780315966387;;
725;665;0.3777503;0.6163167;0.3963366;0.6028097;502.2;0.05141617;False;6/1/2026 7:12:46 PM:473;1780315966473;;
721;666;0.3759767;0.6171465;0.3632065;0.6311108;501.4;0.04313933;True;6/1/2026 7:12:46 PM:566;1780315966566;;
721;675;0.3759833;0.6254446;0.3762174;0.6795523;502.5;0.04463514;True;6/1/2026 7:12:46 PM:654;1780315966654;;
722;679;0.3763994;0.6292381;0.3884186;0.6742064;501.9;0.06411482;False;6/1/2026 7:12:46 PM:741;1780315966741;;
722;692;0.3763556;0.6412889;0.3751231;0.7165982;502.6;0.1210567;False;6/1/2026 7:12:46 PM:829;1780315966829;;
728;693;0.3793368;0.6418179;0.4061938;0.6510121;500.6;0.1581169;False;6/1/2026 7:12:46 PM:917;1780315966917;;
733;693;0.3822482;0.6419792;0.4115809;0.6449499;500.3;0.1659969;False;6/1/2026 7:12:47 PM:10;1780315967010;;
655;680;0.3411685;0.6303066;0.2671574;0.5732019;497.9;0.1707098;False;6/1/2026 7:12:47 PM:97;1780315967097;;
655;681;0.3412744;0.6313426;0.348436;0.6502326;496.1;0.17134;False;6/1/2026 7:12:47 PM:189;1780315967189;;
636;683;0.3312874;0.6324548;0.2921763;0.6556745;495.4;0.1752549;False;6/1/2026 7:12:47 PM:279;1780315967279;;
638;670;0.3324825;0.6205617;0.3471008;0.5631221;492.7;0.1760534;False;6/1/2026 7:12:47 PM:376;1780315967376;;
589;670;0.3072803;0.6205509;0.2468615;0.6199826;489.1;0.1740537;False;6/1/2026 7:12:47 PM:477;1780315967477;;
534;667;0.2784116;0.6178101;0.2054955;0.5824415;488.5;0.1648333;False;6/1/2026 7:12:47 PM:559;1780315967559;;
528;666;0.2750821;0.617433;0.2440361;0.596974;487.1;0.1631882;False;6/1/2026 7:12:47 PM:648;1780315967648;;
546;671;0.284554;0.6221539;0.3190278;0.6555856;485.3;0.1717187;False;6/1/2026 7:12:47 PM:747;1780315967747;;
527;671;0.2746078;0.6217116;0.2307135;0.6087334;483.0;0.1704526;False;6/1/2026 7:12:47 PM:837;1780315967837;;
553;668;0.2880507;0.6190156;0.3304954;0.5865933;483.3;0.1675276;False;6/1/2026 7:12:47 PM:940;1780315967940;;
501;668;0.2611205;0.6193069;0.1952496;0.6252719;481.8;0.1782165;False;6/1/2026 7:12:48 PM:28;1780315968028;;
536;670;0.2793526;0.6204394;0.33269;0.637952;481.1;0.1704715;False;6/1/2026 7:12:48 PM:123;1780315968123;;
520;694;0.2708978;0.6427359;0.234836;0.7246104;479.7;0.170634;False;6/1/2026 7:12:48 PM:224;1780315968224;;
492;676;0.2562736;0.626804;0.2032563;0.5627213;479.4;0.1704445;False;6/1/2026 7:12:48 PM:316;1780315968316;;
493;676;0.2570311;0.6267583;0.2647024;0.6218442;480.2;0.1550803;False;6/1/2026 7:12:48 PM:408;1780315968408;;
495;672;0.2579038;0.6225299;0.2683331;0.583245;478.9;0.1713375;False;6/1/2026 7:12:48 PM:508;1780315968508;;
415;678;0.2166072;0.6279437;0.1410904;0.6643553;478.6;0.1548745;False;6/1/2026 7:12:48 PM:609;1780315968609;;
385;680;0.2008933;0.6298624;0.1490534;0.6565427;477.6;0.1595298;False;6/1/2026 7:12:48 PM:714;1780315968714;;
339;682;0.1767183;0.6318942;0.1108572;0.6638741;477.4;0.1602089;False;6/1/2026 7:12:48 PM:820;1780315968820;;
307;682;0.1600114;0.6317887;0.0991037;0.6298462;476.2;0.1579134;False;6/1/2026 7:12:48 PM:923;1780315968923;;
286;680;0.1492654;0.6302776;0.09465244;0.6122897;475.8;0.159619;False;6/1/2026 7:12:49 PM:35;1780315969035;;
272;677;0.141738;0.6270746;0.08908452;0.5946309;475.1;0.1564702;False;6/1/2026 7:12:49 PM:146;1780315969146;;
266;677;0.139057;0.6269974;0.09339244;0.6234946;474.1;0.1496199;False;6/1/2026 7:12:49 PM:247;1780315969247;;
337;698;0.1758381;0.6464852;0.2337617;0.7186168;475.4;0.05036305;True;6/1/2026 7:12:49 PM:351;1780315969351;;
347;699;0.1808146;0.6474066;0.2024032;0.6720099;477.7;0.1300547;False;6/1/2026 7:12:49 PM:453;1780315969453;;
569;703;0.2965347;0.6512832;0.4061292;0.6968107;475.9;0.169776;False;6/1/2026 7:12:49 PM:548;1780315969548;;
652;703;0.3397992;0.6510015;0.4006168;0.6475574;474.3;0.1746591;False;6/1/2026 7:12:49 PM:663;1780315969663;;
690;703;0.3598856;0.6511195;0.4057091;0.6592045;472.2;0.1693365;False;6/1/2026 7:12:49 PM:778;1780315969778;;
713;702;0.3716755;0.6507206;0.413629;0.6430614;470.9;0.1687526;False;6/1/2026 7:12:49 PM:884;1780315969884;;
717;704;0.373591;0.6522221;0.3960323;0.6766403;469.9;0.1592297;False;6/1/2026 7:12:49 PM:992;1780315969992;;
508;690;0.264666;0.6395788;0.1607423;0.581111;471.1;0.167402;False;6/1/2026 7:12:50 PM:92;1780315970092;;
444;692;0.2314386;0.6408044;0.1753453;0.6579422;470.0;0.1602285;False;6/1/2026 7:12:50 PM:196;1780315970196;;
334;684;0.1742971;0.6341299;0.09275928;0.5864779;469.5;0.1630922;False;6/1/2026 7:12:50 PM:290;1780315970290;;
296;696;0.1546306;0.6453051;0.1046854;0.7007118;470.3;0.1748528;False;6/1/2026 7:12:50 PM:385;1780315970385;;
281;709;0.1465664;0.6571473;0.1105401;0.7218325;471.3;0.1833161;False;6/1/2026 7:12:50 PM:483;1780315970483;;
262;707;0.1368965;0.6552208;0.09289035;0.6370974;470.9;0.1831565;False;6/1/2026 7:12:50 PM:581;1780315970581;;
256;708;0.1335716;0.6561401;0.1007488;0.6782305;471.7;0.1763245;False;6/1/2026 7:12:50 PM:679;1780315970679;;
248;702;0.1292477;0.6504475;0.08996059;0.6114305;472.7;0.1792945;False;6/1/2026 7:12:50 PM:775;1780315970775;;
244;699;0.1271868;0.6473888;0.09309146;0.614341;473.9;0.1688516;False;6/1/2026 7:12:50 PM:887;1780315970887;;
239;684;0.1247777;0.6333653;0.08776636;0.5643848;475.7;0.1721049;False;6/1/2026 7:12:51 PM:7;1780315971007;;
239;684;0.1244884;0.6333385;0.09311546;0.6037955;477.0;0.1747421;False;6/1/2026 7:12:51 PM:123;1780315971123;;
237;708;0.1234872;0.6557451;0.1036193;0.7208837;477.3;0.1798463;False;6/1/2026 7:12:51 PM:244;1780315971244;;
235;715;0.1228835;0.6625308;0.1034758;0.7043675;477.3;0.1675751;False;6/1/2026 7:12:51 PM:388;1780315971388;;
235;717;0.1227791;0.664599;0.1017044;0.7008893;477.9;0.1801529;False;6/1/2026 7:12:51 PM:480;1780315971480;;
246;716;0.1281641;0.6632549;0.1565383;0.6460205;479.1;0.1755494;False;6/1/2026 7:12:51 PM:541;1780315971541;;
300;716;0.1562598;0.6633101;0.23633;0.6679059;476.7;0.1875992;False;6/1/2026 7:12:51 PM:594;1780315971594;;
546;716;0.284833;0.6631923;0.4031803;0.6596156;476.3;0.1790287;False;6/1/2026 7:12:51 PM:679;1780315971679;;
657;715;0.3423467;0.6623792;0.4175909;0.6467333;475.1;0.1820811;False;6/1/2026 7:12:51 PM:764;1780315971764;;
710;703;0.3699853;0.6511793;0.4280595;0.5825135;474.3;0.1771911;False;6/1/2026 7:12:51 PM:834;1780315971834;;
725;703;0.3776747;0.6517722;0.4079973;0.6628414;474.1;0.1817984;False;6/1/2026 7:12:51 PM:903;1780315971903;;
749;686;0.3904878;0.6359525;0.4393367;0.5477981;474.5;0.1798324;False;6/1/2026 7:12:51 PM:962;1780315971962;;
754;687;0.3927391;0.6368446;0.4117748;0.6498188;476.0;0.1824051;False;6/1/2026 7:12:52 PM:37;1780315972037;;
765;678;0.3987621;0.6284143;0.4392182;0.5587996;476.7;0.1814806;False;6/1/2026 7:12:52 PM:92;1780315972092;;
768;676;0.4002011;0.6265047;0.4247867;0.5824605;476.0;0.1723429;False;6/1/2026 7:12:52 PM:138;1780315972138;;
780;643;0.4064736;0.5957651;0.4506761;0.4719504;475.9;0.1813421;False;6/1/2026 7:12:52 PM:199;1780315972199;;
810;534;0.422245;0.4947898;0.4937615;0.2832887;476.1;0.1739513;False;6/1/2026 7:12:52 PM:251;1780315972251;;
812;529;0.4229949;0.4900813;0.4479987;0.4410322;476.3;0.1738283;False;6/1/2026 7:12:52 PM:304;1780315972304;;
807;565;0.4206079;0.5232748;0.4034547;0.6305408;476.1;0.1749916;False;6/1/2026 7:12:52 PM:375;1780315972375;;
808;564;0.4211544;0.5227967;0.4385285;0.5095997;475.8;0.1775364;False;6/1/2026 7:12:52 PM:436;1780315972436;;
830;464;0.4325326;0.4301748;0.4928112;0.2411918;475.6;0.1781286;False;6/1/2026 7:12:52 PM:490;1780315972490;;
819;523;0.4269919;0.4845781;0.3967635;0.6322622;475.0;0.1748942;False;6/1/2026 7:12:52 PM:557;1780315972557;;
867;443;0.4518323;0.4102421;0.5319775;0.2461669;475.1;0.1762378;False;6/1/2026 7:12:52 PM:613;1780315972613;;
874;398;0.4554611;0.3686829;0.4880102;0.2578787;473.9;0.1713818;False;6/1/2026 7:12:52 PM:683;1780315972683;;
873;408;0.4551638;0.3781958;0.4505963;0.4464864;473.7;0.1772433;False;6/1/2026 7:12:52 PM:760;1780315972760;;
873;408;0.455203;0.3785322;0.4591756;0.3884467;473.0;0.1801272;False;6/1/2026 7:12:52 PM:833;1780315972833;;
876;402;0.4564012;0.3727697;0.4775518;0.3294386;472.2;0.1794559;False;6/1/2026 7:12:52 PM:894;1780315972894;;
871;446;0.4540848;0.4132415;0.4340903;0.537434;471.2;0.1791739;False;6/1/2026 7:12:52 PM:964;1780315972964;;
882;379;0.4595696;0.351406;0.4998493;0.1973813;471.2;0.1714526;False;6/1/2026 7:12:53 PM:19;1780315973019;;
878;407;0.4575395;0.3774429;0.4361757;0.4962297;471.7;0.1783402;False;6/1/2026 7:12:53 PM:73;1780315973073;;
879;402;0.4580845;0.3725779;0.4715289;0.3337372;473.4;0.1762943;False;6/1/2026 7:12:53 PM:133;1780315973133;;
974;350;0.5073039;0.3245527;0.6140459;0.183638;474.2;0.1776968;False;6/1/2026 7:12:53 PM:186;1780315973186;;
1009;339;0.5257071;0.314036;0.5918396;0.2444952;475.7;0.1771338;False;6/1/2026 7:12:53 PM:241;1780315973241;;
991;341;0.51627;0.3163178;0.4695521;0.346309;477.1;0.1767113;False;6/1/2026 7:12:53 PM:312;1780315973312;;
991;336;0.5166094;0.31163;0.523044;0.2661273;475.2;0.1834117;False;6/1/2026 7:12:53 PM:372;1780315973372;;
945;449;0.492429;0.4158988;0.4204872;0.5918117;474.4;0.1783085;False;6/1/2026 7:12:53 PM:442;1780315973442;;
875;463;0.4557699;0.4295902;0.3689856;0.4947349;473.4;0.1917383;False;6/1/2026 7:12:53 PM:512;1780315973512;;
871;493;0.453676;0.4571504;0.4264244;0.5614479;472.8;0.1958877;False;6/1/2026 7:12:53 PM:574;1780315973574;;
867;513;0.4518897;0.4753094;0.4243588;0.5644869;471.7;0.194034;False;6/1/2026 7:12:53 PM:641;1780315973641;;
861;550;0.4487729;0.5093524;0.4135315;0.6286994;471.9;0.190958;False;6/1/2026 7:12:53 PM:713;1780315973713;;
852;552;0.4441859;0.5118258;0.4011765;0.5596156;470.0;0.1939493;False;6/1/2026 7:12:53 PM:783;1780315973783;;
852;549;0.4439235;0.5090268;0.4401199;0.4850133;470.2;0.1923365;False;6/1/2026 7:12:53 PM:850;1780315973850;;
845;536;0.4405345;0.4969764;0.4013242;0.4305694;471.0;0.1922324;False;6/1/2026 7:12:53 PM:913;1780315973913;;
958;369;0.4992617;0.3418843;0.6022245;0.1129836;470.1;0.1914666;False;6/1/2026 7:12:53 PM:968;1780315973968;;
940;420;0.4899985;0.3891499;0.4251038;0.5509428;471.6;0.1880641;False;6/1/2026 7:12:54 PM:31;1780315974031;;
925;462;0.482255;0.4284032;0.4213687;0.5713533;470.9;0.1827938;False;6/1/2026 7:12:54 PM:103;1780315974103;;
922;471;0.480223;0.4361542;0.4317638;0.5281121;471.6;0.1719295;False;6/1/2026 7:12:54 PM:162;1780315974162;;
915;480;0.4766112;0.4445488;0.4201874;0.5438247;472.8;0.1771445;False;6/1/2026 7:12:54 PM:216;1780315974216;;
897;499;0.4675747;0.4623131;0.3986936;0.581864;474.3;0.09676675;False;6/1/2026 7:12:54 PM:282;1780315974282;;
889;510;0.4632343;0.472632;0.4022359;0.5823893;475.1;0.156237;False;6/1/2026 7:12:54 PM:337;1780315974337;;
886;512;0.4619626;0.4744562;0.433569;0.5195258;476.2;0.1730766;False;6/1/2026 7:12:54 PM:392;1780315974392;;
886;513;0.4618751;0.475466;0.4222435;0.5441253;475.9;0.1727275;False;6/1/2026 7:12:54 PM:457;1780315974457;;
884;512;0.4607481;0.474714;0.4408357;0.4685781;475.6;0.173063;False;6/1/2026 7:12:54 PM:511;1780315974511;;
917;506;0.4777127;0.469276;0.5286262;0.4350823;475.4;0.1969925;False;6/1/2026 7:12:54 PM:571;1780315974571;;
892;564;0.4646876;0.5222325;0.3994027;0.6722248;475.2;0.1917067;False;6/1/2026 7:12:54 PM:638;1780315974638;;
883;570;0.4602291;0.5285848;0.4135662;0.5942132;474.9;0.1917659;False;6/1/2026 7:12:54 PM:713;1780315974713;;
874;586;0.4553241;0.5429288;0.404666;0.6365124;475.3;0.1877174;False;6/1/2026 7:12:54 PM:784;1780315974784;;
865;604;0.4506245;0.5597013;0.400666;0.6573194;475.7;0.1873493;False;6/1/2026 7:12:54 PM:872;1780315974872;;
861;607;0.4487181;0.5625281;0.4039057;0.630369;474.6;0.192635;False;6/1/2026 7:12:54 PM:948;1780315974948;;
859;609;0.4474653;0.5640722;0.4251162;0.5848871;474.6;0.186867;False;6/1/2026 7:12:55 PM:27;1780315975027;;
857;609;0.4467781;0.5648132;0.4250862;0.5784712;476.6;0.1869494;False;6/1/2026 7:12:55 PM:88;1780315975088;;
855;611;0.4458317;0.5661741;0.4109792;0.6130109;476.6;0.1929449;False;6/1/2026 7:12:55 PM:156;1780315975156;;
850;622;0.4430829;0.5768278;0.4010989;0.657502;476.5;0.1867631;False;6/1/2026 7:12:55 PM:244;1780315975244;;
846;634;0.4407181;0.5876836;0.3976779;0.6754073;476.5;0.1925716;False;6/1/2026 7:12:55 PM:327;1780315975327;;
839;642;0.4372304;0.594834;0.3875764;0.6803131;476.3;0.1916341;False;6/1/2026 7:12:55 PM:398;1780315975398;;
837;633;0.4362954;0.5867584;0.4293886;0.5553187;477.0;0.1893855;False;6/1/2026 7:12:55 PM:497;1780315975497;;
833;639;0.4341893;0.5917885;0.3955092;0.6563668;478.0;0.185658;False;6/1/2026 7:12:55 PM:559;1780315975559;;
832;641;0.4336553;0.5940753;0.402871;0.6463754;478.0;0.1955402;False;6/1/2026 7:12:55 PM:634;1780315975634;;
831;641;0.4331495;0.5942008;0.4136278;0.6343442;478.6;0.190744;False;6/1/2026 7:12:55 PM:694;1780315975694;;
828;645;0.4317396;0.5973804;0.3979462;0.6563289;478.4;0.1955334;False;6/1/2026 7:12:55 PM:775;1780315975775;;
828;646;0.431436;0.5984215;0.4078873;0.6504775;478.9;0.1925197;False;6/1/2026 7:12:55 PM:847;1780315975847;;
827;647;0.4310952;0.5993712;0.4094688;0.6303116;480.2;0.1946905;False;6/1/2026 7:12:55 PM:923;1780315975923;;
824;655;0.4296398;0.6066833;0.395193;0.6853563;479.6;0.1780982;False;6/1/2026 7:12:55 PM:991;1780315975991;;
824;650;0.4293136;0.6026558;0.4003698;0.5767869;479.5;0.09222084;False;6/1/2026 7:12:56 PM:58;1780315976058;;
823;648;0.4289485;0.6008089;0.3989635;0.5810529;479.4;0.09236642;False;6/1/2026 7:12:56 PM:120;1780315976120;;
818;649;0.4265245;0.601091;0.3851901;0.6228415;481.2;0.1410419;False;6/1/2026 7:12:56 PM:188;1780315976188;;
818;639;0.4261961;0.5924557;0.4218897;0.5329475;480.7;0.1717232;False;6/1/2026 7:12:56 PM:241;1780315976241;;
817;635;0.425943;0.5884126;0.4217963;0.5454134;480.6;0.1740691;False;6/1/2026 7:12:56 PM:298;1780315976298;;
816;636;0.4250873;0.5892198;0.3993205;0.6058856;478.8;0.1667299;False;6/1/2026 7:12:56 PM:371;1780315976371;;
816;632;0.4251021;0.585947;0.4253306;0.5456792;480.4;0.1777014;False;6/1/2026 7:12:56 PM:429;1780315976429;;
816;632;0.4250471;0.5859312;0.4096555;0.5845903;478.9;0.1710348;False;6/1/2026 7:12:56 PM:488;1780315976488;;
813;633;0.4235751;0.586606;0.3961262;0.6014886;479.6;0.1678483;False;6/1/2026 7:12:56 PM:560;1780315976560;;
812;631;0.4233589;0.5848471;0.4104229;0.5565772;477.8;0.1753934;False;6/1/2026 7:12:56 PM:627;1780315976627;;
812;631;0.4231499;0.5846741;0.4120439;0.57172;477.3;0.1724871;False;6/1/2026 7:12:56 PM:704;1780315976704;;
812;631;0.4230936;0.5846876;0.4079504;0.5853388;478.4;0.1722382;False;6/1/2026 7:12:56 PM:775;1780315976775;;
812;630;0.4231535;0.5840553;0.4241723;0.5639702;478.8;0.1696218;False;6/1/2026 7:12:56 PM:847;1780315976847;;
812;631;0.4230677;0.5843104;0.4165642;0.5909574;479.2;0.1759732;False;6/1/2026 7:12:56 PM:926;1780315976926;;
812;630;0.423019;0.5841234;0.416357;0.5722054;479.4;0.1786935;False;6/1/2026 7:12:56 PM:994;1780315976994;;
831;524;0.4331166;0.4856842;0.4791133;0.3008095;480.0;0.1799317;False;6/1/2026 7:12:57 PM:57;1780315977057;;
835;510;0.4349996;0.4722411;0.4586487;0.3970994;480.5;0.1798658;False;6/1/2026 7:12:57 PM:112;1780315977112;;
837;497;0.4359781;0.4602445;0.4537413;0.3924281;481.3;0.1740827;False;6/1/2026 7:12:57 PM:188;1780315977188;;
850;426;0.4430944;0.3947847;0.4892205;0.234687;481.7;0.1724887;False;6/1/2026 7:12:57 PM:252;1780315977252;;
850;438;0.4427118;0.4058051;0.4374469;0.46962;482.5;0.1740926;False;6/1/2026 7:12:57 PM:322;1780315977322;;
848;455;0.4419109;0.4222133;0.4314697;0.5036879;482.9;0.1774921;False;6/1/2026 7:12:57 PM:397;1780315977397;;
848;463;0.4416883;0.4288262;0.4351435;0.4933424;485.1;0.1714212;False;6/1/2026 7:12:57 PM:462;1780315977462;;
848;453;0.4420633;0.4203252;0.4522103;0.3709041;487.2;0.1690275;False;6/1/2026 7:12:57 PM:529;1780315977529;;
844;481;0.4397038;0.4459677;0.4173577;0.5482153;487.8;0.1709946;False;6/1/2026 7:12:57 PM:603;1780315977603;;
844;481;0.4397743;0.4462091;0.4412135;0.448493;489.1;0.1559986;False;6/1/2026 7:12:58 PM:122;1780315978122;;
837;513;0.4360088;0.4758928;0.4127108;0.5598199;489.9;0.1694943;False;6/1/2026 7:12:58 PM:273;1780315978273;;
831;534;0.4329;0.4947274;0.4026217;0.588851;496.2;0.1708255;False;6/1/2026 7:12:58 PM:360;1780315978360;;
828;545;0.4314101;0.5048693;0.4061286;0.582586;502.6;0.1748206;False;6/1/2026 7:12:58 PM:465;1780315978465;;
825;549;0.4298771;0.5084713;0.4000548;0.5777128;509.4;0.1758198;False;6/1/2026 7:12:58 PM:538;1780315978538;;
820;568;0.4271052;0.5260945;0.3918325;0.6289107;516.3;0.1749001;False;6/1/2026 7:12:58 PM:632;1780315978632;;
817;578;0.4255334;0.5353538;0.3911459;0.6305468;519.2;0.1734634;False;6/1/2026 7:12:58 PM:709;1780315978709;;
816;580;0.4255101;0.5377265;0.39895;0.612412;521.1;0.1771498;False;6/1/2026 7:12:58 PM:811;1780315978811;;
815;582;0.4248955;0.5393737;0.4075266;0.5917881;521.0;0.1709719;False;6/1/2026 7:12:58 PM:892;1780315978892;;
814;584;0.4243823;0.541567;0.4168216;0.5674272;525.7;0.08193357;False;6/1/2026 7:12:58 PM:986;1780315978986;;
814;590;0.4242724;0.5467291;0.4091546;0.6197209;528.6;0.1158205;False;6/1/2026 7:12:59 PM:65;1780315979065;;
812;598;0.4230998;0.5541279;0.3972431;0.6366854;529.1;0.1290968;False;6/1/2026 7:12:59 PM:149;1780315979149;;
811;604;0.4224378;0.5601545;0.3979122;0.6428023;531.8;0.1240997;False;6/1/2026 7:12:59 PM:232;1780315979232;;
810;606;0.4220548;0.5614849;0.413471;0.6101325;533.4;0.1338858;False;6/1/2026 7:12:59 PM:308;1780315979308;;
810;611;0.4219036;0.5658557;0.4037788;0.6434987;534.8;0.118891;False;6/1/2026 7:12:59 PM:386;1780315979386;;
809;612;0.4217742;0.5673574;0.4068145;0.6150142;535.4;0.122838;False;6/1/2026 7:12:59 PM:487;1780315979487;;
800;626;0.4169244;0.5803359;0.3822115;0.6670461;535.4;0.1158463;False;6/1/2026 7:12:59 PM:638;1780315979638;;
737;626;0.3843738;0.5804737;0.3012016;0.6447482;535.9;0.1256341;False;6/1/2026 7:12:59 PM:724;1780315979724;;
555;626;0.2894175;0.5803893;0.16507;0.5797916;534.3;0.1286376;False;6/1/2026 7:12:59 PM:800;1780315979800;;
456;627;0.2379802;0.5807076;0.1500838;0.6201406;533.4;0.1356083;False;6/1/2026 7:12:59 PM:876;1780315979876;;
486;627;0.2533564;0.580982;0.3132931;0.6195515;530.4;0.1249075;False;6/1/2026 7:12:59 PM:957;1780315979957;;
488;633;0.254545;0.5863199;0.2818898;0.6550658;528.9;0.1281858;False;6/1/2026 7:13:00 PM:38;1780315980038;;
490;637;0.2555291;0.5903527;0.2844434;0.661254;525.6;0.1175591;False;6/1/2026 7:13:00 PM:104;1780315980104;;
490;642;0.2556154;0.5946213;0.278428;0.6649961;524.8;0.1162517;False;6/1/2026 7:13:00 PM:198;1780315980198;;
492;654;0.2567085;0.6061681;0.2878148;0.7072961;523.3;0.1050371;False;6/1/2026 7:13:00 PM:263;1780315980263;;
503;661;0.2623964;0.6124094;0.3100516;0.6982931;518.6;0.1858591;False;6/1/2026 7:13:00 PM:346;1780315980346;;
691;672;0.3602683;0.6230351;0.4935546;0.7272872;511.6;0.185852;False;6/1/2026 7:13:00 PM:414;1780315980414;;
843;668;0.4395656;0.6185285;0.5466751;0.5965309;505.9;0.1802;False;6/1/2026 7:13:00 PM:486;1780315980486;;
948;668;0.4941485;0.6190439;0.572109;0.6245414;500.9;0.1959139;False;6/1/2026 7:13:00 PM:578;1780315980578;;
1064;597;0.554657;0.5532669;0.6441658;0.4213398;496.8;0.190736;False;6/1/2026 7:13:00 PM:653;1780315980653;;
1033;597;0.5380771;0.5527788;0.4668297;0.5453082;495.6;0.1870412;False;6/1/2026 7:13:00 PM:728;1780315980728;;
1094;574;0.5701798;0.5319794;0.6376377;0.4469025;493.5;0.1812264;False;6/1/2026 7:13:00 PM:798;1780315980798;;
1108;568;0.5774859;0.5267667;0.6088282;0.4786451;491.6;0.1810004;False;6/1/2026 7:13:00 PM:870;1780315980870;;
1055;568;0.5495387;0.5267705;0.4704357;0.5269055;488.9;0.183969;False;6/1/2026 7:13:00 PM:940;1780315980940;;
1054;542;0.5494715;0.5025161;0.5477464;0.4005816;488.4;0.1824328;False;6/1/2026 7:13:01 PM:8;1780315981008;;
1053;542;0.5489442;0.5024064;0.5324659;0.4995845;485.6;0.177745;False;6/1/2026 7:13:01 PM:88;1780315981088;;
951;595;0.4954432;0.5512179;0.4024429;0.6659955;483.7;0.1809869;False;6/1/2026 7:13:01 PM:174;1780315981174;;
971;551;0.5057828;0.5103803;0.550485;0.3913555;482.0;0.1808515;False;6/1/2026 7:13:01 PM:248;1780315981248;;
972;561;0.5064917;0.5195139;0.5206373;0.5720268;481.5;0.1840994;False;6/1/2026 7:13:01 PM:337;1780315981337;;
999;548;0.5205899;0.5077378;0.5785229;0.4414103;479.7;0.1820217;False;6/1/2026 7:13:01 PM:407;1780315981407;;
1019;470;0.5309875;0.4356582;0.5815441;0.2914644;478.6;0.1909745;False;6/1/2026 7:13:01 PM:495;1780315981495;;
1025;470;0.534371;0.435608;0.5724806;0.4305041;476.8;0.1868116;False;6/1/2026 7:13:01 PM:573;1780315981573;;
1122;422;0.5847529;0.3909866;0.6804559;0.2721399;475.4;0.1878204;False;6/1/2026 7:13:01 PM:661;1780315981661;;
1115;413;0.5810691;0.3830813;0.5587143;0.3173168;475.1;0.183529;False;6/1/2026 7:13:01 PM:735;1780315981735;;
1139;332;0.5934805;0.3079668;0.6456372;0.1494262;472.5;0.1803467;False;6/1/2026 7:13:01 PM:818;1780315981818;;
1131;336;0.5891368;0.311776;0.5638016;0.3419793;471.3;0.1777181;False;6/1/2026 7:13:01 PM:895;1780315981895;;
981;503;0.5111959;0.4663405;0.4116892;0.6500985;469.9;0.1652874;False;6/1/2026 7:13:01 PM:982;1780315981982;;
981;628;0.5113297;0.5818456;0.5299108;0.7402404;468.2;0.1557661;False;6/1/2026 7:13:02 PM:66;1780315982066;;
910;659;0.4742371;0.6105357;0.4056201;0.6869484;467.7;0.1529521;False;6/1/2026 7:13:02 PM:157;1780315982157;;
952;664;0.4960014;0.6156987;0.5666393;0.6540696;469.6;0.1523728;False;6/1/2026 7:13:02 PM:228;1780315982228;;
879;669;0.4582793;0.6197313;0.4051298;0.6475402;470.1;0.177805;False;6/1/2026 7:13:02 PM:432;1780315982432;;
869;665;0.4527036;0.6163957;0.4222563;0.5924422;470.1;0.1758393;False;6/1/2026 7:13:02 PM:610;1780315982610;;
863;665;0.4499383;0.6163692;0.4191594;0.6135935;471.2;0.1825838;False;6/1/2026 7:13:02 PM:737;1780315982737;;
874;535;0.455387;0.495411;0.4788431;0.3296888;472.8;0.1761006;False;6/1/2026 7:13:02 PM:835;1780315982835;;
869;540;0.4530477;0.5007705;0.4275166;0.5484084;473.4;0.1805574;False;6/1/2026 7:13:02 PM:931;1780315982931;;
874;503;0.4553531;0.4658336;0.472716;0.366632;473.1;0.1785349;False;6/1/2026 7:13:03 PM:11;1780315983011;;
871;508;0.4537349;0.4708588;0.4340678;0.5129858;474.5;0.1730604;False;6/1/2026 7:13:03 PM:116;1780315983116;;
871;506;0.4536533;0.4689327;0.4466373;0.4492687;474.9;0.1762874;False;6/1/2026 7:13:03 PM:215;1780315983215;;
866;522;0.4512192;0.4833378;0.4243914;0.5547378;474.4;0.1723558;False;6/1/2026 7:13:03 PM:305;1780315983305;;
877;455;0.4570377;0.4219596;0.4854949;0.2971901;476.0;0.1754343;False;6/1/2026 7:13:03 PM:393;1780315983393;;
874;458;0.4555285;0.4245161;0.4368362;0.4587445;479.4;0.1664088;False;6/1/2026 7:13:03 PM:487;1780315983487;;
865;506;0.4508382;0.4690689;0.4182363;0.5836652;481.9;0.1776907;False;6/1/2026 7:13:03 PM:593;1780315983593;;
857;527;0.4467706;0.4886897;0.4118495;0.5785992;484.8;0.1758446;False;6/1/2026 7:13:03 PM:697;1780315983697;;
857;530;0.446755;0.4916392;0.4264598;0.5487936;486.6;0.1750123;False;6/1/2026 7:13:03 PM:801;1780315983801;;
857;538;0.4463659;0.4984401;0.4229341;0.5729139;487.9;0.1851327;False;6/1/2026 7:13:03 PM:896;1780315983896;;
857;538;0.4464746;0.4985875;0.4475687;0.5514948;489.0;0.1749021;False;6/1/2026 7:13:03 PM:988;1780315983988;;
850;547;0.4429347;0.5068147;0.4098084;0.5897425;490.5;0.17908;False;6/1/2026 7:13:04 PM:83;1780315984083;;
850;548;0.442793;0.5081423;0.4264699;0.5531918;492.4;0.1769707;False;6/1/2026 7:13:04 PM:169;1780315984169;;
852;538;0.4442049;0.4987876;0.4543713;0.4631013;492.0;0.1921974;False;6/1/2026 7:13:04 PM:270;1780315984270;;
852;535;0.4441838;0.4961747;0.4435192;0.4749147;492.9;0.1808027;False;6/1/2026 7:13:04 PM:368;1780315984368;;
850;539;0.4432111;0.499685;0.4269395;0.5381659;494.0;0.1754076;False;6/1/2026 7:13:04 PM:472;1780315984472;;
849;544;0.4424995;0.5045483;0.4251741;0.5558997;493.8;0.1813311;False;6/1/2026 7:13:04 PM:565;1780315984565;;
880;563;0.4586173;0.5213771;0.5041543;0.6053728;493.3;0.1772625;False;6/1/2026 7:13:04 PM:671;1780315984671;;
887;547;0.4624816;0.5066917;0.4906555;0.4531169;494.4;0.1767054;False;6/1/2026 7:13:04 PM:765;1780315984765;;
873;564;0.4551046;0.522871;0.4231843;0.5995426;496.2;0.1875026;False;6/1/2026 7:13:04 PM:869;1780315984869;;
873;580;0.4550236;0.5375445;0.4494144;0.6211033;495.7;0.1833294;False;6/1/2026 7:13:04 PM:964;1780315984964;;
873;581;0.4550117;0.5380628;0.4540626;0.5822825;494.9;0.1809928;False;6/1/2026 7:13:05 PM:55;1780315985055;;
873;575;0.4547895;0.5328061;0.4462194;0.5033256;493.4;0.1846109;False;6/1/2026 7:13:05 PM:138;1780315985138;;
833;615;0.4339609;0.5700123;0.3861208;0.6606485;494.3;0.1704942;False;6/1/2026 7:13:05 PM:341;1780315985341;;
826;617;0.4304778;0.5716283;0.3989476;0.5861827;495.8;0.06769966;False;6/1/2026 7:13:05 PM:572;1780315985572;;
825;617;0.4298013;0.5718069;0.4107303;0.5989417;496.7;0.1688164;False;6/1/2026 7:13:05 PM:742;1780315985742;;
824;618;0.4292484;0.572225;0.4163137;0.5802618;497.6;0.1730911;False;6/1/2026 7:13:05 PM:858;1780315985858;;
822;633;0.4281646;0.5864466;0.4031843;0.6588202;496.9;0.1882683;False;6/1/2026 7:13:05 PM:975;1780315985975;;
822;633;0.4281988;0.5866871;0.4285209;0.5894439;496.9;0.1861643;False;6/1/2026 7:13:06 PM:92;1780315986092;;
816;645;0.4254731;0.59727;0.3974812;0.6632325;496.5;0.1869385;False;6/1/2026 7:13:06 PM:206;1780315986206;;
813;659;0.4234873;0.6102822;0.3941936;0.691534;495.5;0.1856868;False;6/1/2026 7:13:06 PM:305;1780315986305;;
788;659;0.4108342;0.6108686;0.3514018;0.6588351;494.2;0.1835241;False;6/1/2026 7:13:06 PM:387;1780315986387;;
787;660;0.4100335;0.611222;0.3798108;0.6582096;495.8;0.1561848;False;6/1/2026 7:13:06 PM:482;1780315986482;;
786;661;0.4094908;0.6123184;0.402425;0.6371404;498.9;0.141522;False;6/1/2026 7:13:06 PM:562;1780315986562;;
754;660;0.392954;0.6116371;0.3288668;0.6052795;502.0;0.1447484;False;6/1/2026 7:13:06 PM:648;1780315986648;;
607;645;0.316332;0.5974179;0.2088601;0.538509;504.9;0.1461803;False;6/1/2026 7:13:06 PM:741;1780315986741;;
606;640;0.3156338;0.5933036;0.3001848;0.5573649;506.1;0.1408492;False;6/1/2026 7:13:06 PM:849;1780315986849;;
588;640;0.3064652;0.592968;0.2608836;0.5749522;507.4;0.1395993;False;6/1/2026 7:13:06 PM:942;1780315986942;;
607;644;0.3164919;0.5970947;0.3518033;0.6294559;509.4;0.1330432;False;6/1/2026 7:13:07 PM:38;1780315987038;;
607;649;0.3162745;0.6010572;0.3072532;0.6391382;510.6;0.1352031;False;6/1/2026 7:13:07 PM:132;1780315987132;;
633;680;0.3299464;0.6303859;0.373865;0.7252257;512.7;0.1414731;False;6/1/2026 7:13:07 PM:242;1780315987242;;
649;680;0.3382377;0.6304182;0.3790594;0.6586826;514.5;0.1479234;False;6/1/2026 7:13:07 PM:345;1780315987345;;
655;687;0.3414274;0.6363567;0.373816;0.6960485;515.3;0.1483505;False;6/1/2026 7:13:07 PM:447;1780315987447;;
656;706;0.3417656;0.6540046;0.3558212;0.7487444;513.8;0.1907788;False;6/1/2026 7:13:07 PM:537;1780315987537;;
676;715;0.3523389;0.6622857;0.4027933;0.7399882;511.5;0.1902883;False;6/1/2026 7:13:07 PM:642;1780315987642;;
684;717;0.3563056;0.6640414;0.3976302;0.6908243;509.3;0.1921733;False;6/1/2026 7:13:07 PM:738;1780315987738;;
687;717;0.3580344;0.6642696;0.393761;0.7083072;507.3;0.1907892;False;6/1/2026 7:13:07 PM:856;1780315987856;;
689;715;0.3589042;0.6626503;0.3768587;0.6505051;504.7;0.1815685;False;6/1/2026 7:13:07 PM:939;1780315987939;;
642;701;0.3348497;0.6498131;0.2840311;0.596745;501.6;0.1814266;False;6/1/2026 7:13:08 PM:41;1780315988041;;
614;689;0.3200019;0.6380035;0.2725616;0.5749959;498.8;0.1897136;False;6/1/2026 7:13:08 PM:129;1780315988129;;
625;683;0.3258429;0.633148;0.3584893;0.5853558;495.6;0.1890821;False;6/1/2026 7:13:08 PM:225;1780315988225;;
636;478;0.3317655;0.4426021;0.3698711;0.2345024;492.4;0.1801114;False;6/1/2026 7:13:08 PM:314;1780315988314;;
695;501;0.3621936;0.4643666;0.4363116;0.5615517;490.5;0.1896598;False;6/1/2026 7:13:08 PM:411;1780315988411;;
697;511;0.3633201;0.4731605;0.3900316;0.5513595;488.5;0.1859206;False;6/1/2026 7:13:08 PM:510;1780315988510;;
698;523;0.3637783;0.4847717;0.3714294;0.5745099;487.2;0.1844256;False;6/1/2026 7:13:08 PM:607;1780315988607;;
778;518;0.4052798;0.4801065;0.4957191;0.4560814;486.7;0.1924797;False;6/1/2026 7:13:08 PM:683;1780315988683;;
778;548;0.4053881;0.5078015;0.418945;0.6106136;485.7;0.1828708;False;6/1/2026 7:13:08 PM:795;1780315988795;;
778;600;0.4055783;0.5556974;0.4106975;0.6862946;484.4;0.184011;False;6/1/2026 7:13:08 PM:906;1780315988906;;
766;610;0.3991214;0.5655242;0.3696645;0.650734;483.5;0.1843084;False;6/1/2026 7:13:09 PM:12;1780315989012;;
785;621;0.4093018;0.5759253;0.4501604;0.6680274;482.3;0.187698;False;6/1/2026 7:13:09 PM:113;1780315989113;;
781;624;0.4067773;0.5778212;0.3888814;0.6284989;481.5;0.186324;False;6/1/2026 7:13:09 PM:221;1780315989221;;
817;624;0.4257328;0.5785328;0.479766;0.6316386;480.2;0.1853495;False;6/1/2026 7:13:09 PM:323;1780315989323;;
818;626;0.42652;0.5804977;0.4440491;0.6034632;479.4;0.1818841;False;6/1/2026 7:13:09 PM:432;1780315989432;;
818;626;0.4265061;0.5798042;0.4262668;0.5742696;479.1;0.1802232;False;6/1/2026 7:13:09 PM:531;1780315989531;;
818;631;0.4265341;0.5850171;0.4345217;0.6409652;478.0;0.1876254;False;6/1/2026 7:13:09 PM:623;1780315989623;;
805;632;0.4193044;0.5856323;0.3954453;0.6124953;479.2;0.1671566;False;6/1/2026 7:13:09 PM:913;1780315989913;;
804;628;0.4191712;0.5816388;0.4070345;0.5565946;481.8;0.06308427;False;6/1/2026 7:13:10 PM:22;1780315990022;;
804;628;0.419094;0.5816619;0.4071099;0.5900533;482.2;0.1760655;False;6/1/2026 7:13:10 PM:131;1780315990131;;
806;622;0.4201339;0.5760702;0.4298729;0.5373496;482.3;0.1819557;False;6/1/2026 7:13:10 PM:237;1780315990237;;
787;630;0.4100433;0.5833398;0.3687402;0.6270951;483.2;0.1883054;False;6/1/2026 7:13:10 PM:352;1780315990352;;
866;630;0.4514929;0.58417;0.5195779;0.6067057;484.4;0.1879086;False;6/1/2026 7:13:10 PM:463;1780315990463;;
768;631;0.4000029;0.5848337;0.316923;0.6090108;483.4;0.1790522;False;6/1/2026 7:13:10 PM:567;1780315990567;;
772;636;0.4024487;0.5896592;0.4209314;0.6374246;484.7;0.1900945;False;6/1/2026 7:13:10 PM:687;1780315990687;;
857;640;0.4465745;0.5930858;0.5193607;0.6411318;485.8;0.1886627;False;6/1/2026 7:13:10 PM:814;1780315990814;;
853;640;0.4445968;0.593127;0.429341;0.6283312;487.6;0.1918043;False;6/1/2026 7:13:10 PM:916;1780315990916;;
886;641;0.4618962;0.5938495;0.5153868;0.6063742;488.5;0.1859983;False;6/1/2026 7:13:11 PM:16;1780315991016;;
895;664;0.4665286;0.6154464;0.5003087;0.7057381;488.1;0.1891404;False;6/1/2026 7:13:11 PM:126;1780315991126;;
934;652;0.4866584;0.6037086;0.5480334;0.5605485;489.5;0.1840582;False;6/1/2026 7:13:11 PM:243;1780315991243;;
879;656;0.458105;0.6078166;0.4056699;0.6490548;488.8;0.1929618;False;6/1/2026 7:13:11 PM:362;1780315991362;;
932;656;0.485926;0.6080078;0.5506014;0.6261046;489.1;0.1878783;False;6/1/2026 7:13:11 PM:478;1780315991478;;
866;656;0.4514727;0.6082181;0.3883018;0.6134322;491.3;0.1189895;False;6/1/2026 7:13:11 PM:582;1780315991582;;
844;656;0.4398969;0.6083153;0.3998124;0.6113645;491.0;0.1712101;False;6/1/2026 7:13:11 PM:699;1780315991699;;
838;656;0.4368085;0.6079885;0.4103583;0.6012951;491.5;0.1792826;False;6/1/2026 7:13:11 PM:820;1780315991820;;
835;656;0.4353485;0.6079932;0.4110712;0.6099816;490.6;0.1875811;False;6/1/2026 7:13:11 PM:933;1780315991933;;
833;663;0.4342781;0.6140177;0.4088958;0.6606268;489.4;0.194976;False;6/1/2026 7:13:12 PM:29;1780315992029;;
843;670;0.4394505;0.620747;0.4624772;0.6756414;490.2;0.1926631;False;6/1/2026 7:13:12 PM:130;1780315992130;;
844;674;0.4396001;0.6241512;0.4426816;0.6721236;489.0;0.1931607;False;6/1/2026 7:13:12 PM:243;1780315992243;;
843;658;0.439339;0.6101144;0.4310326;0.5597088;487.1;0.1898605;False;6/1/2026 7:13:12 PM:358;1780315992358;;
842;650;0.438944;0.6020926;0.4277786;0.5560927;488.9;0.1884468;False;6/1/2026 7:13:12 PM:474;1780315992474;;
851;632;0.4432314;0.5859818;0.4683567;0.5100344;489.7;0.1930569;False;6/1/2026 7:13:12 PM:574;1780315992574;;
842;632;0.4389358;0.5856023;0.4126662;0.5670915;491.1;0.1927022;False;6/1/2026 7:13:12 PM:684;1780315992684;;
834;634;0.4346476;0.587839;0.4050407;0.6054088;490.6;0.1869898;False;6/1/2026 7:13:12 PM:807;1780315992807;;
833;631;0.434361;0.5849396;0.4170729;0.550663;489.6;0.1842141;False;6/1/2026 7:13:12 PM:914;1780315992914;;
840;546;0.4379823;0.5064121;0.4572173;0.3664168;488.7;0.1819661;False;6/1/2026 7:13:13 PM:23;1780315993023;;
842;543;0.4385586;0.5028747;0.4474176;0.4585378;488.3;0.1828145;False;6/1/2026 7:13:13 PM:136;1780315993136;;
875;365;0.45602;0.3385676;0.5108941;0.1424088;488.5;0.1819434;False;6/1/2026 7:13:13 PM:231;1780315993231;;
1104;269;0.575141;0.2498942;0.6866246;0.1134213;489.4;0.1879006;False;6/1/2026 7:13:13 PM:337;1780315993337;;
1109;234;0.5778326;0.2174495;0.5925429;0.1257803;490.6;0.1813298;False;6/1/2026 7:13:13 PM:443;1780315993443;;
1118;299;0.5827628;0.2768699;0.6090192;0.3933308;493.4;0.179821;False;6/1/2026 7:13:13 PM:548;1780315993548;;
1110;371;0.5781425;0.343704;0.5514278;0.4676815;496.2;0.187312;False;6/1/2026 7:13:13 PM:663;1780315993663;;
1110;348;0.5782137;0.3230035;0.5798361;0.2527;499.3;0.1978167;False;6/1/2026 7:13:13 PM:774;1780315993774;;
1030;351;0.536492;0.3258497;0.4629215;0.3523759;501.5;0.2018266;False;6/1/2026 7:13:13 PM:889;1780315993889;;
1018;343;0.5305409;0.3181862;0.4947057;0.2720042;502.9;0.2049254;False;6/1/2026 7:13:14 PM:2;1780315994002;;
966;433;0.5033855;0.4011956;0.4346819;0.5323645;501.2;0.2447008;False;6/1/2026 7:13:14 PM:114;1780315994114;;
955;461;0.4974829;0.427104;0.4542442;0.5100278;499.9;0.2226145;False;6/1/2026 7:13:14 PM:226;1780315994226;;
950;453;0.4951848;0.41986;0.4573763;0.3790516;499.2;0.2188211;False;6/1/2026 7:13:14 PM:330;1780315994330;;
946;502;0.4928684;0.4652982;0.4533143;0.5724638;495.1;0.2241743;False;6/1/2026 7:13:14 PM:440;1780315994440;;
953;541;0.4964687;0.5010646;0.5110935;0.6064089;492.4;0.2193749;False;6/1/2026 7:13:14 PM:545;1780315994545;;
1010;532;0.5265465;0.4931857;0.583674;0.4567039;490.6;0.2101271;False;6/1/2026 7:13:14 PM:662;1780315994662;;
1032;534;0.5380183;0.4949406;0.5797542;0.5225812;489.3;0.2093344;False;6/1/2026 7:13:14 PM:772;1780315994772;;
1052;549;0.5479384;0.5090363;0.5902335;0.5771171;488.1;0.2126441;False;6/1/2026 7:13:14 PM:901;1780315994901;;
1194;439;0.6223128;0.4071302;0.7168425;0.2757728;487.8;0.2007853;False;6/1/2026 7:13:15 PM:23;1780315995023;;
1179;453;0.6143988;0.4196867;0.583274;0.487626;485.9;0.2088674;False;6/1/2026 7:13:15 PM:146;1780315995146;;
1178;459;0.6135725;0.4252366;0.599593;0.4837255;485.8;0.1941596;False;6/1/2026 7:13:15 PM:273;1780315995273;;
1163;459;0.6061791;0.425094;0.5690587;0.4239981;483.8;0.2019557;False;6/1/2026 7:13:15 PM:403;1780315995403;;
1145;523;0.5968739;0.4848911;0.5573352;0.5877669;484.0;0.1920207;False;6/1/2026 7:13:15 PM:651;1780315995651;;
1062;529;0.553198;0.490428;0.4729541;0.5583262;484.3;0.1903162;False;6/1/2026 7:13:15 PM:788;1780315995788;;
1000;552;0.5211653;0.5118364;0.4469994;0.6125536;483.2;0.1855706;False;6/1/2026 7:13:15 PM:924;1780315995924;;
966;553;0.5033478;0.5120386;0.4382581;0.5750545;483.2;0.1840484;False;6/1/2026 7:13:16 PM:52;1780315996052;;
705;571;0.3675477;0.5295143;0.2508388;0.6316326;484.5;0.1738982;False;6/1/2026 7:13:16 PM:181;1780315996181;;
628;577;0.3273979;0.534842;0.2625474;0.6197156;486.7;0.173266;False;6/1/2026 7:13:16 PM:326;1780315996326;;
620;579;0.3229405;0.5370002;0.2927436;0.5990092;487.5;0.177486;False;6/1/2026 7:13:16 PM:465;1780315996465;;
601;600;0.3133312;0.5558998;0.2684666;0.6613964;489.6;0.1671;False;6/1/2026 7:13:16 PM:602;1780315996602;;
415;605;0.216216;0.5605329;0.1164804;0.6474975;492.0;0.1668896;False;6/1/2026 7:13:16 PM:742;1780315996742;;
320;608;0.1666925;0.5638356;0.08861607;0.5840216;494.4;0.1632206;False;6/1/2026 7:13:16 PM:867;1780315996867;;
281;610;0.1466088;0.5651084;0.0914249;0.6049111;495.1;0.1639407;False;6/1/2026 7:13:17 PM:6;1780315997006;;
615;610;0.3208317;0.5652521;0.4590576;0.5668046;493.5;0.1843663;False;6/1/2026 7:13:17 PM:79;1780315997079;;
741;558;0.3864137;0.5169783;0.4608101;0.4017562;491.6;0.1986606;False;6/1/2026 7:13:17 PM:153;1780315997153;;
786;559;0.4096303;0.5179389;0.4514155;0.5492395;491.6;0.1910989;False;6/1/2026 7:13:17 PM:225;1780315997225;;
833;492;0.4343144;0.4560639;0.4827974;0.3227727;491.7;0.1961024;False;6/1/2026 7:13:17 PM:298;1780315997298;;
955;437;0.4977269;0.4053712;0.5925781;0.2702828;491.1;0.1875109;False;6/1/2026 7:13:17 PM:358;1780315997358;;
1003;429;0.5224352;0.3980659;0.5811358;0.3419679;490.4;0.1872933;False;6/1/2026 7:13:17 PM:414;1780315997414;;
979;470;0.5101525;0.4355338;0.4374294;0.5495625;489.9;0.1785776;False;6/1/2026 7:13:17 PM:488;1780315997488;;
994;472;0.517966;0.4376542;0.5490657;0.4763717;490.7;0.1935745;False;6/1/2026 7:13:17 PM:543;1780315997543;;
1000;511;0.5212263;0.4733269;0.5406334;0.6039646;490.9;0.187629;False;6/1/2026 7:13:17 PM:600;1780315997600;;
945;536;0.4922824;0.4969909;0.4086131;0.6018184;492.5;0.1157133;False;6/1/2026 7:13:17 PM:671;1780315997671;;
930;537;0.4844042;0.49736;0.432327;0.5177808;495.0;0.07721149;False;6/1/2026 7:13:17 PM:739;1780315997739;;
913;543;0.4758201;0.5028313;0.4194301;0.5659527;498.8;0.1599861;False;6/1/2026 7:13:17 PM:808;1780315997808;;
902;547;0.4701465;0.5067797;0.4193941;0.5669007;499.6;0.1782817;False;6/1/2026 7:13:17 PM:882;1780315997882;;
897;550;0.4672421;0.5092714;0.4216444;0.5672816;500.6;0.1772916;False;6/1/2026 7:13:17 PM:948;1780315997948;;
896;549;0.4671403;0.508597;0.4350309;0.5011122;500.0;0.1761856;False;6/1/2026 7:13:18 PM:4;1780315998004;;
894;549;0.4660462;0.5090273;0.4265666;0.5275806;499.6;0.1776398;False;6/1/2026 7:13:18 PM:68;1780315998068;;
893;542;0.4652295;0.5026546;0.4467326;0.4555843;500.8;0.1913231;False;6/1/2026 7:13:18 PM:122;1780315998122;;
892;544;0.4647488;0.5041824;0.4313133;0.5397363;501.8;0.1908903;False;6/1/2026 7:13:18 PM:177;1780315998177;;
890;547;0.4635961;0.5070669;0.4268829;0.5509772;500.9;0.1894072;False;6/1/2026 7:13:18 PM:258;1780315998258;;
886;555;0.4618919;0.5141869;0.4192049;0.5874454;501.3;0.1949367;False;6/1/2026 7:13:18 PM:312;1780315998312;;
884;560;0.4606277;0.5192453;0.4192053;0.5874469;501.7;0.1949281;False;6/1/2026 7:13:18 PM:370;1780315998370;;
882;558;0.4598376;0.5172852;0.4332653;0.5020375;500.6;0.1892107;False;6/1/2026 7:13:18 PM:453;1780315998453;;
882;558;0.4597029;0.5173993;0.4275923;0.5206028;500.8;0.1864475;False;6/1/2026 7:13:18 PM:520;1780315998520;;
887;558;0.4623658;0.5171036;0.4772687;0.5106632;499.5;0.1867941;False;6/1/2026 7:13:18 PM:588;1780315998588;;
1010;371;0.5261829;0.343558;0.6377848;0.09813344;498.0;0.1800255;False;6/1/2026 7:13:18 PM:639;1780315998639;;
1022;344;0.5324977;0.3187458;0.5598117;0.2442776;496.7;0.1796596;False;6/1/2026 7:13:18 PM:701;1780315998701;;
958;437;0.4994451;0.4046519;0.4118144;0.5884536;496.1;0.1763842;False;6/1/2026 7:13:18 PM:775;1780315998775;;
545;484;0.284312;0.44881;0.1081954;0.5994936;493.7;0.180029;False;6/1/2026 7:13:18 PM:835;1780315998835;;
370;527;0.1929825;0.4882263;0.09737085;0.6297634;493.5;0.1733378;False;6/1/2026 7:13:18 PM:898;1780315998898;;
387;549;0.2016992;0.50895;0.2459113;0.6164435;493.4;0.1759458;False;6/1/2026 7:13:18 PM:971;1780315998971;;
344;560;0.1794054;0.5187657;0.1360301;0.6089167;492.5;0.1735447;False;6/1/2026 7:13:19 PM:36;1780315999036;;
310;564;0.1617719;0.5228702;0.1168065;0.5996686;492.4;0.182432;False;6/1/2026 7:13:19 PM:94;1780315999094;;
310;569;0.1618508;0.5274808;0.1623051;0.6049189;492.8;0.1690369;False;6/1/2026 7:13:19 PM:170;1780315999170;;
269;555;0.140471;0.5146838;0.08215874;0.4605488;492.1;0.1677964;False;6/1/2026 7:13:19 PM:230;1780315999230;;
259;472;0.1349953;0.4371797;0.1060901;0.2848704;491.3;0.1674848;False;6/1/2026 7:13:19 PM:293;1780315999293;;
243;502;0.1270433;0.4649161;0.08976028;0.585439;491.6;0.1635621;False;6/1/2026 7:13:19 PM:365;1780315999365;;
234;514;0.1219382;0.4765808;0.08605506;0.574325;490.6;0.1666264;False;6/1/2026 7:13:19 PM:425;1780315999425;;
232;556;0.1208935;0.5149541;0.1002341;0.6720277;490.1;0.1664285;False;6/1/2026 7:13:19 PM:478;1780315999478;;
306;579;0.1593945;0.536623;0.2397414;0.6524145;488.9;0.1717778;False;6/1/2026 7:13:19 PM:551;1780315999551;;
332;581;0.1733988;0.5380537;0.225086;0.5582858;488.6;0.1740195;False;6/1/2026 7:13:19 PM:622;1780315999622;;
343;581;0.1786804;0.5386391;0.2174368;0.5484557;490.3;0.1655656;False;6/1/2026 7:13:19 PM:679;1780315999679;;
525;587;0.2735263;0.5438554;0.3759566;0.6041055;490.1;0.1623811;False;6/1/2026 7:13:19 PM:787;1780315999787;;
524;584;0.2734344;0.5408078;0.2684878;0.5163206;489.4;0.1767007;False;6/1/2026 7:13:19 PM:844;1780315999844;;
500;584;0.2607471;0.5410445;0.2100859;0.5700479;489.3;0.171849;False;6/1/2026 7:13:19 PM:943;1780315999943;;
391;588;0.2037068;0.5452363;0.09198607;0.6050605;487.8;0.1769588;False;6/1/2026 7:13:20 PM:5;1780316000005;;
625;590;0.3256229;0.5469455;0.4483767;0.594277;488.0;0.1878092;False;6/1/2026 7:13:20 PM:83;1780316000083;;
797;523;0.4154772;0.4848997;0.5239531;0.3487523;487.1;0.1958806;False;6/1/2026 7:13:20 PM:147;1780316000147;;
969;503;0.5048502;0.4664716;0.6056544;0.39165;486.3;0.1943105;False;6/1/2026 7:13:20 PM:212;1780316000212;;
961;500;0.5007649;0.4630592;0.4800783;0.4299894;485.1;0.197567;False;6/1/2026 7:13:20 PM:280;1780316000280;;
959;500;0.4997921;0.4630608;0.4465366;0.465162;485.2;0.2006697;False;6/1/2026 7:13:20 PM:357;1780316000357;;
955;492;0.4974525;0.4564461;0.4790947;0.4033518;486.3;0.1909202;False;6/1/2026 7:13:20 PM:424;1780316000424;;
1009;383;0.5258858;0.355345;0.5875949;0.1683054;487.2;0.1906254;False;6/1/2026 7:13:20 PM:488;1780316000488;;
1024;352;0.5334126;0.3260738;0.5636854;0.2226268;487.6;0.1941031;False;6/1/2026 7:13:20 PM:551;1780316000551;;
1056;339;0.5503197;0.3144946;0.6031862;0.2436459;488.4;0.2010049;False;6/1/2026 7:13:20 PM:617;1780316000617;;
1053;338;0.5488397;0.3137076;0.5231436;0.2871114;489.1;0.1969256;False;6/1/2026 7:13:20 PM:685;1780316000685;;
1023;337;0.5332495;0.3122366;0.4737467;0.2792218;488.9;0.2035141;False;6/1/2026 7:13:20 PM:772;1780316000772;;
957;470;0.4984561;0.4355353;0.4204738;0.5882127;486.8;0.1916633;False;6/1/2026 7:13:20 PM:879;1780316000879;;
938;510;0.4888802;0.4730339;0.4335018;0.5731893;485.4;0.1862184;False;6/1/2026 7:13:20 PM:960;1780316000960;;
938;484;0.4887809;0.4488902;0.4607739;0.3504843;486.2;0.1939573;False;6/1/2026 7:13:21 PM:33;1780316001033;;
936;478;0.4878692;0.4433042;0.4536566;0.3818234;487.8;0.1895483;False;6/1/2026 7:13:21 PM:96;1780316001096;;
939;478;0.4893995;0.4433964;0.4995771;0.4448897;488.4;0.1909562;False;6/1/2026 7:13:21 PM:167;1780316001167;;
926;515;0.4824184;0.4769713;0.4338282;0.5788136;487.9;0.1837217;False;6/1/2026 7:13:21 PM:239;1780316001239;;
923;515;0.4807437;0.4769584;0.4457392;0.4719228;487.0;0.2004863;False;6/1/2026 7:13:21 PM:302;1780316001302;;
922;533;0.4804335;0.4941076;0.4752108;0.5840747;487.1;0.1864027;False;6/1/2026 7:13:21 PM:356;1780316001356;;
922;491;0.4802231;0.4546484;0.4639524;0.3399988;488.3;0.1871282;False;6/1/2026 7:13:21 PM:429;1780316001429;;
907;509;0.4728887;0.4716708;0.422348;0.5521703;487.9;0.1868268;False;6/1/2026 7:13:21 PM:498;1780316001498;;
898;531;0.4680929;0.4918417;0.4230137;0.5816563;487.5;0.1880095;False;6/1/2026 7:13:21 PM:576;1780316001576;;
892;535;0.4647858;0.4959725;0.4213621;0.5495;487.6;0.1866738;False;6/1/2026 7:13:21 PM:651;1780316001651;;
891;536;0.4641279;0.4968138;0.4453787;0.5368705;486.8;0.1949484;False;6/1/2026 7:13:21 PM:710;1780316001710;;
890;534;0.4636402;0.4951757;0.4459125;0.4776161;488.0;0.1895382;False;6/1/2026 7:13:21 PM:769;1780316001769;;
895;476;0.4664159;0.4408579;0.4823302;0.3198664;486.4;0.1992321;False;6/1/2026 7:13:21 PM:849;1780316001849;;
896;476;0.4669726;0.4408581;0.4744061;0.4408706;485.1;0.2007975;False;6/1/2026 7:13:21 PM:920;1780316001920;;
896;478;0.4669572;0.4433381;0.4609315;0.4789866;484.0;0.1980342;False;6/1/2026 7:13:21 PM:993;1780316001993;;
909;405;0.4737692;0.3758888;0.5126833;0.2228728;483.8;0.1995636;False;6/1/2026 7:13:22 PM:53;1780316002053;;
787;367;0.4103577;0.3401082;0.2990921;0.2234433;481.9;0.1952727;False;6/1/2026 7:13:22 PM:111;1780316002111;;
740;463;0.3854488;0.4292825;0.3250428;0.590969;481.1;0.180399;False;6/1/2026 7:13:22 PM:191;1780316002191;;
613;463;0.3193228;0.4288113;0.211345;0.4125676;480.1;0.1863622;False;6/1/2026 7:13:22 PM:252;1780316002252;;
552;462;0.2879547;0.428503;0.2113654;0.4126164;479.2;0.186387;False;6/1/2026 7:13:22 PM:308;1780316002308;;
567;507;0.2956692;0.4701988;0.347654;0.5866765;477.9;0.1805517;False;6/1/2026 7:13:22 PM:382;1780316002382;;
590;389;0.3075929;0.3603343;0.3736058;0.1722017;477.2;0.1891595;False;6/1/2026 7:13:22 PM:446;1780316002446;;
584;446;0.3044158;0.4133211;0.2859048;0.567138;476.7;0.1812398;False;6/1/2026 7:13:22 PM:508;1780316002508;;
572;507;0.2982993;0.4696271;0.2690292;0.6140615;476.7;0.1818646;False;6/1/2026 7:13:22 PM:585;1780316002585;;
446;525;0.2324149;0.4868778;0.1275171;0.584221;477.6;0.1765566;False;6/1/2026 7:13:22 PM:651;1780316002651;;
446;560;0.2325224;0.5186355;0.2540076;0.6459622;478.7;0.182253;False;6/1/2026 7:13:22 PM:718;1780316002718;;
529;563;0.2756737;0.5216188;0.3653897;0.5794328;477.8;0.1877493;False;6/1/2026 7:13:22 PM:805;1780316002805;;
568;563;0.2961596;0.5218853;0.3737577;0.5623544;477.8;0.1864294;False;6/1/2026 7:13:22 PM:864;1780316002864;;
639;568;0.3332905;0.5259955;0.4296526;0.5958421;476.9;0.1948141;False;6/1/2026 7:13:22 PM:926;1780316002926;;
666;588;0.3471344;0.5445738;0.4064421;0.6520538;476.1;0.1946519;False;6/1/2026 7:13:23 PM:1;1780316003001;;
683;595;0.3557957;0.5516828;0.4115509;0.6404824;476.2;0.1842552;False;6/1/2026 7:13:23 PM:64;1780316003064;;
700;596;0.3648283;0.5520553;0.4221115;0.6133462;476.7;0.1825809;False;6/1/2026 7:13:23 PM:132;1780316003132;;
708;597;0.3691616;0.5532028;0.4159179;0.6192533;477.2;0.1825029;False;6/1/2026 7:13:23 PM:206;1780316003206;;
709;604;0.3693859;0.5601077;0.3974133;0.6511484;478.7;0.173967;False;6/1/2026 7:13:23 PM:274;1780316003274;;
709;610;0.3694732;0.565526;0.3982496;0.6526428;479.5;0.1886056;False;6/1/2026 7:13:23 PM:353;1780316003353;;
710;613;0.3701308;0.5684231;0.4031586;0.6487305;479.1;0.1839645;False;6/1/2026 7:13:23 PM:441;1780316003441;;
711;616;0.3703759;0.5709492;0.4021298;0.6530797;479.7;0.186982;False;6/1/2026 7:13:23 PM:517;1780316003517;;
712;618;0.3708591;0.5726238;0.4041683;0.652366;478.7;0.1789626;False;6/1/2026 7:13:23 PM:605;1780316003605;;
713;620;0.3716599;0.5746095;0.4076097;0.6310667;477.8;0.1857817;False;6/1/2026 7:13:23 PM:680;1780316003680;;
714;626;0.3723708;0.579861;0.3971386;0.667004;478.9;0.1735436;False;6/1/2026 7:13:23 PM:765;1780316003765;;
715;626;0.3728169;0.58;0.3968922;0.6498274;479.7;0.1796093;False;6/1/2026 7:13:23 PM:842;1780316003842;;
717;628;0.3735517;0.5817585;0.4052329;0.6376237;481.4;0.1797002;False;6/1/2026 7:13:23 PM:931;1780316003931;;
700;637;0.3650051;0.590509;0.333007;0.6871204;481.7;0.1846821;False;6/1/2026 7:13:24 PM:7;1780316004007;;
701;638;0.3651967;0.5907968;0.3693042;0.6604535;480.8;0.1862099;False;6/1/2026 7:13:24 PM:98;1780316004098;;
683;638;0.3557867;0.59164;0.3155596;0.6534829;482.6;0.1832025;False;6/1/2026 7:13:24 PM:173;1780316004173;;
665;641;0.3468305;0.5940556;0.3067061;0.6332976;484.0;0.1785623;False;6/1/2026 7:13:24 PM:266;1780316004266;;
432;589;0.2252919;0.5453977;0.08871404;0.4329949;484.6;0.1757147;False;6/1/2026 7:13:24 PM:333;1780316004333;;
330;593;0.1723394;0.5496765;0.09410984;0.6143025;484.3;0.1714633;False;6/1/2026 7:13:24 PM:411;1780316004411;;
275;577;0.1435866;0.5345297;0.07951074;0.4716646;484.2;0.1760878;False;6/1/2026 7:13:24 PM:476;1780316004476;;
276;583;0.1439226;0.5405812;0.1478479;0.6048256;483.0;0.1762926;False;6/1/2026 7:13:24 PM:544;1780316004544;;
276;589;0.1440448;0.5458286;0.1627108;0.6082662;482.7;0.1777091;False;6/1/2026 7:13:24 PM:629;1780316004629;;
277;594;0.1444198;0.5504322;0.152887;0.6157884;482.2;0.1673525;False;6/1/2026 7:13:24 PM:710;1780316004710;;
265;628;0.1383251;0.5823137;0.1135516;0.6926281;482.0;0.1683864;False;6/1/2026 7:13:24 PM:834;1780316004834;;
254;629;0.1326559;0.5827407;0.09643874;0.6413996;483.1;0.1726337;False;6/1/2026 7:13:24 PM:903;1780316004903;;
295;646;0.1537718;0.5986312;0.2142193;0.7052537;480.2;0.1905634;False;6/1/2026 7:13:24 PM:981;1780316004981;;
389;647;0.2031043;0.5991924;0.298296;0.6563252;478.2;0.1804944;False;6/1/2026 7:13:25 PM:50;1780316005050;;
516;649;0.2689401;0.6011499;0.3654108;0.6331996;476.6;0.1787424;False;6/1/2026 7:13:25 PM:131;1780316005131;;
548;654;0.2857231;0.6060638;0.336114;0.6794057;475.1;0.1802184;False;6/1/2026 7:13:25 PM:214;1780316005214;;
569;643;0.2966037;0.5954925;0.3447251;0.5491427;475.8;0.178748;False;6/1/2026 7:13:25 PM:281;1780316005281;;
447;640;0.2332115;0.5933319;0.1371561;0.5749755;477.3;0.167505;False;6/1/2026 7:13:25 PM:361;1780316005361;;
371;640;0.1934713;0.5928668;0.1129279;0.5841275;477.0;0.1689841;False;6/1/2026 7:13:25 PM:432;1780316005432;;
324;639;0.168825;0.5920032;0.1075507;0.5769987;478.8;0.1664071;False;6/1/2026 7:13:25 PM:512;1780316005512;;
324;642;0.1688386;0.5944949;0.1714671;0.6260724;477.6;0.1609303;False;6/1/2026 7:13:25 PM:600;1780316005600;;
290;641;0.1515531;0.5942451;0.09086438;0.5871822;478.8;0.1664992;False;6/1/2026 7:13:25 PM:665;1780316005665;;
274;650;0.1428743;0.6023694;0.09803888;0.6624868;477.4;0.1586221;False;6/1/2026 7:13:25 PM:738;1780316005738;;
264;658;0.1375888;0.6100129;0.09849678;0.6735508;477.6;0.1691788;False;6/1/2026 7:13:25 PM:817;1780316005817;;
257;667;0.1342096;0.6180335;0.09766584;0.6889833;477.1;0.1631321;False;6/1/2026 7:13:25 PM:892;1780316005892;;
257;697;0.1338547;0.6456569;0.1101014;0.761735;477.4;0.1658138;False;6/1/2026 7:13:25 PM:967;1780316005967;;
254;697;0.1327899;0.6456904;0.1027638;0.6890697;476.5;0.1650671;False;6/1/2026 7:13:26 PM:35;1780316006035;;
254;704;0.1325286;0.6519923;0.1073735;0.7249007;475.9;0.1637048;False;6/1/2026 7:13:26 PM:121;1780316006121;;
253;762;0.1322064;0.7062041;0.1274391;0.8670304;474.8;0.1561953;False;6/1/2026 7:13:26 PM:189;1780316006189;;
253;803;0.1319714;0.7444096;0.1271418;0.8815278;474.5;0.1699753;False;6/1/2026 7:13:26 PM:262;1780316006262;;
253;827;0.1320662;0.7662041;0.1336333;0.8789616;472.0;0.1606584;False;6/1/2026 7:13:26 PM:340;1780316006340;;
254;864;0.1324502;0.8005803;0.1390782;0.9399174;469.8;0.160922;False;6/1/2026 7:13:26 PM:410;1780316006410;;
271;866;0.1413242;0.8021039;0.1813502;0.8193223;471.2;0.177486;False;6/1/2026 7:13:26 PM:493;1780316006493;;
587;824;0.3062233;0.7635084;0.449304;0.6636216;471.1;0.1596589;False;6/1/2026 7:13:26 PM:566;1780316006566;;
598;836;0.3115166;0.7748075;0.3254815;0.8476589;469.3;0.1804753;False;6/1/2026 7:13:26 PM:662;1780316006662;;
601;836;0.3132729;0.7745282;0.3219274;0.7714447;468.3;0.177356;False;6/1/2026 7:13:26 PM:747;1780316006747;;
473;814;0.2467787;0.7542654;0.1415737;0.681045;468.3;0.1790261;False;6/1/2026 7:13:26 PM:833;1780316006833;;
370;776;0.1931905;0.7186744;0.09513458;0.6074482;467.5;0.1793927;False;6/1/2026 7:13:26 PM:907;1780316006907;;
315;759;0.1644127;0.703701;0.0965882;0.6286709;468.0;0.1739658;False;6/1/2026 7:13:26 PM:998;1780316006998;;
317;751;0.1651592;0.6956308;0.1759834;0.6248066;469.9;0.1719452;False;6/1/2026 7:13:27 PM:69;1780316007069;;
401;764;0.2092227;0.7082729;0.2949684;0.7647416;469.8;0.1711296;False;6/1/2026 7:13:27 PM:145;1780316007145;;
448;790;0.2336224;0.731719;0.302793;0.8223035;467.9;0.1665553;False;6/1/2026 7:13:27 PM:213;1780316007213;;
508;787;0.2649904;0.7292606;0.3386638;0.6988649;467.4;0.1818999;False;6/1/2026 7:13:27 PM:295;1780316007295;;
522;787;0.2723112;0.7292272;0.3120348;0.724588;467.7;0.1703151;False;6/1/2026 7:13:27 PM:385;1780316007385;;
374;768;0.1949547;0.7114874;0.09399852;0.6283269;468.3;0.1692934;False;6/1/2026 7:13:27 PM:464;1780316007464;;
332;766;0.1731241;0.7100775;0.1212424;0.6747475;468.1;0.1725625;False;6/1/2026 7:13:27 PM:549;1780316007549;;
283;735;0.14783;0.6814122;0.08612811;0.5715778;467.9;0.1782272;False;6/1/2026 7:13:27 PM:629;1780316007629;;
261;731;0.1359441;0.6769654;0.09256838;0.6179184;468.7;0.1751678;False;6/1/2026 7:13:27 PM:725;1780316007725;;
246;713;0.1283251;0.6606357;0.08652753;0.5639829;469.6;0.1754438;False;6/1/2026 7:13:27 PM:808;1780316007808;;
243;722;0.1268386;0.6690176;0.1017673;0.7055912;471.0;0.1742336;False;6/1/2026 7:13:27 PM:897;1780316007897;;
342;727;0.1784722;0.6731905;0.2611567;0.7036898;469.9;0.1234341;False;6/1/2026 7:13:27 PM:980;1780316007980;;
342;763;0.1781747;0.7066;0.1698433;0.8013107;469.6;0.1592819;False;6/1/2026 7:13:28 PM:78;1780316008078;;
343;762;0.1787226;0.70603;0.1852313;0.6951012;470.5;0.1670212;False;6/1/2026 7:13:28 PM:162;1780316008162;;
440;762;0.2291933;0.7062601;0.3072076;0.7171578;468.4;0.1654758;False;6/1/2026 7:13:28 PM:267;1780316008267;;
444;762;0.2315189;0.7062323;0.253923;0.7045858;467.8;0.1730281;False;6/1/2026 7:13:28 PM:336;1780316008336;;
476;748;0.2483149;0.6927005;0.3058536;0.6241198;468.0;0.1644766;False;6/1/2026 7:13:28 PM:417;1780316008417;;
477;746;0.248805;0.6912406;0.2654409;0.6606262;467.2;0.165028;False;6/1/2026 7:13:28 PM:498;1780316008498;;
502;741;0.2616687;0.6870355;0.3149185;0.6392604;466.8;0.1618258;False;6/1/2026 7:13:28 PM:591;1780316008591;;
492;738;0.2565154;0.6836044;0.2298307;0.6309298;465.5;0.1583436;False;6/1/2026 7:13:28 PM:664;1780316008664;;
495;734;0.2579188;0.6799987;0.2799219;0.6243826;465.8;0.1677526;False;6/1/2026 7:13:28 PM:747;1780316008747;;
482;733;0.2510735;0.6788909;0.216924;0.6314898;466.5;0.1636338;False;6/1/2026 7:13:28 PM:821;1780316008821;;
482;735;0.25108;0.6814729;0.2524805;0.6991734;468.0;0.1562363;False;6/1/2026 7:13:28 PM:907;1780316008907;;
461;735;0.2405963;0.6812596;0.1967437;0.6753983;468.5;0.1563052;False;6/1/2026 7:13:28 PM:994;1780316008994;;
612;738;0.3187958;0.683787;0.4204986;0.7089316;467.3;0.1666862;False;6/1/2026 7:13:29 PM:76;1780316009076;;
660;738;0.34406;0.6836106;0.4035997;0.6730855;467.4;0.1750284;False;6/1/2026 7:13:29 PM:155;1780316009155;;
660;741;0.3438885;0.6864694;0.3295215;0.7166176;468.5;0.1793494;False;6/1/2026 7:13:29 PM:244;1780316009244;;
690;750;0.3593985;0.694651;0.4089438;0.7533094;468.4;0.1835795;False;6/1/2026 7:13:29 PM:323;1780316009323;;
697;750;0.3633082;0.694736;0.3910562;0.7101957;468.1;0.1805417;False;6/1/2026 7:13:29 PM:406;1780316009406;;
748;724;0.3899312;0.6706969;0.4613397;0.5861372;470.7;0.1903852;False;6/1/2026 7:13:29 PM:485;1780316009485;;
748;724;0.3899788;0.6710073;0.398431;0.6816286;471.6;0.1881824;False;6/1/2026 7:13:29 PM:574;1780316009574;;
719;710;0.3748034;0.6575874;0.3260403;0.5904996;470.4;0.1885745;False;6/1/2026 7:13:29 PM:661;1780316009661;;
730;667;0.3803952;0.6178769;0.4133984;0.5014143;471.0;0.1895191;False;6/1/2026 7:13:29 PM:746;1780316009746;;
791;500;0.4123437;0.4637515;0.489878;0.2599753;469.1;0.1959585;False;6/1/2026 7:13:29 PM:825;1780316009825;;
803;501;0.4182964;0.4639387;0.4558777;0.4690089;469.0;0.1887471;False;6/1/2026 7:13:29 PM:924;1780316009924;;
804;512;0.4189322;0.4748697;0.4405206;0.5392402;468.5;0.1898545;False;6/1/2026 7:13:30 PM:32;1780316010032;;
805;528;0.4195312;0.4891917;0.4424033;0.5693594;468.4;0.1911931;False;6/1/2026 7:13:30 PM:136;1780316010136;;
845;521;0.4406095;0.4832919;0.5096473;0.4518658;467.9;0.1967654;False;6/1/2026 7:13:30 PM:224;1780316010224;;
846;522;0.4410418;0.4834957;0.4462149;0.4911916;466.6;0.1929834;False;6/1/2026 7:13:30 PM:321;1780316010321;;
864;468;0.4502119;0.433553;0.4991969;0.3212031;465.6;0.1830362;False;6/1/2026 7:13:30 PM:415;1780316010415;;
859;468;0.4474153;0.4335;0.4339783;0.4286509;465.1;0.1874083;False;6/1/2026 7:13:30 PM:540;1780316010540;;
856;505;0.4460074;0.4678477;0.4337548;0.5592802;465.9;0.1824673;False;6/1/2026 7:13:30 PM:660;1780316010660;;
984;428;0.5126044;0.3971601;0.6010893;0.2747586;465.3;0.1812251;False;6/1/2026 7:13:30 PM:767;1780316010767;;
993;401;0.5173954;0.3721049;0.5449192;0.2890016;466.2;0.19244;False;6/1/2026 7:13:30 PM:872;1780316010872;;
948;466;0.4940516;0.4320237;0.4350402;0.5527754;466.5;0.1869625;False;6/1/2026 7:13:30 PM:966;1780316010966;;
928;492;0.4838172;0.4556972;0.4376451;0.543465;465.4;0.1853764;False;6/1/2026 7:13:31 PM:52;1780316011052;;
909;518;0.4738197;0.4799723;0.4265856;0.5709513;464.4;0.186421;False;6/1/2026 7:13:31 PM:151;1780316011151;;
906;519;0.4723359;0.4813804;0.4428282;0.5224475;463.6;0.1900302;False;6/1/2026 7:13:31 PM:238;1780316011238;;
918;500;0.4785627;0.4633718;0.504958;0.3987182;463.1;0.1810125;False;6/1/2026 7:13:31 PM:327;1780316011327;;
1012;439;0.527333;0.4073355;0.611034;0.2811642;463.0;0.187286;False;6/1/2026 7:13:31 PM:409;1780316011409;;
974;462;0.5073903;0.4284023;0.4453165;0.5104399;463.6;0.1836243;False;6/1/2026 7:13:31 PM:500;1780316011500;;
920;519;0.4791947;0.4812124;0.4077672;0.6053316;462.2;0.1306084;False;6/1/2026 7:13:31 PM:603;1780316011603;;
897;535;0.4673829;0.4960707;0.4116934;0.5785735;466.5;0.1104726;False;6/1/2026 7:13:31 PM:696;1780316011696;;
896;533;0.4668846;0.4940652;0.4463543;0.4800609;467.0;0.1771837;False;6/1/2026 7:13:31 PM:799;1780316011799;;
914;519;0.4762534;0.4814365;0.5091031;0.4234917;467.5;0.1844669;False;6/1/2026 7:13:31 PM:888;1780316011888;;
922;455;0.4806401;0.4217138;0.5059141;0.2938012;467.7;0.1854429;False;6/1/2026 7:13:31 PM:980;1780316011980;;
919;478;0.4791344;0.4428838;0.4617183;0.5211344;467.1;0.1868758;False;6/1/2026 7:13:32 PM:71;1780316012071;;
1061;396;0.5529531;0.3674121;0.6567916;0.2192397;468.8;0.1922088;False;6/1/2026 7:13:32 PM:147;1780316012147;;
983;462;0.5120298;0.4282213;0.4282627;0.5569352;468.6;0.1802722;False;6/1/2026 7:13:32 PM:247;1780316012247;;
954;488;0.4969278;0.4522519;0.4371314;0.5462012;467.6;0.1869231;False;6/1/2026 7:13:32 PM:344;1780316012344;;
918;527;0.4782877;0.4881361;0.4099022;0.6063403;466.8;0.1810757;False;6/1/2026 7:13:32 PM:435;1780316012435;;
893;565;0.4655818;0.5234913;0.405094;0.6409433;467.1;0.184764;False;6/1/2026 7:13:32 PM:538;1780316012538;;
891;560;0.4644367;0.5186571;0.4498875;0.4936078;466.7;0.1879888;False;6/1/2026 7:13:32 PM:627;1780316012627;;
890;554;0.4637242;0.5132616;0.4535108;0.4803936;468.4;0.1894398;False;6/1/2026 7:13:32 PM:722;1780316012722;;
886;564;0.461498;0.5225433;0.4301483;0.5783721;468.1;0.1816338;False;6/1/2026 7:13:32 PM:839;1780316012839;;
884;565;0.4609187;0.5233318;0.4337937;0.5541801;466.7;0.1865222;False;6/1/2026 7:13:32 PM:942;1780316012942;;
763;569;0.3975632;0.5276722;0.2947868;0.5813553;466.9;0.1889482;False;6/1/2026 7:13:33 PM:32;1780316013032;;
736;573;0.3837213;0.5311195;0.3299151;0.5847971;466.6;0.1818232;False;6/1/2026 7:13:33 PM:131;1780316013131;;
653;515;0.3402868;0.4774681;0.2556054;0.3742477;465.2;0.1755186;False;6/1/2026 7:13:33 PM:234;1780316013234;;
619;515;0.322698;0.4775097;0.2589272;0.492323;464.0;0.1829923;False;6/1/2026 7:13:33 PM:324;1780316013324;;
463;554;0.2412697;0.5130916;0.1347941;0.6198534;463.4;0.1775439;False;6/1/2026 7:13:33 PM:424;1780316013424;;
362;566;0.1890027;0.5249267;0.09589948;0.6061606;463.5;0.173431;False;6/1/2026 7:13:33 PM:504;1780316013504;;
323;594;0.1685118;0.5503718;0.1113718;0.6559682;463.2;0.1720771;False;6/1/2026 7:13:33 PM:602;1780316013602;;
310;595;0.1618678;0.5512781;0.118342;0.5867039;463.1;0.1723457;False;6/1/2026 7:13:33 PM:673;1780316013673;;
309;600;0.1612949;0.5559953;0.1404662;0.6235504;463.3;0.1709243;False;6/1/2026 7:13:33 PM:762;1780316013762;;
293;614;0.1529107;0.5692655;0.1016636;0.6678302;463.5;0.1673044;False;6/1/2026 7:13:33 PM:835;1780316013835;;
320;616;0.1667953;0.570598;0.2094902;0.6338484;463.8;0.1695052;False;6/1/2026 7:13:33 PM:918;1780316013918;;
327;617;0.1706122;0.5721064;0.1951009;0.612253;463.4;0.1644108;False;6/1/2026 7:13:34 PM:2;1780316014002;;
324;618;0.1691204;0.572707;0.1508056;0.5786639;464.3;0.1716865;False;6/1/2026 7:13:34 PM:83;1780316014083;;
321;619;0.167525;0.5732872;0.1452017;0.5853567;464.9;0.1684054;False;6/1/2026 7:13:34 PM:155;1780316014155;;
321;564;0.1675106;0.5230502;0.1578999;0.4086216;465.0;0.17232;False;6/1/2026 7:13:34 PM:236;1780316014236;;
480;435;0.2502424;0.4032436;0.3501374;0.2377335;464.1;0.1990941;False;6/1/2026 7:13:34 PM:324;1780316014324;;
477;446;0.2486139;0.4138098;0.215731;0.486825;462.8;0.1974058;False;6/1/2026 7:13:34 PM:418;1780316014418;;
486;442;0.2536385;0.409927;0.2770417;0.3838257;462.8;0.1997776;False;6/1/2026 7:13:34 PM:496;1780316014496;;
500;386;0.2605035;0.3579249;0.289491;0.2503848;460.5;0.2072903;False;6/1/2026 7:13:34 PM:601;1780316014601;;
593;288;0.3091595;0.2667027;0.3940365;0.1122222;459.5;0.199896;False;6/1/2026 7:13:34 PM:688;1780316014688;;
628;263;0.3275819;0.2435801;0.3815276;0.1618048;459.5;0.1931931;False;6/1/2026 7:13:34 PM:786;1780316014786;;
622;371;0.3242369;0.3438556;0.3023977;0.4918259;459.4;0.1951506;False;6/1/2026 7:13:34 PM:883;1780316014883;;
626;613;0.3262743;0.5680721;0.3457973;0.7674881;458.3;0.1806015;False;6/1/2026 7:13:34 PM:980;1780316014980;;
668;715;0.3480903;0.6625462;0.4081756;0.7847303;456.5;0.1887023;False;6/1/2026 7:13:35 PM:83;1780316015083;;
692;740;0.3604188;0.6854461;0.4131598;0.7492266;459.1;0.1947311;False;6/1/2026 7:13:35 PM:179;1780316015179;;
713;744;0.3717352;0.6891496;0.4299995;0.7182772;461.4;0.1915509;False;6/1/2026 7:13:35 PM:256;1780316015256;;
716;749;0.373337;0.694333;0.4088691;0.7369735;461.7;0.1917658;False;6/1/2026 7:13:35 PM:329;1780316015329;;
787;742;0.4101941;0.687082;0.508805;0.6312408;463.8;0.189226;False;6/1/2026 7:13:35 PM:392;1780316015392;;
788;738;0.4108915;0.6834844;0.4387186;0.6385125;464.1;0.1891395;False;6/1/2026 7:13:35 PM:458;1780316015458;;
625;674;0.3260249;0.6245263;0.2088233;0.4641379;464.2;0.1886632;False;6/1/2026 7:13:35 PM:515;1780316015515;;
